   0.0000000e+00   1.0917556e+01   1.0600694e+01
   5.0000000e-03   1.0980512e+01   1.1140330e+01
   1.0000000e-02   1.1045073e+01   1.1384733e+01
   1.5000000e-02   1.1111144e+01   1.1571828e+01
   2.0000000e-02   1.1178625e+01   1.1782118e+01
   2.5000000e-02   1.1247411e+01   1.1169534e+01
   3.0000000e-02   1.1317393e+01   1.0624662e+01
   3.5000000e-02   1.1388458e+01   1.0498394e+01
   4.0000000e-02   1.1460489e+01   1.1023683e+01
   4.5000000e-02   1.1533367e+01   1.2015925e+01
   5.0000000e-02   1.1606970e+01   1.2141865e+01
   5.5000000e-02   1.1681176e+01   1.1907108e+01
   6.0000000e-02   1.1755861e+01   1.2431314e+01
   6.5000000e-02   1.1830902e+01   1.1635187e+01
   7.0000000e-02   1.1906175e+01   1.1578320e+01
   7.5000000e-02   1.1981558e+01   1.1312270e+01
   8.0000000e-02   1.2056929e+01   1.1631536e+01
   8.5000000e-02   1.2132170e+01   1.1821289e+01
   9.0000000e-02   1.2207163e+01   1.2234466e+01
   9.5000000e-02   1.2281794e+01   1.2555029e+01
   1.0000000e-01   1.2355950e+01   1.3340063e+01
   1.0500000e-01   1.2429522e+01   1.2182567e+01
   1.1000000e-01   1.2502404e+01   1.2664490e+01
   1.1500000e-01   1.2574492e+01   1.2063598e+01
   1.2000000e-01   1.2645689e+01   1.2284463e+01
   1.2500000e-01   1.2715897e+01   1.2620947e+01
   1.3000000e-01   1.2774424e+01   1.2376329e+01
   1.3500000e-01   1.2831748e+01   1.3323344e+01
   1.4000000e-01   1.2887795e+01   1.3315258e+01
   1.4500000e-01   1.2942496e+01   1.3115217e+01
   1.5000000e-01   1.2995783e+01   1.3142315e+01
   1.5500000e-01   1.3047594e+01   1.2826006e+01
   1.6000000e-01   1.3097869e+01   1.2722449e+01
   1.6500000e-01   1.3146552e+01   1.2767317e+01
   1.7000000e-01   1.3193589e+01   1.2849321e+01
   1.7500000e-01   1.3238929e+01   1.3504241e+01
   1.8000000e-01   1.3282527e+01   1.3744730e+01
   1.8500000e-01   1.3324339e+01   1.4142622e+01
   1.9000000e-01   1.3364323e+01   1.4084766e+01
   1.9500000e-01   1.3402445e+01   1.3326859e+01
   2.0000000e-01   1.3438672e+01   1.3075629e+01
   2.0500000e-01   1.3472973e+01   1.3252545e+01
   2.1000000e-01   1.3505321e+01   1.3573981e+01
   2.1500000e-01   1.3535694e+01   1.3690680e+01
   2.2000000e-01   1.3564072e+01   1.3747903e+01
   2.2500000e-01   1.3590436e+01   1.4088854e+01
   2.3000000e-01   1.3614774e+01   1.4501429e+01
   2.3500000e-01   1.3637072e+01   1.3637472e+01
   2.4000000e-01   1.3657323e+01   1.3533171e+01
   2.4500000e-01   1.3675518e+01   1.3102500e+01
   2.5000000e-01   1.3691654e+01   1.3540921e+01
   2.5500000e-01   1.3705732e+01   1.3018069e+01
   2.6000000e-01   1.3717877e+01   1.3524910e+01
   2.6500000e-01   1.3728088e+01   1.4024244e+01
   2.7000000e-01   1.3736363e+01   1.4303201e+01
   2.7500000e-01   1.3742705e+01   1.4088963e+01
   2.8000000e-01   1.3747117e+01   1.3677110e+01
   2.8500000e-01   1.3749605e+01   1.3497436e+01
   2.9000000e-01   1.3750178e+01   1.3230582e+01
   2.9500000e-01   1.3748846e+01   1.2964601e+01
   3.0000000e-01   1.3745625e+01   1.3117177e+01
   3.0500000e-01   1.3740530e+01   1.3838561e+01
   3.1000000e-01   1.3733581e+01   1.4271709e+01
   3.1500000e-01   1.3724798e+01   1.4357985e+01
   3.2000000e-01   1.3714205e+01   1.4099428e+01
   3.2500000e-01   1.3701828e+01   1.3623430e+01
   3.3000000e-01   1.3687693e+01   1.3005078e+01
   3.3500000e-01   1.3671832e+01   1.2939378e+01
   3.4000000e-01   1.3654277e+01   1.3046551e+01
   3.4500000e-01   1.3635062e+01   1.3362106e+01
   3.5000000e-01   1.3614228e+01   1.3829514e+01
   3.5500000e-01   1.3591813e+01   1.4077368e+01
   3.6000000e-01   1.3567864e+01   1.4263627e+01
   3.6500000e-01   1.3542427e+01   1.3933994e+01
   3.7000000e-01   1.3515552e+01   1.3133893e+01
   3.7500000e-01   1.3487291e+01   1.3327939e+01
   3.8000000e-01   1.3457698e+01   1.2687696e+01
   3.8500000e-01   1.3426830e+01   1.2911062e+01
   3.9000000e-01   1.3394745e+01   1.3113729e+01
   3.9500000e-01   1.3361502e+01   1.3770543e+01
   4.0000000e-01   1.3327163e+01   1.3357964e+01
   4.0500000e-01   1.3291789e+01   1.3894460e+01
   4.1000000e-01   1.3255446e+01   1.3277153e+01
   4.1500000e-01   1.3218200e+01   1.2856346e+01
   4.2000000e-01   1.3180120e+01   1.2416081e+01
   4.2500000e-01   1.3141275e+01   1.2430027e+01
   4.3000000e-01   1.3101738e+01   1.2464963e+01
   4.3500000e-01   1.3061582e+01   1.2840096e+01
   4.4000000e-01   1.3020883e+01   1.3646078e+01
   4.4500000e-01   1.2979716e+01   1.3418616e+01
   4.5000000e-01   1.2938157e+01   1.3065805e+01
   4.5500000e-01   1.2896283e+01   1.3289201e+01
   4.6000000e-01   1.2854174e+01   1.2753507e+01
   4.6500000e-01   1.2811906e+01   1.2425300e+01
   4.7000000e-01   1.2769559e+01   1.2156698e+01
   4.7500000e-01   1.2727211e+01   1.2656829e+01
   4.8000000e-01   1.2684940e+01   1.2636050e+01
   4.8500000e-01   1.2642826e+01   1.2848396e+01
   4.9000000e-01   1.2600946e+01   1.2933984e+01
   4.9500000e-01   1.2559378e+01   1.2765010e+01
   5.0000000e-01   1.2518201e+01   1.2638836e+01
   5.0500000e-01   1.2477491e+01   1.2361900e+01
   5.1000000e-01   1.2437321e+01   1.1430851e+01
   5.1500000e-01   1.2397766e+01   1.1858399e+01
   5.2000000e-01   1.2358896e+01   1.1863058e+01
   5.2500000e-01   1.2320782e+01   1.2838755e+01
   5.3000000e-01   1.2283493e+01   1.3140048e+01
   5.3500000e-01   1.2247096e+01   1.2545232e+01
   5.4000000e-01   1.2211656e+01   1.2660368e+01
   5.4500000e-01   1.2177237e+01   1.2197469e+01
   5.5000000e-01   1.2143899e+01   1.1828093e+01
   5.5500000e-01   1.2111697e+01   1.1836179e+01
   5.6000000e-01   1.2080687e+01   1.1918474e+01
   5.6500000e-01   1.2050919e+01   1.2086717e+01
   5.7000000e-01   1.2022444e+01   1.2151126e+01
   5.7500000e-01   1.1995307e+01   1.2861266e+01
   5.8000000e-01   1.1969552e+01   1.2135426e+01
   5.8500000e-01   1.1945217e+01   1.2058171e+01
   5.9000000e-01   1.1922339e+01   1.1618626e+01
   5.9500000e-01   1.1900950e+01   1.1689603e+01
   6.0000000e-01   1.1881078e+01   1.1700088e+01
   6.0500000e-01   1.1862749e+01   1.1930142e+01
   6.1000000e-01   1.1845982e+01   1.2290325e+01
   6.1500000e-01   1.1830796e+01   1.1870181e+01
   6.2000000e-01   1.1817204e+01   1.2406349e+01
   6.2500000e-01   1.1805214e+01   1.2160965e+01
   6.3000000e-01   1.1794833e+01   1.1668405e+01
   6.3500000e-01   1.1786064e+01   1.1525095e+01
   6.4000000e-01   1.1778906e+01   1.1208846e+01
   6.4500000e-01   1.1773354e+01   1.1033029e+01
   6.5000000e-01   1.1769402e+01   1.1413268e+01
   6.5500000e-01   1.1767041e+01   1.1723969e+01
   6.6000000e-01   1.1766259e+01   1.1993523e+01
   6.6500000e-01   1.1767039e+01   1.2213616e+01
   6.7000000e-01   1.1769364e+01   1.2086494e+01
   6.7500000e-01   1.1773212e+01   1.1448951e+01
   6.8000000e-01   1.1778560e+01   1.1004814e+01
   6.8500000e-01   1.1785381e+01   1.1021416e+01
   6.9000000e-01   1.1793643e+01   1.1580488e+01
   6.9500000e-01   1.1803316e+01   1.1971642e+01
   7.0000000e-01   1.1814362e+01   1.1751873e+01
   7.0500000e-01   1.1826745e+01   1.2401678e+01
   7.1000000e-01   1.1840425e+01   1.2164539e+01
   7.1500000e-01   1.1855360e+01   1.1790750e+01
   7.2000000e-01   1.1871507e+01   1.1757338e+01
   7.2500000e-01   1.1888817e+01   1.1094801e+01
   7.3000000e-01   1.1907244e+01   1.1077493e+01
   7.3500000e-01   1.1926738e+01   1.1548973e+01
   7.4000000e-01   1.1947249e+01   1.1428684e+01
   7.4500000e-01   1.1968722e+01   1.2139546e+01
   7.5000000e-01   1.1991104e+01   1.2154362e+01
   7.5500000e-01   1.2014338e+01   1.1941919e+01
   7.6000000e-01   1.2038367e+01   1.1877749e+01
   7.6500000e-01   1.2063135e+01   1.1790539e+01
   7.7000000e-01   1.2088582e+01   1.1523622e+01
   7.7500000e-01   1.2114650e+01   1.2216773e+01
   7.8000000e-01   1.2141280e+01   1.1912276e+01
   7.8500000e-01   1.2168409e+01   1.2113514e+01
   7.9000000e-01   1.2195976e+01   1.2809234e+01
   7.9500000e-01   1.2223921e+01   1.2864586e+01
   8.0000000e-01   1.2252182e+01   1.2308025e+01
   8.0500000e-01   1.2280699e+01   1.2202237e+01
   8.1000000e-01   1.2309412e+01   1.1648971e+01
   8.1500000e-01   1.2338262e+01   1.1743285e+01
   8.2000000e-01   1.2367188e+01   1.1899394e+01
   8.2500000e-01   1.2396131e+01   1.2841927e+01
   8.3000000e-01   1.2425029e+01   1.2860572e+01
   8.3500000e-01   1.2453824e+01   1.2636463e+01
   8.4000000e-01   1.2482459e+01   1.2571519e+01
   8.4500000e-01   1.2510876e+01   1.2528720e+01
   8.5000000e-01   1.2539021e+01   1.2468524e+01
   8.5500000e-01   1.2566838e+01   1.2602921e+01
   8.6000000e-01   1.2594275e+01   1.1947631e+01
   8.6500000e-01   1.2621279e+01   1.2269733e+01
   8.7000000e-01   1.2647798e+01   1.2280515e+01
   8.7500000e-01   1.2673784e+01   1.3327572e+01
   8.8000000e-01   1.2699188e+01   1.3344552e+01
   8.8500000e-01   1.2723964e+01   1.3337805e+01
   8.9000000e-01   1.2748069e+01   1.3023995e+01
   8.9500000e-01   1.2771457e+01   1.1994177e+01
   9.0000000e-01   1.2794089e+01   1.2598189e+01
   9.0500000e-01   1.2815922e+01   1.2339599e+01
   9.1000000e-01   1.2836920e+01   1.2469308e+01
   9.1500000e-01   1.2857046e+01   1.2880577e+01
   9.2000000e-01   1.2876267e+01   1.3569641e+01
   9.2500000e-01   1.2894551e+01   1.3863516e+01
   9.3000000e-01   1.2911868e+01   1.3483954e+01
   9.3500000e-01   1.2928194e+01   1.3364758e+01
   9.4000000e-01   1.2943504e+01   1.2464789e+01
   9.4500000e-01   1.2957778e+01   1.2077671e+01
   9.5000000e-01   1.2971001e+01   1.2467747e+01
   9.5500000e-01   1.2983158e+01   1.2603198e+01
   9.6000000e-01   1.2994239e+01   1.2957147e+01
   9.6500000e-01   1.3004236e+01   1.3379698e+01
   9.7000000e-01   1.3013144e+01   1.3102408e+01
   9.7500000e-01   1.3020962e+01   1.3020651e+01
   9.8000000e-01   1.3027693e+01   1.2874880e+01
   9.8500000e-01   1.3033338e+01   1.2647065e+01
   9.9000000e-01   1.3037904e+01   1.2343054e+01
   9.9500000e-01   1.3041400e+01   1.2643528e+01
   1.0000000e+00   1.3043840e+01   1.3035639e+01
   1.0050000e+00   1.3045240e+01   1.3285458e+01
   1.0100000e+00   1.3045620e+01   1.3716470e+01
   1.0150000e+00   1.3045000e+01   1.3231222e+01
   1.0200000e+00   1.3043407e+01   1.3280991e+01
   1.0250000e+00   1.3040867e+01   1.3189211e+01
   1.0300000e+00   1.3037411e+01   1.2989788e+01
   1.0350000e+00   1.3033072e+01   1.2431401e+01
   1.0400000e+00   1.3027884e+01   1.2912048e+01
   1.0450000e+00   1.3021887e+01   1.2885956e+01
   1.0500000e+00   1.3015120e+01   1.3536739e+01
   1.0550000e+00   1.3007626e+01   1.3087378e+01
   1.0600000e+00   1.2999449e+01   1.2910400e+01
   1.0650000e+00   1.2990633e+01   1.2776151e+01
   1.0700000e+00   1.2981228e+01   1.2203771e+01
   1.0750000e+00   1.2971286e+01   1.2602494e+01
   1.0800000e+00   1.2960860e+01   1.2556360e+01
   1.0850000e+00   1.2950006e+01   1.3057541e+01
   1.0900000e+00   1.2938780e+01   1.3228459e+01
   1.0950000e+00   1.2927240e+01   1.3548686e+01
   1.1000000e+00   1.2915444e+01   1.3144234e+01
   1.1050000e+00   1.2903453e+01   1.3374821e+01
   1.1100000e+00   1.2891325e+01   1.2790717e+01
   1.1150000e+00   1.2879124e+01   1.2319544e+01
   1.1200000e+00   1.2866911e+01   1.2652452e+01
   1.1250000e+00   1.2854750e+01   1.2687654e+01
   1.1300000e+00   1.2842704e+01   1.2764414e+01
   1.1350000e+00   1.2830836e+01   1.3206441e+01
   1.1400000e+00   1.2819210e+01   1.3216333e+01
   1.1450000e+00   1.2807891e+01   1.3026530e+01
   1.1500000e+00   1.2796943e+01   1.3003810e+01
   1.1550000e+00   1.2786429e+01   1.2520010e+01
   1.1600000e+00   1.2776415e+01   1.2226518e+01
   1.1650000e+00   1.2766964e+01   1.2377361e+01
   1.1700000e+00   1.2758138e+01   1.2370970e+01
   1.1750000e+00   1.2749998e+01   1.2746467e+01
   1.1800000e+00   1.2742604e+01   1.3544538e+01
   1.1850000e+00   1.2736013e+01   1.2667785e+01
   1.1900000e+00   1.2730283e+01   1.2903260e+01
   1.1950000e+00   1.2725468e+01   1.2455020e+01
   1.2000000e+00   1.2721621e+01   1.2936943e+01
   1.2050000e+00   1.2718792e+01   1.2166688e+01
   1.2100000e+00   1.2717029e+01   1.2688289e+01
   1.2150000e+00   1.2716376e+01   1.2591639e+01
   1.2200000e+00   1.2716878e+01   1.2916372e+01
   1.2250000e+00   1.2718573e+01   1.2869712e+01
   1.2300000e+00   1.2721501e+01   1.2937457e+01
   1.2350000e+00   1.2725699e+01   1.2989028e+01
   1.2400000e+00   1.2731203e+01   1.2512728e+01
   1.2450000e+00   1.2738045e+01   1.2879861e+01
   1.2500000e+00   1.2746254e+01   1.1960609e+01
   1.2550000e+00   1.2755854e+01   1.2728633e+01
   1.2600000e+00   1.2766866e+01   1.2810410e+01
   1.2650000e+00   1.2779304e+01   1.2975150e+01
   1.2700000e+00   1.2793182e+01   1.3018874e+01
   1.2750000e+00   1.2808508e+01   1.3067045e+01
   1.2800000e+00   1.2825289e+01   1.2839741e+01
   1.2850000e+00   1.2843526e+01   1.2336640e+01
   1.2900000e+00   1.2863218e+01   1.2806243e+01
   1.2950000e+00   1.2884356e+01   1.2192775e+01
   1.3000000e+00   1.2906931e+01   1.2308731e+01
   1.3050000e+00   1.2930924e+01   1.2982212e+01
   1.3100000e+00   1.2956317e+01   1.3325819e+01
   1.3150000e+00   1.2983082e+01   1.3136997e+01
   1.3200000e+00   1.3011191e+01   1.3277820e+01
   1.3250000e+00   1.3040607e+01   1.3179645e+01
   1.3300000e+00   1.3071288e+01   1.3125052e+01
   1.3350000e+00   1.3103189e+01   1.2535278e+01
   1.3400000e+00   1.3136262e+01   1.2914338e+01
   1.3450000e+00   1.3170451e+01   1.2567181e+01
   1.3500000e+00   1.3205700e+01   1.3258643e+01
   1.3550000e+00   1.3241946e+01   1.3715316e+01
   1.3600000e+00   1.3279124e+01   1.3165680e+01
   1.3650000e+00   1.3317163e+01   1.3679759e+01
   1.3700000e+00   1.3355990e+01   1.3168688e+01
   1.3750000e+00   1.3395528e+01   1.2764060e+01
   1.3800000e+00   1.3435697e+01   1.3230502e+01
   1.3850000e+00   1.3476412e+01   1.3154929e+01
   1.3900000e+00   1.3517586e+01   1.3235580e+01
   1.3950000e+00   1.3559132e+01   1.3721592e+01
   1.4000000e+00   1.3600955e+01   1.3716145e+01
   1.4050000e+00   1.3642962e+01   1.3838589e+01
   1.4100000e+00   1.3685056e+01   1.4239347e+01
   1.4150000e+00   1.3727138e+01   1.4089095e+01
   1.4200000e+00   1.3769110e+01   1.3536712e+01
   1.4250000e+00   1.3810872e+01   1.3132778e+01
   1.4300000e+00   1.3852327e+01   1.3619472e+01
   1.4350000e+00   1.3893374e+01   1.3773426e+01
   1.4400000e+00   1.3933918e+01   1.4099971e+01
   1.4450000e+00   1.3973862e+01   1.4718720e+01
   1.4500000e+00   1.4013110e+01   1.4915982e+01
   1.4550000e+00   1.4051568e+01   1.4229541e+01
   1.4600000e+00   1.4089145e+01   1.4093970e+01
   1.4650000e+00   1.4125754e+01   1.3481265e+01
   1.4700000e+00   1.4161308e+01   1.3629427e+01
   1.4750000e+00   1.4195726e+01   1.3884029e+01
   1.4800000e+00   1.4228928e+01   1.4684863e+01
   1.4850000e+00   1.4260835e+01   1.4562483e+01
   1.4900000e+00   1.4291374e+01   1.4793300e+01
   1.4950000e+00   1.4320473e+01   1.4802230e+01
   1.5000000e+00   1.4348067e+01   1.4240571e+01
   1.5050000e+00   1.4374094e+01   1.3811420e+01
   1.5100000e+00   1.4398502e+01   1.3847286e+01
   1.5150000e+00   1.4421241e+01   1.3828338e+01
   1.5200000e+00   1.4442272e+01   1.4182024e+01
   1.5250000e+00   1.4461557e+01   1.4907143e+01
   1.5300000e+00   1.4479064e+01   1.4916082e+01
   1.5350000e+00   1.4494764e+01   1.5170514e+01
   1.5400000e+00   1.4508636e+01   1.4408979e+01
   1.5450000e+00   1.4520664e+01   1.4387236e+01
   1.5500000e+00   1.4530839e+01   1.3815539e+01
   1.5550000e+00   1.4539160e+01   1.4038074e+01
   1.5600000e+00   1.4545629e+01   1.3909839e+01
   1.5650000e+00   1.4550255e+01   1.4614967e+01
   1.5700000e+00   1.4553055e+01   1.5079332e+01
   1.5750000e+00   1.4554050e+01   1.4941091e+01
   1.5800000e+00   1.4553269e+01   1.5016644e+01
   1.5850000e+00   1.4550745e+01   1.4904610e+01
   1.5900000e+00   1.4546513e+01   1.4497393e+01
   1.5950000e+00   1.4540616e+01   1.4093361e+01
   1.6000000e+00   1.4533098e+01   1.3643629e+01
   1.6050000e+00   1.4524009e+01   1.4157314e+01
   1.6100000e+00   1.4513404e+01   1.4109322e+01
   1.6150000e+00   1.4501341e+01   1.4802650e+01
   1.6200000e+00   1.4487881e+01   1.5207319e+01
   1.6250000e+00   1.4473088e+01   1.4945066e+01
   1.6300000e+00   1.4457030e+01   1.5095084e+01
   1.6350000e+00   1.4439773e+01   1.4085094e+01
   1.6400000e+00   1.4421392e+01   1.4107118e+01
   1.6450000e+00   1.4401960e+01   1.3998768e+01
   1.6500000e+00   1.4381550e+01   1.3992679e+01
   1.6550000e+00   1.4360241e+01   1.4566628e+01
   1.6600000e+00   1.4338109e+01   1.4647990e+01
   1.6650000e+00   1.4315233e+01   1.4564857e+01
   1.6700000e+00   1.4291690e+01   1.4408891e+01
   1.6750000e+00   1.4267560e+01   1.4139211e+01
   1.6800000e+00   1.4242917e+01   1.4518550e+01
   1.6850000e+00   1.4217839e+01   1.3585868e+01
   1.6900000e+00   1.4192399e+01   1.3654975e+01
   1.6950000e+00   1.4166670e+01   1.3938695e+01
   1.7000000e+00   1.4140720e+01   1.4434282e+01
   1.7050000e+00   1.4114619e+01   1.4889498e+01
   1.7100000e+00   1.4088434e+01   1.4236358e+01
   1.7150000e+00   1.4062225e+01   1.3617934e+01
   1.7200000e+00   1.4036054e+01   1.3830589e+01
   1.7250000e+00   1.4009979e+01   1.3813577e+01
   1.7300000e+00   1.3984055e+01   1.2896135e+01
   1.7350000e+00   1.3958335e+01   1.3869984e+01
   1.7400000e+00   1.3932871e+01   1.4308203e+01
   1.7450000e+00   1.3907709e+01   1.4326326e+01
   1.7500000e+00   1.3882891e+01   1.3892975e+01
   1.7550000e+00   1.3858461e+01   1.4238522e+01
   1.7600000e+00   1.3834452e+01   1.4038192e+01
   1.7650000e+00   1.3810900e+01   1.3737837e+01
   1.7700000e+00   1.3787830e+01   1.3480785e+01
   1.7750000e+00   1.3765268e+01   1.3503092e+01
   1.7800000e+00   1.3743237e+01   1.3840527e+01
   1.7850000e+00   1.3721755e+01   1.3591530e+01
   1.7900000e+00   1.3700841e+01   1.4397610e+01
   1.7950000e+00   1.3680508e+01   1.3729201e+01
   1.8000000e+00   1.3660766e+01   1.3968012e+01
   1.8050000e+00   1.3641621e+01   1.3676288e+01
   1.8100000e+00   1.3623077e+01   1.3532519e+01
   1.8150000e+00   1.3605133e+01   1.2860797e+01
   1.8200000e+00   1.3587786e+01   1.3248007e+01
   1.8250000e+00   1.3571031e+01   1.3826614e+01
   1.8300000e+00   1.3554858e+01   1.3921198e+01
   1.8350000e+00   1.3539255e+01   1.4208294e+01
   1.8400000e+00   1.3524209e+01   1.3968687e+01
   1.8450000e+00   1.3509705e+01   1.3559438e+01
   1.8500000e+00   1.3495728e+01   1.3592990e+01
   1.8550000e+00   1.3482258e+01   1.3203296e+01
   1.8600000e+00   1.3469276e+01   1.3250235e+01
   1.8650000e+00   1.3456760e+01   1.3036871e+01
   1.8700000e+00   1.3444686e+01   1.3489760e+01
   1.8750000e+00   1.3433028e+01   1.4048041e+01
   1.8800000e+00   1.3421761e+01   1.3654540e+01
   1.8850000e+00   1.3410859e+01   1.3947455e+01
   1.8900000e+00   1.3400293e+01   1.3612400e+01
   1.8950000e+00   1.3390036e+01   1.3523662e+01
   1.9000000e+00   1.3380059e+01   1.3396574e+01
   1.9050000e+00   1.3370332e+01   1.3238764e+01
   1.9100000e+00   1.3360828e+01   1.2866576e+01
   1.9150000e+00   1.3351516e+01   1.3081894e+01
   1.9200000e+00   1.3342368e+01   1.3429089e+01
   1.9250000e+00   1.3333356e+01   1.4008372e+01
   1.9300000e+00   1.3324454e+01   1.3510738e+01
   1.9350000e+00   1.3315636e+01   1.3031950e+01
   1.9400000e+00   1.3306875e+01   1.2917564e+01
   1.9450000e+00   1.3298149e+01   1.2774287e+01
   1.9500000e+00   1.3289437e+01   1.2544504e+01
   1.9550000e+00   1.3280718e+01   1.3177885e+01
   1.9600000e+00   1.3271978e+01   1.3240381e+01
   1.9650000e+00   1.3263198e+01   1.3524773e+01
   1.9700000e+00   1.3254367e+01   1.3944978e+01
   1.9750000e+00   1.3245474e+01   1.3338663e+01
   1.9800000e+00   1.3236510e+01   1.2937528e+01
   1.9850000e+00   1.3227466e+01   1.3188921e+01
   1.9900000e+00   1.3218336e+01   1.2979199e+01
   1.9950000e+00   1.3209119e+01   1.2987179e+01
   2.0000000e+00   1.3199815e+01   1.3277782e+01
   2.0050000e+00   1.3190425e+01   1.3294189e+01
   2.0100000e+00   1.3180951e+01   1.3506674e+01
   2.0150000e+00   1.3171400e+01   1.3781263e+01
   2.0200000e+00   1.3161779e+01   1.3301181e+01
   2.0250000e+00   1.3152099e+01   1.2789823e+01
   2.0300000e+00   1.3142370e+01   1.3195163e+01
   2.0350000e+00   1.3132606e+01   1.2514763e+01
   2.0400000e+00   1.3122822e+01   1.2714905e+01
   2.0450000e+00   1.3113035e+01   1.3098440e+01
   2.0500000e+00   1.3103264e+01   1.2911259e+01
   2.0550000e+00   1.3093529e+01   1.3722110e+01
   2.0600000e+00   1.3083852e+01   1.3690452e+01
   2.0650000e+00   1.3074257e+01   1.3224202e+01
   2.0700000e+00   1.3064768e+01   1.2445635e+01
   2.0750000e+00   1.3055411e+01   1.2250520e+01
   2.0800000e+00   1.3046214e+01   1.2842047e+01
   2.0850000e+00   1.3037204e+01   1.2738072e+01
   2.0900000e+00   1.3028412e+01   1.3529856e+01
   2.0950000e+00   1.3019865e+01   1.3195202e+01
   2.1000000e+00   1.3011592e+01   1.3621291e+01
   2.1050000e+00   1.3003621e+01   1.3017272e+01
   2.1100000e+00   1.2995983e+01   1.2768679e+01
   2.1150000e+00   1.2988703e+01   1.2424240e+01
   2.1200000e+00   1.2981810e+01   1.2795884e+01
   2.1250000e+00   1.2975333e+01   1.2821957e+01
   2.1300000e+00   1.2969299e+01   1.2986414e+01
   2.1350000e+00   1.2963734e+01   1.3592082e+01
   2.1400000e+00   1.2958662e+01   1.3210319e+01
   2.1450000e+00   1.2954107e+01   1.2955623e+01
   2.1500000e+00   1.2950091e+01   1.3213630e+01
   2.1550000e+00   1.2946635e+01   1.2763229e+01
   2.1600000e+00   1.2943757e+01   1.2508368e+01
   2.1650000e+00   1.2941475e+01   1.2229926e+01
   2.1700000e+00   1.2939802e+01   1.2848877e+01
   2.1750000e+00   1.2938752e+01   1.3141668e+01
   2.1800000e+00   1.2938331e+01   1.2993008e+01
   2.1850000e+00   1.2938546e+01   1.3427257e+01
   2.1900000e+00   1.2939403e+01   1.3606099e+01
   2.1950000e+00   1.2940902e+01   1.2964819e+01
   2.2000000e+00   1.2943044e+01   1.3155582e+01
   2.2050000e+00   1.2945823e+01   1.2475841e+01
   2.2100000e+00   1.2949232e+01   1.2449461e+01
   2.2150000e+00   1.2953259e+01   1.2463469e+01
   2.2200000e+00   1.2957893e+01   1.3147145e+01
   2.2250000e+00   1.2963116e+01   1.3557964e+01
   2.2300000e+00   1.2968910e+01   1.3924911e+01
   2.2350000e+00   1.2975256e+01   1.3053708e+01
   2.2400000e+00   1.2982130e+01   1.2866908e+01
   2.2450000e+00   1.2989508e+01   1.2633824e+01
   2.2500000e+00   1.2997362e+01   1.2581207e+01
   2.2550000e+00   1.3005663e+01   1.2738133e+01
   2.2600000e+00   1.3014381e+01   1.3321702e+01
   2.2650000e+00   1.3023489e+01   1.3482258e+01
   2.2700000e+00   1.3032955e+01   1.3377285e+01
   2.2750000e+00   1.3042745e+01   1.4089050e+01
   2.2800000e+00   1.3052825e+01   1.3099211e+01
   2.2850000e+00   1.3063161e+01   1.2999953e+01
   2.2900000e+00   1.3073720e+01   1.3008636e+01
   2.2950000e+00   1.3084464e+01   1.2986507e+01
   2.3000000e+00   1.3095357e+01   1.2549245e+01
   2.3050000e+00   1.3106364e+01   1.3110468e+01
   2.3100000e+00   1.3117448e+01   1.3288435e+01
   2.3150000e+00   1.3128573e+01   1.3593480e+01
   2.3200000e+00   1.3139705e+01   1.3486209e+01
   2.3250000e+00   1.3150809e+01   1.2910835e+01
   2.3300000e+00   1.3161850e+01   1.2988686e+01
   2.3350000e+00   1.3172792e+01   1.2797697e+01
   2.3400000e+00   1.3183603e+01   1.2682537e+01
   2.3450000e+00   1.3194251e+01   1.2884206e+01
   2.3500000e+00   1.3204705e+01   1.3274659e+01
   2.3550000e+00   1.3214936e+01   1.3091183e+01
   2.3600000e+00   1.3224914e+01   1.3422671e+01
   2.3650000e+00   1.3234613e+01   1.3313374e+01
   2.3700000e+00   1.3244006e+01   1.3250501e+01
   2.3750000e+00   1.3253072e+01   1.2955285e+01
   2.3800000e+00   1.3261787e+01   1.2657885e+01
   2.3850000e+00   1.3270129e+01   1.3021063e+01
   2.3900000e+00   1.3278079e+01   1.3247473e+01
   2.3950000e+00   1.3285621e+01   1.3753562e+01
   2.4000000e+00   1.3292739e+01   1.3758365e+01
   2.4050000e+00   1.3299420e+01   1.3781910e+01
   2.4100000e+00   1.3305653e+01   1.3673780e+01
   2.4150000e+00   1.3311427e+01   1.3179591e+01
   2.4200000e+00   1.3316737e+01   1.3162048e+01
   2.4250000e+00   1.3321578e+01   1.2672233e+01
   2.4300000e+00   1.3325947e+01   1.3122054e+01
   2.4350000e+00   1.3329847e+01   1.3308040e+01
   2.4400000e+00   1.3333280e+01   1.3784202e+01
   2.4450000e+00   1.3336251e+01   1.3625041e+01
   2.4500000e+00   1.3338764e+01   1.3942840e+01
   2.4550000e+00   1.3340827e+01   1.2848091e+01
   2.4600000e+00   1.3342447e+01   1.2928464e+01
   2.4650000e+00   1.3343638e+01   1.3414265e+01
   2.4700000e+00   1.3344412e+01   1.3293386e+01
   2.4750000e+00   1.3344783e+01   1.3135028e+01
   2.4800000e+00   1.3344767e+01   1.3216856e+01
   2.4850000e+00   1.3344380e+01   1.3612151e+01
   2.4900000e+00   1.3343639e+01   1.3668741e+01
   2.4950000e+00   1.3342564e+01   1.3813450e+01
   2.5000000e+00   1.3341176e+01   1.3752465e+01
   2.5050000e+00   1.3339494e+01   1.2974960e+01
   2.5100000e+00   1.3337540e+01   1.2828247e+01
   2.5150000e+00   1.3335335e+01   1.2882038e+01
   2.5200000e+00   1.3332901e+01   1.3520850e+01
   2.5250000e+00   1.3330260e+01   1.3487355e+01
   2.5300000e+00   1.3327438e+01   1.3871218e+01
   2.5350000e+00   1.3324461e+01   1.3544111e+01
   2.5400000e+00   1.3321354e+01   1.3746247e+01
   2.5450000e+00   1.3318143e+01   1.2897905e+01
   2.5500000e+00   1.3314855e+01   1.3024611e+01
   2.5550000e+00   1.3311518e+01   1.2579422e+01
   2.5600000e+00   1.3308160e+01   1.3746305e+01
   2.5650000e+00   1.3304806e+01   1.3351515e+01
   2.5700000e+00   1.3301485e+01   1.3417230e+01
   2.5750000e+00   1.3298223e+01   1.3741930e+01
   2.5800000e+00   1.3295048e+01   1.4036091e+01
   2.5850000e+00   1.3291988e+01   1.3435407e+01
   2.5900000e+00   1.3289073e+01   1.2685694e+01
   2.5950000e+00   1.3286331e+01   1.3028736e+01
   2.6000000e+00   1.3283791e+01   1.2758609e+01
   2.6050000e+00   1.3281480e+01   1.2791603e+01
   2.6100000e+00   1.3279428e+01   1.3723928e+01
   2.6150000e+00   1.3277665e+01   1.3721946e+01
   2.6200000e+00   1.3276219e+01   1.3508685e+01
   2.6250000e+00   1.3275118e+01   1.4041901e+01
   2.6300000e+00   1.3274392e+01   1.3583429e+01
   2.6350000e+00   1.3274067e+01   1.2638966e+01
   2.6400000e+00   1.3274171e+01   1.2840052e+01
   2.6450000e+00   1.3274731e+01   1.3039626e+01
   2.6500000e+00   1.3275770e+01   1.2931404e+01
   2.6550000e+00   1.3277311e+01   1.3577427e+01
   2.6600000e+00   1.3279376e+01   1.3701566e+01
   2.6650000e+00   1.3281986e+01   1.3708820e+01
   2.6700000e+00   1.3285160e+01   1.3293827e+01
   2.6750000e+00   1.3288917e+01   1.3547183e+01
   2.6800000e+00   1.3293272e+01   1.3028231e+01
   2.6850000e+00   1.3298241e+01   1.2788367e+01
   2.6900000e+00   1.3303838e+01   1.2989441e+01
   2.6950000e+00   1.3310074e+01   1.3618128e+01
   2.7000000e+00   1.3316961e+01   1.3553470e+01
   2.7050000e+00   1.3324509e+01   1.3639891e+01
   2.7100000e+00   1.3332731e+01   1.3871516e+01
   2.7150000e+00   1.3341636e+01   1.3737430e+01
   2.7200000e+00   1.3351230e+01   1.3071135e+01
   2.7250000e+00   1.3361520e+01   1.2595132e+01
   2.7300000e+00   1.3372511e+01   1.2459745e+01
   2.7350000e+00   1.3384207e+01   1.2820121e+01
   2.7400000e+00   1.3396608e+01   1.3843058e+01
   2.7450000e+00   1.3409716e+01   1.4032208e+01
   2.7500000e+00   1.3423527e+01   1.3630915e+01
   2.7550000e+00   1.3438039e+01   1.3765991e+01
   2.7600000e+00   1.3453249e+01   1.3593576e+01
   2.7650000e+00   1.3469149e+01   1.3022745e+01
   2.7700000e+00   1.3485732e+01   1.3084040e+01
   2.7750000e+00   1.3502987e+01   1.2878245e+01
   2.7800000e+00   1.3520902e+01   1.3058794e+01
   2.7850000e+00   1.3539461e+01   1.3468828e+01
   2.7900000e+00   1.3558645e+01   1.4149822e+01
   2.7950000e+00   1.3578436e+01   1.3958413e+01
   2.8000000e+00   1.3598814e+01   1.3796739e+01
   2.8050000e+00   1.3619757e+01   1.3563405e+01
   2.8100000e+00   1.3641240e+01   1.3032827e+01
   2.8150000e+00   1.3663237e+01   1.3028757e+01
   2.8200000e+00   1.3685724e+01   1.3464427e+01
   2.8250000e+00   1.3708672e+01   1.3878849e+01
   2.8300000e+00   1.3732053e+01   1.3992394e+01
   2.8350000e+00   1.3755833e+01   1.4293428e+01
   2.8400000e+00   1.3779982e+01   1.4038751e+01
   2.8450000e+00   1.3804462e+01   1.3882746e+01
   2.8500000e+00   1.3829238e+01   1.3573117e+01
   2.8550000e+00   1.3854272e+01   1.3554833e+01
   2.8600000e+00   1.3879524e+01   1.3326456e+01
   2.8650000e+00   1.3904952e+01   1.3884905e+01
   2.8700000e+00   1.3930512e+01   1.3706504e+01
   2.8750000e+00   1.3956160e+01   1.4385281e+01
   2.8800000e+00   1.3981850e+01   1.4319350e+01
   2.8850000e+00   1.4007535e+01   1.4409218e+01
   2.8900000e+00   1.4033168e+01   1.4157098e+01
   2.8950000e+00   1.4058703e+01   1.3267716e+01
   2.9000000e+00   1.4084093e+01   1.3556574e+01
   2.9050000e+00   1.4109293e+01   1.3477155e+01
   2.9100000e+00   1.4134260e+01   1.4413330e+01
   2.9150000e+00   1.4158948e+01   1.4560034e+01
   2.9200000e+00   1.4183313e+01   1.4564142e+01
   2.9250000e+00   1.4207310e+01   1.4556197e+01
   2.9300000e+00   1.4230893e+01   1.4495307e+01
   2.9350000e+00   1.4254016e+01   1.4298336e+01
   2.9400000e+00   1.4276632e+01   1.4189664e+01
   2.9450000e+00   1.4298695e+01   1.3778352e+01
   2.9500000e+00   1.4320159e+01   1.4125468e+01
   2.9550000e+00   1.4340978e+01   1.4157568e+01
   2.9600000e+00   1.4361106e+01   1.4890738e+01
   2.9650000e+00   1.4380497e+01   1.4739624e+01
   2.9700000e+00   1.4399106e+01   1.4586651e+01
   2.9750000e+00   1.4416888e+01   1.4929072e+01
   2.9800000e+00   1.4433800e+01   1.4542722e+01
   2.9850000e+00   1.4449799e+01   1.3906097e+01
   2.9900000e+00   1.4464846e+01   1.3821361e+01
   2.9950000e+00   1.4478902e+01   1.4493590e+01
   3.0000000e+00   1.4491930e+01   1.4415847e+01
   3.0050000e+00   1.4503895e+01   1.4883408e+01
   3.0100000e+00   1.4514761e+01   1.5300525e+01
   3.0150000e+00   1.4524494e+01   1.4946278e+01
   3.0200000e+00   1.4533061e+01   1.4418615e+01
   3.0250000e+00   1.4540434e+01   1.4245163e+01
   3.0300000e+00   1.4546589e+01   1.4371145e+01
   3.0350000e+00   1.4551497e+01   1.3905111e+01
   3.0400000e+00   1.4555140e+01   1.4599554e+01
   3.0450000e+00   1.4557496e+01   1.4627035e+01
   3.0500000e+00   1.4558548e+01   1.4720939e+01
   3.0550000e+00   1.4558280e+01   1.4832886e+01
   3.0600000e+00   1.4556678e+01   1.5126316e+01
   3.0650000e+00   1.4553730e+01   1.4652521e+01
   3.0700000e+00   1.4549428e+01   1.4298405e+01
   3.0750000e+00   1.4543763e+01   1.3679336e+01
   3.0800000e+00   1.4536727e+01   1.4413163e+01
   3.0850000e+00   1.4528318e+01   1.4356033e+01
   3.0900000e+00   1.4518532e+01   1.4835435e+01
   3.0950000e+00   1.4507371e+01   1.5301866e+01
   3.1000000e+00   1.4494835e+01   1.4679398e+01
   3.1050000e+00   1.4480928e+01   1.4842589e+01
   3.1100000e+00   1.4465659e+01   1.4039640e+01
   3.1150000e+00   1.4449035e+01   1.3573228e+01
   3.1200000e+00   1.4431068e+01   1.4254560e+01
   3.1250000e+00   1.4411774e+01   1.4077362e+01
   3.1300000e+00   1.4391168e+01   1.4467555e+01
   3.1350000e+00   1.4369271e+01   1.4424433e+01
   3.1400000e+00   1.4346101e+01   1.4925745e+01
   3.1450000e+00   1.4321681e+01   1.4554925e+01
   3.1500000e+00   1.4296032e+01   1.4571495e+01
   3.1550000e+00   1.4269177e+01   1.3854679e+01
   3.1600000e+00   1.4241139e+01   1.3882452e+01
   3.1650000e+00   1.4211943e+01   1.4412384e+01
   3.1700000e+00   1.4181615e+01   1.4121742e+01
   3.1750000e+00   1.4150184e+01   1.4111139e+01
   3.1800000e+00   1.4117682e+01   1.4444171e+01
   3.1850000e+00   1.4084142e+01   1.4204597e+01
   3.1900000e+00   1.4049601e+01   1.4441421e+01
   3.1950000e+00   1.4014098e+01   1.4325589e+01
   3.2000000e+00   1.3977675e+01   1.3972991e+01
   3.2050000e+00   1.3940372e+01   1.3293527e+01
   3.2100000e+00   1.3902233e+01   1.3555976e+01
   3.2150000e+00   1.3863302e+01   1.3770529e+01
   3.2200000e+00   1.3823625e+01   1.4021709e+01
   3.2250000e+00   1.3783251e+01   1.4052386e+01
   3.2300000e+00   1.3742228e+01   1.4045503e+01
   3.2350000e+00   1.3700606e+01   1.3982736e+01
   3.2400000e+00   1.3658437e+01   1.3491086e+01
   3.2450000e+00   1.3615772e+01   1.3133768e+01
   3.2500000e+00   1.3572663e+01   1.3205668e+01
   3.2550000e+00   1.3529165e+01   1.3332712e+01
   3.2600000e+00   1.3485333e+01   1.3408774e+01
   3.2650000e+00   1.3441226e+01   1.3799913e+01
   3.2700000e+00   1.3396903e+01   1.4193240e+01
   3.2750000e+00   1.3352424e+01   1.3651869e+01
   3.2800000e+00   1.3307850e+01   1.3584568e+01
   3.2850000e+00   1.3263241e+01   1.3219079e+01
   3.2900000e+00   1.3218659e+01   1.2719390e+01
   3.2950000e+00   1.3174167e+01   1.2627394e+01
   3.3000000e+00   1.3129828e+01   1.2831037e+01
   3.3050000e+00   1.3085705e+01   1.2943872e+01
   3.3100000e+00   1.3041860e+01   1.3774505e+01
   3.3150000e+00   1.2998357e+01   1.3499397e+01
   3.3200000e+00   1.2955259e+01   1.3149417e+01
   3.3250000e+00   1.2912631e+01   1.2910134e+01
   3.3300000e+00   1.2870537e+01   1.2967072e+01
   3.3350000e+00   1.2829042e+01   1.1902675e+01
   3.3400000e+00   1.2788213e+01   1.2466230e+01
   3.3450000e+00   1.2748113e+01   1.2762417e+01
   3.3500000e+00   1.2708809e+01   1.3049644e+01
   3.3550000e+00   1.2670364e+01   1.2757544e+01
   3.3600000e+00   1.2632842e+01   1.3571989e+01
   3.3650000e+00   1.2596303e+01   1.2826520e+01
   3.3700000e+00   1.2560805e+01   1.2601877e+01
   3.3750000e+00   1.2526404e+01   1.2018050e+01
   3.3800000e+00   1.2493156e+01   1.1981977e+01
   3.3850000e+00   1.2461110e+01   1.1723094e+01
   3.3900000e+00   1.2430316e+01   1.2245303e+01
   3.3950000e+00   1.2400818e+01   1.2454441e+01
   3.4000000e+00   1.2372662e+01   1.2779865e+01
   3.4050000e+00   1.2345889e+01   1.2889790e+01
   3.4100000e+00   1.2320538e+01   1.2548447e+01
   3.4150000e+00   1.2296644e+01   1.2395043e+01
   3.4200000e+00   1.2274240e+01   1.1878909e+01
   3.4250000e+00   1.2253353e+01   1.1077792e+01
   3.4300000e+00   1.2234006e+01   1.1792207e+01
   3.4350000e+00   1.2216217e+01   1.2511388e+01
   3.4400000e+00   1.2200001e+01   1.2804713e+01
   3.4450000e+00   1.2185366e+01   1.3179251e+01
   3.4500000e+00   1.2172315e+01   1.2391356e+01
   3.4550000e+00   1.2160848e+01   1.2604862e+01
   3.4600000e+00   1.2150960e+01   1.1952729e+01
   3.4650000e+00   1.2142641e+01   1.1848943e+01
   3.4700000e+00   1.2135877e+01   1.1750169e+01
   3.4750000e+00   1.2130651e+01   1.2011673e+01
   3.4800000e+00   1.2126938e+01   1.2308008e+01
   3.4850000e+00   1.2124711e+01   1.2428279e+01
   3.4900000e+00   1.2123935e+01   1.2025547e+01
   3.4950000e+00   1.2124574e+01   1.2145458e+01
   3.5000000e+00   1.2126585e+01   1.1740098e+01
   3.5050000e+00   1.2129922e+01   1.1679531e+01
   3.5100000e+00   1.2134537e+01   1.1022512e+01
   3.5150000e+00   1.2140373e+01   1.1814118e+01
   3.5200000e+00   1.2147372e+01   1.2265852e+01
   3.5250000e+00   1.2155470e+01   1.2009613e+01
   3.5300000e+00   1.2164604e+01   1.2599436e+01
   3.5350000e+00   1.2174701e+01   1.2517672e+01
   3.5400000e+00   1.2185690e+01   1.2307957e+01
   3.5450000e+00   1.2197497e+01   1.2288645e+01
   3.5500000e+00   1.2210046e+01   1.1749204e+01
   3.5550000e+00   1.2223258e+01   1.1582334e+01
   3.5600000e+00   1.2237054e+01   1.1619483e+01
   3.5650000e+00   1.2251357e+01   1.2261885e+01
   3.5700000e+00   1.2266086e+01   1.2658046e+01
   3.5750000e+00   1.2281160e+01   1.2801577e+01
   3.5800000e+00   1.2296498e+01   1.2806962e+01
   3.5850000e+00   1.2312018e+01   1.2634590e+01
   3.5900000e+00   1.2327640e+01   1.2371747e+01
   3.5950000e+00   1.2343281e+01   1.1737086e+01
   3.6000000e+00   1.2358863e+01   1.1905296e+01
   3.6050000e+00   1.2374308e+01   1.2234022e+01
   3.6100000e+00   1.2389539e+01   1.2496526e+01
   3.6150000e+00   1.2404484e+01   1.2885336e+01
   3.6200000e+00   1.2419076e+01   1.2662453e+01
   3.6250000e+00   1.2433250e+01   1.2942841e+01
   3.6300000e+00   1.2446946e+01   1.2357302e+01
   3.6350000e+00   1.2460108e+01   1.2108807e+01
   3.6400000e+00   1.2472683e+01   1.2468580e+01
   3.6450000e+00   1.2484624e+01   1.2033683e+01
   3.6500000e+00   1.2495890e+01   1.2417507e+01
   3.6550000e+00   1.2506441e+01   1.2086691e+01
   3.6600000e+00   1.2516245e+01   1.3190573e+01
   3.6650000e+00   1.2525274e+01   1.3406439e+01
   3.6700000e+00   1.2533504e+01   1.2512469e+01
   3.6750000e+00   1.2540920e+01   1.2406813e+01
   3.6800000e+00   1.2547509e+01   1.1976749e+01
   3.6850000e+00   1.2553266e+01   1.1551920e+01
   3.6900000e+00   1.2558190e+01   1.1854117e+01
   3.6950000e+00   1.2562286e+01   1.2504211e+01
   3.7000000e+00   1.2565565e+01   1.2864717e+01
   3.7050000e+00   1.2568040e+01   1.3228769e+01
   3.7100000e+00   1.2569733e+01   1.2922286e+01
   3.7150000e+00   1.2570670e+01   1.2656758e+01
   3.7200000e+00   1.2570879e+01   1.2775485e+01
   3.7250000e+00   1.2570394e+01   1.1942530e+01
   3.7300000e+00   1.2569255e+01   1.1882877e+01
   3.7350000e+00   1.2567502e+01   1.2412867e+01
   3.7400000e+00   1.2565183e+01   1.2767538e+01
   3.7450000e+00   1.2562348e+01   1.2928956e+01
   3.7500000e+00   1.2559051e+01   1.3063576e+01
   3.7550000e+00   1.2555347e+01   1.2760051e+01
   3.7600000e+00   1.2551296e+01   1.2920014e+01
   3.7650000e+00   1.2546958e+01   1.2317806e+01
   3.7700000e+00   1.2542395e+01   1.2246270e+01
   3.7750000e+00   1.2537673e+01   1.2372583e+01
   3.7800000e+00   1.2532856e+01   1.2526274e+01
   3.7850000e+00   1.2528011e+01   1.2179164e+01
   3.7900000e+00   1.2523207e+01   1.3230984e+01
   3.7950000e+00   1.2518509e+01   1.2871812e+01
   3.8000000e+00   1.2513984e+01   1.2832370e+01
   3.8050000e+00   1.2509698e+01   1.2505224e+01
   3.8100000e+00   1.2505714e+01   1.1713239e+01
   3.8150000e+00   1.2502092e+01   1.2382063e+01
   3.8200000e+00   1.2498891e+01   1.2190970e+01
   3.8250000e+00   1.2496168e+01   1.2592724e+01
   3.8300000e+00   1.2493978e+01   1.2727008e+01
   3.8350000e+00   1.2492373e+01   1.3102980e+01
   3.8400000e+00   1.2491401e+01   1.2935502e+01
   3.8450000e+00   1.2491110e+01   1.2621895e+01
   3.8500000e+00   1.2491541e+01   1.2603005e+01
   3.8550000e+00   1.2492735e+01   1.2045967e+01
   3.8600000e+00   1.2494725e+01   1.1730340e+01
   3.8650000e+00   1.2497543e+01   1.2333136e+01
   3.8700000e+00   1.2501213e+01   1.2339603e+01
   3.8750000e+00   1.2505756e+01   1.2705624e+01
   3.8800000e+00   1.2511187e+01   1.2872579e+01
   3.8850000e+00   1.2517514e+01   1.3191538e+01
   3.8900000e+00   1.2524745e+01   1.2653756e+01
   3.8950000e+00   1.2532879e+01   1.2000841e+01
   3.9000000e+00   1.2541914e+01   1.1985017e+01
   3.9050000e+00   1.2551841e+01   1.2241417e+01
   3.9100000e+00   1.2562644e+01   1.2305105e+01
   3.9150000e+00   1.2574305e+01   1.2592227e+01
   3.9200000e+00   1.2586797e+01   1.2473304e+01
   3.9250000e+00   1.2600092e+01   1.2795083e+01
   3.9300000e+00   1.2614154e+01   1.2929530e+01
   3.9350000e+00   1.2628947e+01   1.2161062e+01
   3.9400000e+00   1.2644427e+01   1.2182537e+01
   3.9450000e+00   1.2660552e+01   1.2034379e+01
   3.9500000e+00   1.2677271e+01   1.2101337e+01
   3.9550000e+00   1.2694534e+01   1.2350082e+01
   3.9600000e+00   1.2712288e+01   1.3163993e+01
   3.9650000e+00   1.2730475e+01   1.2777771e+01
   3.9700000e+00   1.2749037e+01   1.3395345e+01
   3.9750000e+00   1.2767913e+01   1.2920535e+01
   3.9800000e+00   1.2787042e+01   1.2594822e+01
   3.9850000e+00   1.2806359e+01   1.2550579e+01
   3.9900000e+00   1.2825803e+01   1.2452691e+01
   3.9950000e+00   1.2845307e+01   1.3295261e+01
   4.0000000e+00   1.2864808e+01   1.2515107e+01
   4.0050000e+00   1.2884241e+01   1.3412062e+01
   4.0100000e+00   1.2903541e+01   1.3673442e+01
   4.0150000e+00   1.2922647e+01   1.3507198e+01
   4.0200000e+00   1.2941497e+01   1.3117478e+01
   4.0250000e+00   1.2960030e+01   1.2888823e+01
   4.0300000e+00   1.2978188e+01   1.1817840e+01
   4.0350000e+00   1.2995917e+01   1.2723276e+01
   4.0400000e+00   1.3013161e+01   1.2866087e+01
   4.0450000e+00   1.3029870e+01   1.3373458e+01
   4.0500000e+00   1.3045998e+01   1.3367078e+01
   4.0550000e+00   1.3061502e+01   1.3575234e+01
   4.0600000e+00   1.3076342e+01   1.3398506e+01
   4.0650000e+00   1.3090484e+01   1.2737983e+01
   4.0700000e+00   1.3103898e+01   1.3191296e+01
   4.0750000e+00   1.3116559e+01   1.2110259e+01
   4.0800000e+00   1.3128446e+01   1.2717123e+01
   4.0850000e+00   1.3139540e+01   1.2812791e+01
   4.0900000e+00   1.3149830e+01   1.3548003e+01
   4.0950000e+00   1.3159306e+01   1.3636769e+01
   4.1000000e+00   1.3167964e+01   1.3100526e+01
   4.1050000e+00   1.3175804e+01   1.3774556e+01
   4.1100000e+00   1.3182831e+01   1.2900632e+01
   4.1150000e+00   1.3189055e+01   1.2433078e+01
   4.1200000e+00   1.3194489e+01   1.2502294e+01
   4.1250000e+00   1.3199151e+01   1.2996625e+01
   4.1300000e+00   1.3203064e+01   1.3083463e+01
   4.1350000e+00   1.3206256e+01   1.2816273e+01
   4.1400000e+00   1.3208759e+01   1.4061502e+01
   4.1450000e+00   1.3210608e+01   1.3556709e+01
   4.1500000e+00   1.3211840e+01   1.3614102e+01
   4.1550000e+00   1.3212497e+01   1.3284968e+01
   4.1600000e+00   1.3212625e+01   1.2875571e+01
   4.1650000e+00   1.3212275e+01   1.2756242e+01
   4.1700000e+00   1.3211499e+01   1.3300919e+01
   4.1750000e+00   1.3210356e+01   1.2929792e+01
   4.1800000e+00   1.3208905e+01   1.3429734e+01
   4.1850000e+00   1.3207207e+01   1.3385344e+01
   4.1900000e+00   1.3205323e+01   1.3451932e+01
   4.1950000e+00   1.3203315e+01   1.2879127e+01
   4.2000000e+00   1.3201245e+01   1.3237919e+01
   4.2050000e+00   1.3199174e+01   1.2753910e+01
   4.2100000e+00   1.3197166e+01   1.2893145e+01
   4.2150000e+00   1.3195281e+01   1.3176246e+01
   4.2200000e+00   1.3193581e+01   1.3799086e+01
   4.2250000e+00   1.3192126e+01   1.3473001e+01
   4.2300000e+00   1.3190977e+01   1.3328021e+01
   4.2350000e+00   1.3190191e+01   1.3192082e+01
   4.2400000e+00   1.3189826e+01   1.3264408e+01
   4.2450000e+00   1.3189935e+01   1.2858111e+01
   4.2500000e+00   1.3190569e+01   1.2760483e+01
   4.2550000e+00   1.3191780e+01   1.2872596e+01
   4.2600000e+00   1.3193613e+01   1.3056511e+01
   4.2650000e+00   1.3196114e+01   1.3047039e+01
   4.2700000e+00   1.3199324e+01   1.3733304e+01
   4.2750000e+00   1.3203280e+01   1.4049860e+01
   4.2800000e+00   1.3208019e+01   1.3095939e+01
   4.2850000e+00   1.3213573e+01   1.3296884e+01
   4.2900000e+00   1.3219969e+01   1.3126164e+01
   4.2950000e+00   1.3227233e+01   1.2529063e+01
   4.3000000e+00   1.3235387e+01   1.2934841e+01
   4.3050000e+00   1.3244447e+01   1.3357057e+01
   4.3100000e+00   1.3254428e+01   1.3893783e+01
   4.3150000e+00   1.3265339e+01   1.4038928e+01
   4.3200000e+00   1.3277186e+01   1.3694576e+01
   4.3250000e+00   1.3289973e+01   1.3402205e+01
   4.3300000e+00   1.3303698e+01   1.2900042e+01
   4.3350000e+00   1.3318357e+01   1.2885669e+01
   4.3400000e+00   1.3333943e+01   1.2439494e+01
   4.3450000e+00   1.3350447e+01   1.3283392e+01
   4.3500000e+00   1.3367856e+01   1.4098345e+01
   4.3550000e+00   1.3386154e+01   1.4098015e+01
   4.3600000e+00   1.3405325e+01   1.3523695e+01
   4.3650000e+00   1.3425350e+01   1.4056644e+01
   4.3700000e+00   1.3446205e+01   1.2998776e+01
   4.3750000e+00   1.3467867e+01   1.3431355e+01
   4.3800000e+00   1.3490310e+01   1.3005201e+01
   4.3850000e+00   1.3513505e+01   1.2745515e+01
   4.3900000e+00   1.3537421e+01   1.3169063e+01
   4.3950000e+00   1.3562024e+01   1.3866559e+01
   4.4000000e+00   1.3587282e+01   1.4303083e+01
   4.4050000e+00   1.3613159e+01   1.3878847e+01
   4.4100000e+00   1.3639615e+01   1.3570909e+01
   4.4150000e+00   1.3666613e+01   1.3360454e+01
   4.4200000e+00   1.3694110e+01   1.3456551e+01
   4.4250000e+00   1.3722061e+01   1.3451812e+01
   4.4300000e+00   1.3750421e+01   1.3451261e+01
   4.4350000e+00   1.3779144e+01   1.4157554e+01
   4.4400000e+00   1.3808184e+01   1.4120544e+01
   4.4450000e+00   1.3837494e+01   1.4491752e+01
   4.4500000e+00   1.3867028e+01   1.4034944e+01
   4.4550000e+00   1.3896742e+01   1.4076112e+01
   4.4600000e+00   1.3926589e+01   1.3744298e+01
   4.4650000e+00   1.3956522e+01   1.3371880e+01
   4.4700000e+00   1.3986493e+01   1.3431709e+01
   4.4750000e+00   1.4016453e+01   1.3954784e+01
   4.4800000e+00   1.4046355e+01   1.4397092e+01
   4.4850000e+00   1.4076148e+01   1.4197075e+01
   4.4900000e+00   1.4105780e+01   1.4467045e+01
   4.4950000e+00   1.4135201e+01   1.4809972e+01
   4.5000000e+00   1.4164359e+01   1.4315797e+01
   4.5050000e+00   1.4193204e+01   1.4369640e+01
   4.5100000e+00   1.4221683e+01   1.3637569e+01
   4.5150000e+00   1.4249746e+01   1.3792065e+01
   4.5200000e+00   1.4277340e+01   1.4101938e+01
   4.5250000e+00   1.4304413e+01   1.4491652e+01
   4.5300000e+00   1.4330912e+01   1.5083929e+01
   4.5350000e+00   1.4356784e+01   1.5086212e+01
   4.5400000e+00   1.4381977e+01   1.5645459e+01
   4.5450000e+00   1.4406437e+01   1.4633802e+01
   4.5500000e+00   1.4430112e+01   1.3495968e+01
   4.5550000e+00   1.4452950e+01   1.3789135e+01
   4.5600000e+00   1.4474899e+01   1.4200225e+01
   4.5650000e+00   1.4495908e+01   1.4303214e+01
   4.5700000e+00   1.4515927e+01   1.4752814e+01
   4.5750000e+00   1.4534905e+01   1.5006136e+01
   4.5800000e+00   1.4552794e+01   1.4863592e+01
   4.5850000e+00   1.4569545e+01   1.4256135e+01
   4.5900000e+00   1.4585114e+01   1.4378190e+01
   4.5950000e+00   1.4599454e+01   1.3894712e+01
   4.6000000e+00   1.4612523e+01   1.4212186e+01
   4.6050000e+00   1.4624275e+01   1.3742222e+01
   4.6100000e+00   1.4634671e+01   1.4764300e+01
   4.6150000e+00   1.4643669e+01   1.4995199e+01
   4.6200000e+00   1.4651232e+01   1.5241248e+01
   4.6250000e+00   1.4657324e+01   1.4877647e+01
   4.6300000e+00   1.4661911e+01   1.4420185e+01
   4.6350000e+00   1.4664961e+01   1.4317651e+01
   4.6400000e+00   1.4666446e+01   1.4232104e+01
   4.6450000e+00   1.4666341e+01   1.4012643e+01
   4.6500000e+00   1.4664622e+01   1.4236371e+01
   4.6550000e+00   1.4661271e+01   1.4749420e+01
   4.6600000e+00   1.4656273e+01   1.4682848e+01
   4.6650000e+00   1.4649615e+01   1.4672463e+01
   4.6700000e+00   1.4641292e+01   1.4437730e+01
   4.6750000e+00   1.4631299e+01   1.4633203e+01
   4.6800000e+00   1.4619637e+01   1.4277593e+01
   4.6850000e+00   1.4606310e+01   1.4121338e+01
   4.6900000e+00   1.4591325e+01   1.5034074e+01
   4.6950000e+00   1.4574695e+01   1.4640296e+01
   4.7000000e+00   1.4556435e+01   1.5009283e+01
   4.7050000e+00   1.4536562e+01   1.4976937e+01
   4.7100000e+00   1.4515096e+01   1.4547530e+01
   4.7150000e+00   1.4492063e+01   1.4988763e+01
   4.7200000e+00   1.4467491e+01   1.4574682e+01
   4.7250000e+00   1.4441413e+01   1.4108909e+01
   4.7300000e+00   1.4413868e+01   1.3420266e+01
   4.7350000e+00   1.4384896e+01   1.4275552e+01
   4.7400000e+00   1.4354540e+01   1.4501333e+01
   4.7450000e+00   1.4322850e+01   1.5231150e+01
   4.7500000e+00   1.4289875e+01   1.4805725e+01
   4.7550000e+00   1.4255670e+01   1.4457803e+01
   4.7600000e+00   1.4220289e+01   1.4048375e+01
   4.7650000e+00   1.4183790e+01   1.3826772e+01
   4.7700000e+00   1.4146232e+01   1.3552478e+01
   4.7750000e+00   1.4107677e+01   1.3931606e+01
   4.7800000e+00   1.4068189e+01   1.4449833e+01
   4.7850000e+00   1.4027835e+01   1.3890624e+01
   4.7900000e+00   1.3986680e+01   1.4377315e+01
   4.7950000e+00   1.3944791e+01   1.4379527e+01
   4.8000000e+00   1.3902238e+01   1.3749377e+01
   4.8050000e+00   1.3859087e+01   1.3855887e+01
   4.8100000e+00   1.3815409e+01   1.3324800e+01
   4.8150000e+00   1.3771269e+01   1.3118708e+01
   4.8200000e+00   1.3726738e+01   1.3636945e+01
   4.8250000e+00   1.3681880e+01   1.3768530e+01
   4.8300000e+00   1.3636764e+01   1.3722872e+01
   4.8350000e+00   1.3591454e+01   1.4288496e+01
   4.8400000e+00   1.3546015e+01   1.3906030e+01
   4.8450000e+00   1.3500508e+01   1.3544280e+01
   4.8500000e+00   1.3454996e+01   1.3296565e+01
   4.8550000e+00   1.3409539e+01   1.2725377e+01
   4.8600000e+00   1.3364195e+01   1.2771763e+01
   4.8650000e+00   1.3319023e+01   1.2883377e+01
   4.8700000e+00   1.3274079e+01   1.3234741e+01
   4.8750000e+00   1.3229416e+01   1.3552755e+01
   4.8800000e+00   1.3185087e+01   1.4177526e+01
   4.8850000e+00   1.3141143e+01   1.3729113e+01
   4.8900000e+00   1.3097632e+01   1.3068576e+01
   4.8950000e+00   1.3054601e+01   1.3035343e+01
   4.9000000e+00   1.3012093e+01   1.2742445e+01
   4.9050000e+00   1.2970151e+01   1.2749699e+01
   4.9100000e+00   1.2928812e+01   1.2728314e+01
   4.9150000e+00   1.2888113e+01   1.2691836e+01
   4.9200000e+00   1.2848089e+01   1.3425393e+01
   4.9250000e+00   1.2808772e+01   1.3393740e+01
   4.9300000e+00   1.2770192e+01   1.2839615e+01
   4.9350000e+00   1.2732378e+01   1.3184733e+01
   4.9400000e+00   1.2695356e+01   1.2266461e+01
   4.9450000e+00   1.2659151e+01   1.2370063e+01
   4.9500000e+00   1.2623787e+01   1.1965242e+01
   4.9550000e+00   1.2589285e+01   1.2832019e+01
   4.9600000e+00   1.2555668e+01   1.2729103e+01
   4.9650000e+00   1.2522955e+01   1.2860680e+01
   4.9700000e+00   1.2491167e+01   1.3168749e+01
   4.9750000e+00   1.2460322e+01   1.2628763e+01
   4.9800000e+00   1.2430435e+01   1.2731811e+01
   4.9850000e+00   1.2401521e+01   1.2446805e+01
   4.9900000e+00   1.2373597e+01   1.1907871e+01
   4.9950000e+00   1.2346674e+01   1.2636059e+01
   5.0000000e+00   1.2320767e+01   1.2171339e+01
   5.0050000e+00   1.2295886e+01   1.2417253e+01
   5.0100000e+00   1.2272045e+01   1.2449056e+01
   5.0150000e+00   1.2249253e+01   1.2352552e+01
   5.0200000e+00   1.2227523e+01   1.2457281e+01
   5.0250000e+00   1.2206862e+01   1.1876796e+01
   5.0300000e+00   1.2187280e+01   1.1912584e+01
   5.0350000e+00   1.2168784e+01   1.1774775e+01
   5.0400000e+00   1.2151380e+01   1.1752360e+01
   5.0450000e+00   1.2135073e+01   1.2132870e+01
   5.0500000e+00   1.2119869e+01   1.2310262e+01
   5.0550000e+00   1.2105773e+01   1.2656023e+01
   5.0600000e+00   1.2092791e+01   1.2375346e+01
   5.0650000e+00   1.2080924e+01   1.2303451e+01
   5.0700000e+00   1.2070176e+01   1.0994347e+01
   5.0750000e+00   1.2060549e+01   1.2024037e+01
   5.0800000e+00   1.2052045e+01   1.1348857e+01
   5.0850000e+00   1.2044663e+01   1.2112255e+01
   5.0900000e+00   1.2038402e+01   1.1786970e+01
   5.0950000e+00   1.2033261e+01   1.2657215e+01
   5.1000000e+00   1.2029236e+01   1.2202916e+01
   5.1050000e+00   1.2026321e+01   1.2866015e+01
   5.1100000e+00   1.2024511e+01   1.1939910e+01
   5.1150000e+00   1.2023796e+01   1.1653653e+01
   5.1200000e+00   1.2024167e+01   1.1326467e+01
   5.1250000e+00   1.2025610e+01   1.1576525e+01
   5.1300000e+00   1.2028111e+01   1.2005022e+01
   5.1350000e+00   1.2031655e+01   1.2344057e+01
   5.1400000e+00   1.2036223e+01   1.2484015e+01
   5.1450000e+00   1.2041794e+01   1.2138780e+01
   5.1500000e+00   1.2048348e+01   1.1910276e+01
   5.1550000e+00   1.2055861e+01   1.1965304e+01
   5.1600000e+00   1.2064308e+01   1.1718906e+01
   5.1650000e+00   1.2073663e+01   1.1382693e+01
   5.1700000e+00   1.2083896e+01   1.2248382e+01
   5.1750000e+00   1.2094977e+01   1.2179258e+01
   5.1800000e+00   1.2106870e+01   1.2858025e+01
   5.1850000e+00   1.2119539e+01   1.2445040e+01
   5.1900000e+00   1.2132948e+01   1.2898021e+01
   5.1950000e+00   1.2147057e+01   1.2258521e+01
   5.2000000e+00   1.2161823e+01   1.2031482e+01
   5.2050000e+00   1.2177203e+01   1.1370307e+01
   5.2100000e+00   1.2193151e+01   1.1776129e+01
   5.2150000e+00   1.2209620e+01   1.2510359e+01
   5.2200000e+00   1.2226561e+01   1.2416618e+01
   5.2250000e+00   1.2243923e+01   1.2709879e+01
   5.2300000e+00   1.2261657e+01   1.2981262e+01
   5.2350000e+00   1.2279711e+01   1.2736950e+01
   5.2400000e+00   1.2298032e+01   1.2213513e+01
   5.2450000e+00   1.2316569e+01   1.2016338e+01
   5.2500000e+00   1.2335269e+01   1.2020194e+01
   5.2550000e+00   1.2354078e+01   1.1980564e+01
   5.2600000e+00   1.2372946e+01   1.2055146e+01
   5.2650000e+00   1.2391820e+01   1.2957691e+01
   5.2700000e+00   1.2410647e+01   1.2951848e+01
   5.2750000e+00   1.2429379e+01   1.2892192e+01
   5.2800000e+00   1.2447967e+01   1.2916331e+01
   5.2850000e+00   1.2466366e+01   1.1850512e+01
   5.2900000e+00   1.2484530e+01   1.2348707e+01
   5.2950000e+00   1.2502416e+01   1.2057147e+01
   5.3000000e+00   1.2519985e+01   1.2352392e+01
   5.3050000e+00   1.2537195e+01   1.2822905e+01
   5.3100000e+00   1.2554007e+01   1.2520050e+01
   5.3150000e+00   1.2570386e+01   1.3551934e+01
   5.3200000e+00   1.2586298e+01   1.2937904e+01
   5.3250000e+00   1.2601710e+01   1.2111942e+01
   5.3300000e+00   1.2616594e+01   1.1938301e+01
   5.3350000e+00   1.2630922e+01   1.2468956e+01
   5.3400000e+00   1.2644670e+01   1.2237282e+01
   5.3450000e+00   1.2657816e+01   1.2445761e+01
   5.3500000e+00   1.2670341e+01   1.2902677e+01
   5.3550000e+00   1.2682230e+01   1.2868596e+01
   5.3600000e+00   1.2693471e+01   1.3275871e+01
   5.3650000e+00   1.2704054e+01   1.2882972e+01
   5.3700000e+00   1.2713972e+01   1.2747967e+01
   5.3750000e+00   1.2723222e+01   1.2769793e+01
   5.3800000e+00   1.2731804e+01   1.2390653e+01
   5.3850000e+00   1.2739721e+01   1.2695673e+01
   5.3900000e+00   1.2746977e+01   1.2947851e+01
   5.3950000e+00   1.2753581e+01   1.3033174e+01
   5.4000000e+00   1.2759545e+01   1.3192405e+01
   5.4050000e+00   1.2764882e+01   1.3401488e+01
   5.4100000e+00   1.2769608e+01   1.2690520e+01
   5.4150000e+00   1.2773741e+01   1.2601778e+01
   5.4200000e+00   1.2777304e+01   1.2490546e+01
   5.4250000e+00   1.2780318e+01   1.2425664e+01
   5.4300000e+00   1.2782810e+01   1.2311978e+01
   5.4350000e+00   1.2784811e+01   1.2857480e+01
   5.4400000e+00   1.2786350e+01   1.3130516e+01
   5.4450000e+00   1.2787459e+01   1.2996082e+01
   5.4500000e+00   1.2788172e+01   1.2963454e+01
   5.4550000e+00   1.2788525e+01   1.2789167e+01
   5.4600000e+00   1.2788554e+01   1.2814747e+01
   5.4650000e+00   1.2788296e+01   1.2499107e+01
   5.4700000e+00   1.2787790e+01   1.2653980e+01
   5.4750000e+00   1.2787073e+01   1.2780211e+01
   5.4800000e+00   1.2786182e+01   1.2994557e+01
   5.4850000e+00   1.2785153e+01   1.3206621e+01
   5.4900000e+00   1.2784021e+01   1.3331542e+01
   5.4950000e+00   1.2782820e+01   1.3440255e+01
   5.5000000e+00   1.2781585e+01   1.2848735e+01
   5.5050000e+00   1.2780347e+01   1.2705710e+01
   5.5100000e+00   1.2779137e+01   1.2274638e+01
   5.5150000e+00   1.2777986e+01   1.1841747e+01
   5.5200000e+00   1.2776920e+01   1.2573561e+01
   5.5250000e+00   1.2775968e+01   1.3036197e+01
   5.5300000e+00   1.2775152e+01   1.3073783e+01
   5.5350000e+00   1.2774494e+01   1.3233246e+01
   5.5400000e+00   1.2774013e+01   1.2638828e+01
   5.5450000e+00   1.2773726e+01   1.2496323e+01
   5.5500000e+00   1.2773649e+01   1.2169039e+01
   5.5550000e+00   1.2773795e+01   1.2218962e+01
   5.5600000e+00   1.2774175e+01   1.2546936e+01
   5.5650000e+00   1.2774800e+01   1.2900704e+01
   5.5700000e+00   1.2775680e+01   1.3356057e+01
   5.5750000e+00   1.2776820e+01   1.3522800e+01
   5.5800000e+00   1.2778225e+01   1.3091483e+01
   5.5850000e+00   1.2779898e+01   1.3303080e+01
   5.5900000e+00   1.2781840e+01   1.2592286e+01
   5.5950000e+00   1.2784048e+01   1.2078084e+01
   5.6000000e+00   1.2786521e+01   1.2075237e+01
   5.6050000e+00   1.2789252e+01   1.2295727e+01
   5.6100000e+00   1.2792235e+01   1.2564310e+01
   5.6150000e+00   1.2795459e+01   1.3514509e+01
   5.6200000e+00   1.2798914e+01   1.3232227e+01
   5.6250000e+00   1.2802588e+01   1.3409268e+01
   5.6300000e+00   1.2806470e+01   1.2709491e+01
   5.6350000e+00   1.2810544e+01   1.2861255e+01
   5.6400000e+00   1.2814797e+01   1.2410463e+01
   5.6450000e+00   1.2819212e+01   1.2152714e+01
   5.6500000e+00   1.2823773e+01   1.2868732e+01
   5.6550000e+00   1.2828462e+01   1.3177999e+01
   5.6600000e+00   1.2833259e+01   1.2895814e+01
   5.6650000e+00   1.2838144e+01   1.2969365e+01
   5.6700000e+00   1.2843098e+01   1.3145685e+01
   5.6750000e+00   1.2848101e+01   1.2594349e+01
   5.6800000e+00   1.2853132e+01   1.2337753e+01
   5.6850000e+00   1.2858171e+01   1.2549447e+01
   5.6900000e+00   1.2863196e+01   1.2573344e+01
   5.6950000e+00   1.2868187e+01   1.3084315e+01
   5.7000000e+00   1.2873123e+01   1.3240959e+01
   5.7050000e+00   1.2877984e+01   1.3730620e+01
   5.7100000e+00   1.2882750e+01   1.3232857e+01
   5.7150000e+00   1.2887404e+01   1.3092089e+01
   5.7200000e+00   1.2891925e+01   1.2691915e+01
   5.7250000e+00   1.2896299e+01   1.2483992e+01
   5.7300000e+00   1.2900510e+01   1.2143304e+01
   5.7350000e+00   1.2904546e+01   1.2797367e+01
   5.7400000e+00   1.2908395e+01   1.2811367e+01
   5.7450000e+00   1.2912047e+01   1.3034196e+01
   5.7500000e+00   1.2915496e+01   1.4056240e+01
   5.7550000e+00   1.2918734e+01   1.3034662e+01
   5.7600000e+00   1.2921756e+01   1.2410377e+01
   5.7650000e+00   1.2924558e+01   1.2570598e+01
   5.7700000e+00   1.2927135e+01   1.2223235e+01
   5.7750000e+00   1.2929485e+01   1.2936125e+01
   5.7800000e+00   1.2931607e+01   1.2874594e+01
   5.7850000e+00   1.2933499e+01   1.3171857e+01
   5.7900000e+00   1.2935163e+01   1.3272126e+01
   5.7950000e+00   1.2936600e+01   1.3409979e+01
   5.8000000e+00   1.2937812e+01   1.2779373e+01
   5.8050000e+00   1.2938802e+01   1.2727347e+01
   5.8100000e+00   1.2939573e+01   1.2850294e+01
   5.8150000e+00   1.2940127e+01   1.2140307e+01
   5.8200000e+00   1.2940470e+01   1.2360842e+01
   5.8250000e+00   1.2940603e+01   1.2990196e+01
   5.8300000e+00   1.2940532e+01   1.3287936e+01
   5.8350000e+00   1.2940261e+01   1.3616319e+01
   5.8400000e+00   1.2939794e+01   1.3624816e+01
   5.8450000e+00   1.2939137e+01   1.3055359e+01
   5.8500000e+00   1.2938296e+01   1.3377062e+01
   5.8550000e+00   1.2937278e+01   1.2472691e+01
   5.8600000e+00   1.2936087e+01   1.2666454e+01
   5.8650000e+00   1.2934734e+01   1.2594544e+01
   5.8700000e+00   1.2933223e+01   1.3029463e+01
   5.8750000e+00   1.2931562e+01   1.2921777e+01
   5.8800000e+00   1.2929756e+01   1.3521777e+01
   5.8850000e+00   1.2927810e+01   1.3248921e+01
   5.8900000e+00   1.2925729e+01   1.2650160e+01
   5.8950000e+00   1.2923519e+01   1.2738683e+01
   5.9000000e+00   1.2921185e+01   1.1866637e+01
   5.9050000e+00   1.2918732e+01   1.2555989e+01
   5.9100000e+00   1.2916167e+01   1.2957500e+01
   5.9150000e+00   1.2913497e+01   1.2898472e+01
   5.9200000e+00   1.2910728e+01   1.3440025e+01
   5.9250000e+00   1.2907864e+01   1.3481132e+01
   5.9300000e+00   1.2904912e+01   1.3056851e+01
   5.9350000e+00   1.2901877e+01   1.2907739e+01
   5.9400000e+00   1.2898765e+01   1.2260179e+01
   5.9450000e+00   1.2895581e+01   1.2569597e+01
   5.9500000e+00   1.2892330e+01   1.2731948e+01
   5.9550000e+00   1.2889018e+01   1.2772649e+01
   5.9600000e+00   1.2885650e+01   1.2994259e+01
   5.9650000e+00   1.2882229e+01   1.3849540e+01
   5.9700000e+00   1.2878760e+01   1.2911651e+01
   5.9750000e+00   1.2875247e+01   1.3461500e+01
   5.9800000e+00   1.2871694e+01   1.2969559e+01
   5.9850000e+00   1.2868104e+01   1.2736284e+01
   5.9900000e+00   1.2864477e+01   1.2695801e+01
   5.9950000e+00   1.2860818e+01   1.1902300e+01
   6.0000000e+00   1.2857127e+01   1.2974734e+01
   6.0050000e+00   1.2853407e+01   1.3193753e+01
   6.0100000e+00   1.2849658e+01   1.3355284e+01
   6.0150000e+00   1.2845882e+01   1.3078265e+01
   6.0200000e+00   1.2842080e+01   1.2560843e+01
   6.0250000e+00   1.2838255e+01   1.2369649e+01
   6.0300000e+00   1.2834411e+01   1.2462637e+01
   6.0350000e+00   1.2830550e+01   1.2375028e+01
   6.0400000e+00   1.2826676e+01   1.2733091e+01
   6.0450000e+00   1.2822793e+01   1.3127305e+01
   6.0500000e+00   1.2818905e+01   1.2945651e+01
   6.0550000e+00   1.2815015e+01   1.3309054e+01
   6.0600000e+00   1.2811129e+01   1.3279606e+01
   6.0650000e+00   1.2807249e+01   1.2616442e+01
   6.0700000e+00   1.2803380e+01   1.2849934e+01
   6.0750000e+00   1.2799527e+01   1.2525293e+01
   6.0800000e+00   1.2795695e+01   1.2278881e+01
   6.0850000e+00   1.2791888e+01   1.2675430e+01
   6.0900000e+00   1.2788110e+01   1.3156209e+01
   6.0950000e+00   1.2784366e+01   1.3079625e+01
   6.1000000e+00   1.2780661e+01   1.2784685e+01
   6.1050000e+00   1.2776998e+01   1.3138898e+01
   6.1100000e+00   1.2773383e+01   1.2697343e+01
   6.1150000e+00   1.2769819e+01   1.2072117e+01
   6.1200000e+00   1.2766309e+01   1.2608418e+01
   6.1250000e+00   1.2762858e+01   1.2540344e+01
   6.1300000e+00   1.2759471e+01   1.2715368e+01
   6.1350000e+00   1.2756153e+01   1.3205017e+01
   6.1400000e+00   1.2752910e+01   1.3268755e+01
   6.1450000e+00   1.2749745e+01   1.3027509e+01
   6.1500000e+00   1.2746662e+01   1.2472786e+01
   6.1550000e+00   1.2743664e+01   1.2437938e+01
   6.1600000e+00   1.2740755e+01   1.2375150e+01
   6.1650000e+00   1.2737935e+01   1.2011554e+01
   6.1700000e+00   1.2735208e+01   1.2212903e+01
   6.1750000e+00   1.2732576e+01   1.3149075e+01
   6.1800000e+00   1.2730041e+01   1.3285761e+01
   6.1850000e+00   1.2727606e+01   1.3407882e+01
   6.1900000e+00   1.2725271e+01   1.2552616e+01
   6.1950000e+00   1.2723038e+01   1.2632355e+01
   6.2000000e+00   1.2720908e+01   1.2730347e+01
   6.2050000e+00   1.2718881e+01   1.2315719e+01
   6.2100000e+00   1.2716957e+01   1.1767660e+01
   6.2150000e+00   1.2715136e+01   1.2767672e+01
   6.2200000e+00   1.2713422e+01   1.2919818e+01
   6.2250000e+00   1.2711813e+01   1.3420461e+01
   6.2300000e+00   1.2710311e+01   1.2757984e+01
   6.2350000e+00   1.2708916e+01   1.3216406e+01
   6.2400000e+00   1.2707628e+01   1.2538229e+01
   6.2450000e+00   1.2706448e+01   1.2442155e+01
   6.2500000e+00   1.2705378e+01   1.1706318e+01
   6.2550000e+00   1.2704417e+01   1.2461891e+01
   6.2600000e+00   1.2703565e+01   1.2044194e+01
   6.2650000e+00   1.2702823e+01   1.3063493e+01
   6.2700000e+00   1.2702194e+01   1.3187901e+01
   6.2750000e+00   1.2701678e+01   1.3163103e+01
   6.2800000e+00   1.2701273e+01   1.3100592e+01
   6.2850000e+00   1.2700978e+01   1.2431083e+01
   6.2900000e+00   1.2700794e+01   1.2160132e+01
   6.2950000e+00   1.2700718e+01   1.2261514e+01
   6.3000000e+00   1.2700748e+01   1.2755387e+01
   6.3050000e+00   1.2700884e+01   1.2631000e+01
   6.3100000e+00   1.2701125e+01   1.2887485e+01
   6.3150000e+00   1.2701473e+01   1.2840033e+01
   6.3200000e+00   1.2701925e+01   1.3486577e+01
   6.3250000e+00   1.2702482e+01   1.2959884e+01
   6.3300000e+00   1.2703143e+01   1.2539972e+01
   6.3350000e+00   1.2703910e+01   1.2583715e+01
   6.3400000e+00   1.2704781e+01   1.2309094e+01
   6.3450000e+00   1.2705758e+01   1.2335946e+01
   6.3500000e+00   1.2706841e+01   1.2768359e+01
   6.3550000e+00   1.2708029e+01   1.3305273e+01
   6.3600000e+00   1.2709323e+01   1.3691453e+01
   6.3650000e+00   1.2710722e+01   1.3194000e+01
   6.3700000e+00   1.2712226e+01   1.2615523e+01
   6.3750000e+00   1.2713836e+01   1.2358670e+01
   6.3800000e+00   1.2715551e+01   1.2322388e+01
   6.3850000e+00   1.2717371e+01   1.2249722e+01
   6.3900000e+00   1.2719295e+01   1.2238911e+01
   6.3950000e+00   1.2721322e+01   1.2790065e+01
   6.4000000e+00   1.2723455e+01   1.3023714e+01
   6.4050000e+00   1.2725694e+01   1.2915156e+01
   6.4100000e+00   1.2728039e+01   1.2809304e+01
   6.4150000e+00   1.2730493e+01   1.2605216e+01
   6.4200000e+00   1.2733055e+01   1.2068281e+01
   6.4250000e+00   1.2735727e+01   1.2167212e+01
   6.4300000e+00   1.2738508e+01   1.2638122e+01
   6.4350000e+00   1.2741398e+01   1.2882420e+01
   6.4400000e+00   1.2744399e+01   1.3198312e+01
   6.4450000e+00   1.2747509e+01   1.3206348e+01
   6.4500000e+00   1.2750730e+01   1.3280361e+01
   6.4550000e+00   1.2754063e+01   1.2686229e+01
   6.4600000e+00   1.2757511e+01   1.2485149e+01
   6.4650000e+00   1.2761074e+01   1.1720890e+01
   6.4700000e+00   1.2764753e+01   1.2379352e+01
   6.4750000e+00   1.2768547e+01   1.2040071e+01
   6.4800000e+00   1.2772457e+01   1.2708456e+01
   6.4850000e+00   1.2776482e+01   1.3517425e+01
   6.4900000e+00   1.2780624e+01   1.3694526e+01
   6.4950000e+00   1.2784881e+01   1.3506310e+01
   6.5000000e+00   1.2789254e+01   1.2516545e+01
   6.5050000e+00   1.2793738e+01   1.2272213e+01
   6.5100000e+00   1.2798334e+01   1.2267772e+01
   6.5150000e+00   1.2803040e+01   1.2400018e+01
   6.5200000e+00   1.2807855e+01   1.2659137e+01
   6.5250000e+00   1.2812774e+01   1.3233892e+01
   6.5300000e+00   1.2817798e+01   1.3285531e+01
   6.5350000e+00   1.2822923e+01   1.3552529e+01
   6.5400000e+00   1.2828151e+01   1.3162830e+01
   6.5450000e+00   1.2833479e+01   1.2792208e+01
   6.5500000e+00   1.2838907e+01   1.2316481e+01
   6.5550000e+00   1.2844434e+01   1.2460620e+01
   6.5600000e+00   1.2850057e+01   1.2731473e+01
   6.5650000e+00   1.2855773e+01   1.3180185e+01
   6.5700000e+00   1.2861579e+01   1.3323122e+01
   6.5750000e+00   1.2867472e+01   1.2971767e+01
   6.5800000e+00   1.2873450e+01   1.3758209e+01
   6.5850000e+00   1.2879508e+01   1.2880076e+01
   6.5900000e+00   1.2885643e+01   1.2849013e+01
   6.5950000e+00   1.2891850e+01   1.1722819e+01
   6.6000000e+00   1.2898124e+01   1.3038464e+01
   6.6050000e+00   1.2904462e+01   1.2358356e+01
   6.6100000e+00   1.2910859e+01   1.2828606e+01
   6.6150000e+00   1.2917310e+01   1.3227970e+01
   6.6200000e+00   1.2923812e+01   1.3499344e+01
   6.6250000e+00   1.2930360e+01   1.3019147e+01
   6.6300000e+00   1.2936947e+01   1.3215919e+01
   6.6350000e+00   1.2943570e+01   1.2130575e+01
   6.6400000e+00   1.2950222e+01   1.2452120e+01
   6.6450000e+00   1.2956899e+01   1.2552962e+01
   6.6500000e+00   1.2963596e+01   1.2731931e+01
   6.6550000e+00   1.2970305e+01   1.2713978e+01
   6.6600000e+00   1.2977021e+01   1.3511069e+01
   6.6650000e+00   1.2983738e+01   1.3224998e+01
   6.6700000e+00   1.2990450e+01   1.3422451e+01
   6.6750000e+00   1.2997153e+01   1.2859594e+01
   6.6800000e+00   1.3003842e+01   1.2822062e+01
   6.6850000e+00   1.3010511e+01   1.2689863e+01
   6.6900000e+00   1.3017155e+01   1.2717598e+01
   6.6950000e+00   1.3023771e+01   1.3037573e+01
   6.7000000e+00   1.3030353e+01   1.3263079e+01
   6.7050000e+00   1.3036895e+01   1.3699399e+01
   6.7100000e+00   1.3043392e+01   1.3256795e+01
   6.7150000e+00   1.3049834e+01   1.3183362e+01
   6.7200000e+00   1.3056216e+01   1.2842979e+01
   6.7250000e+00   1.3062532e+01   1.2510129e+01
   6.7300000e+00   1.3068776e+01   1.2481558e+01
   6.7350000e+00   1.3074941e+01   1.2654868e+01
   6.7400000e+00   1.3081021e+01   1.3278446e+01
   6.7450000e+00   1.3087010e+01   1.3826206e+01
   6.7500000e+00   1.3092902e+01   1.3870170e+01
   6.7550000e+00   1.3098691e+01   1.3145474e+01
   6.7600000e+00   1.3104374e+01   1.3199933e+01
   6.7650000e+00   1.3109945e+01   1.2927452e+01
   6.7700000e+00   1.3115397e+01   1.2415945e+01
   6.7750000e+00   1.3120725e+01   1.2635459e+01
   6.7800000e+00   1.3125923e+01   1.3111132e+01
   6.7850000e+00   1.3130984e+01   1.3058322e+01
   6.7900000e+00   1.3135901e+01   1.3566167e+01
   6.7950000e+00   1.3140667e+01   1.3858100e+01
   6.8000000e+00   1.3145275e+01   1.3414482e+01
   6.8050000e+00   1.3149717e+01   1.3367586e+01
   6.8100000e+00   1.3153986e+01   1.2905566e+01
   6.8150000e+00   1.3158075e+01   1.2490016e+01
   6.8200000e+00   1.3161979e+01   1.3145756e+01
   6.8250000e+00   1.3165692e+01   1.3134899e+01
   6.8300000e+00   1.3169208e+01   1.3091271e+01
   6.8350000e+00   1.3172522e+01   1.3456449e+01
   6.8400000e+00   1.3175629e+01   1.3373923e+01
   6.8450000e+00   1.3178524e+01   1.2797906e+01
   6.8500000e+00   1.3181203e+01   1.2998850e+01
   6.8550000e+00   1.3183662e+01   1.2809282e+01
   6.8600000e+00   1.3185898e+01   1.2818119e+01
   6.8650000e+00   1.3187906e+01   1.2998450e+01
   6.8700000e+00   1.3189682e+01   1.3333905e+01
   6.8750000e+00   1.3191223e+01   1.3352731e+01
   6.8800000e+00   1.3192527e+01   1.3415018e+01
   6.8850000e+00   1.3193591e+01   1.3670819e+01
   6.8900000e+00   1.3194413e+01   1.3124619e+01
   6.8950000e+00   1.3194991e+01   1.2971529e+01
   6.9000000e+00   1.3195324e+01   1.2575001e+01
   6.9050000e+00   1.3195411e+01   1.2677131e+01
   6.9100000e+00   1.3195253e+01   1.3248640e+01
   6.9150000e+00   1.3194850e+01   1.3181786e+01
   6.9200000e+00   1.3194202e+01   1.2982425e+01
   6.9250000e+00   1.3193310e+01   1.3590215e+01
   6.9300000e+00   1.3192175e+01   1.3555767e+01
   6.9350000e+00   1.3190798e+01   1.3454157e+01
   6.9400000e+00   1.3189182e+01   1.2765930e+01
   6.9450000e+00   1.3187329e+01   1.2686205e+01
   6.9500000e+00   1.3185243e+01   1.2911660e+01
   6.9550000e+00   1.3182929e+01   1.3228038e+01
   6.9600000e+00   1.3180392e+01   1.3694929e+01
   6.9650000e+00   1.3177640e+01   1.3426919e+01
   6.9700000e+00   1.3174685e+01   1.3776821e+01
   6.9750000e+00   1.3171534e+01   1.3253439e+01
   6.9800000e+00   1.3168197e+01   1.3070052e+01
   6.9850000e+00   1.3164686e+01   1.3077076e+01
   6.9900000e+00   1.3161012e+01   1.2538612e+01
   6.9950000e+00   1.3157188e+01   1.3209856e+01
   7.0000000e+00   1.3153227e+01   1.3142817e+01
   7.0050000e+00   1.3149144e+01   1.3335452e+01
   7.0100000e+00   1.3144953e+01   1.3812256e+01
   7.0150000e+00   1.3140669e+01   1.3303627e+01
   7.0200000e+00   1.3136310e+01   1.3147066e+01
   7.0250000e+00   1.3131893e+01   1.2818379e+01
   7.0300000e+00   1.3127437e+01   1.2444362e+01
   7.0350000e+00   1.3122960e+01   1.2810317e+01
   7.0400000e+00   1.3118481e+01   1.3121608e+01
   7.0450000e+00   1.3114019e+01   1.3058489e+01
   7.0500000e+00   1.3109595e+01   1.3709896e+01
   7.0550000e+00   1.3105228e+01   1.3346508e+01
   7.0600000e+00   1.3100939e+01   1.3582191e+01
   7.0650000e+00   1.3096747e+01   1.2898181e+01
   7.0700000e+00   1.3092671e+01   1.2558385e+01
   7.0750000e+00   1.3088729e+01   1.2855344e+01
   7.0800000e+00   1.3084938e+01   1.2560756e+01
   7.0850000e+00   1.3081315e+01   1.2648713e+01
   7.0900000e+00   1.3077877e+01   1.3302643e+01
   7.0950000e+00   1.3074639e+01   1.3284317e+01
   7.1000000e+00   1.3071616e+01   1.3086191e+01
   7.1050000e+00   1.3068822e+01   1.3242517e+01
   7.1100000e+00   1.3066273e+01   1.2537411e+01
   7.1150000e+00   1.3063980e+01   1.2629193e+01
   7.1200000e+00   1.3061960e+01   1.1964138e+01
   7.1250000e+00   1.3060223e+01   1.2514499e+01
   7.1300000e+00   1.3058780e+01   1.2939199e+01
   7.1350000e+00   1.3057641e+01   1.3279373e+01
   7.1400000e+00   1.3056816e+01   1.3568450e+01
   7.1450000e+00   1.3056312e+01   1.3185223e+01
   7.1500000e+00   1.3056135e+01   1.3245857e+01
   7.1550000e+00   1.3056289e+01   1.2901103e+01
   7.1600000e+00   1.3056775e+01   1.2427068e+01
   7.1650000e+00   1.3057597e+01   1.3472577e+01
   7.1700000e+00   1.3058752e+01   1.3087368e+01
   7.1750000e+00   1.3060239e+01   1.3369738e+01
   7.1800000e+00   1.3062055e+01   1.3450788e+01
   7.1850000e+00   1.3064196e+01   1.3098058e+01
   7.1900000e+00   1.3066658e+01   1.3216510e+01
   7.1950000e+00   1.3069433e+01   1.2966237e+01
   7.2000000e+00   1.3072513e+01   1.2841770e+01
   7.2050000e+00   1.3075889e+01   1.2385970e+01
   7.2100000e+00   1.3079549e+01   1.2696521e+01
   7.2150000e+00   1.3083480e+01   1.3115846e+01
   7.2200000e+00   1.3087667e+01   1.3191439e+01
   7.2250000e+00   1.3092094e+01   1.3219399e+01
   7.2300000e+00   1.3096744e+01   1.3618656e+01
   7.2350000e+00   1.3101598e+01   1.3476473e+01
   7.2400000e+00   1.3106638e+01   1.2688888e+01
   7.2450000e+00   1.3111844e+01   1.3037331e+01
   7.2500000e+00   1.3117193e+01   1.2606969e+01
   7.2550000e+00   1.3122664e+01   1.2573380e+01
   7.2600000e+00   1.3128232e+01   1.2950741e+01
   7.2650000e+00   1.3133871e+01   1.3644854e+01
   7.2700000e+00   1.3139556e+01   1.3623973e+01
   7.2750000e+00   1.3145259e+01   1.3558917e+01
   7.2800000e+00   1.3150954e+01   1.3168346e+01
   7.2850000e+00   1.3156613e+01   1.3062981e+01
   7.2900000e+00   1.3162209e+01   1.2465681e+01
   7.2950000e+00   1.3167715e+01   1.2730689e+01
   7.3000000e+00   1.3173107e+01   1.3731415e+01
   7.3050000e+00   1.3178356e+01   1.3207282e+01
   7.3100000e+00   1.3183438e+01   1.3392289e+01
   7.3150000e+00   1.3188327e+01   1.3889230e+01
   7.3200000e+00   1.3192996e+01   1.3396551e+01
   7.3250000e+00   1.3197425e+01   1.3120283e+01
   7.3300000e+00   1.3201589e+01   1.2871997e+01
   7.3350000e+00   1.3205469e+01   1.2692933e+01
   7.3400000e+00   1.3209043e+01   1.2811496e+01
   7.3450000e+00   1.3212293e+01   1.3138382e+01
   7.3500000e+00   1.3215200e+01   1.3395223e+01
   7.3550000e+00   1.3217746e+01   1.3421673e+01
   7.3600000e+00   1.3219913e+01   1.3627452e+01
   7.3650000e+00   1.3221685e+01   1.3456710e+01
   7.3700000e+00   1.3223043e+01   1.3116395e+01
   7.3750000e+00   1.3223971e+01   1.3215927e+01
   7.3800000e+00   1.3224455e+01   1.3320946e+01
   7.3850000e+00   1.3224480e+01   1.2677476e+01
   7.3900000e+00   1.3224035e+01   1.3148551e+01
   7.3950000e+00   1.3223108e+01   1.3585802e+01
   7.4000000e+00   1.3221689e+01   1.4031883e+01
   7.4050000e+00   1.3219769e+01   1.3725739e+01
   7.4100000e+00   1.3217343e+01   1.3393356e+01
   7.4150000e+00   1.3214405e+01   1.3185923e+01
   7.4200000e+00   1.3210952e+01   1.2455639e+01
   7.4250000e+00   1.3206982e+01   1.2774524e+01
   7.4300000e+00   1.3202494e+01   1.2779350e+01
   7.4350000e+00   1.3197486e+01   1.2788842e+01
   7.4400000e+00   1.3191959e+01   1.3380538e+01
   7.4450000e+00   1.3185916e+01   1.3609925e+01
   7.4500000e+00   1.3179357e+01   1.3558608e+01
   7.4550000e+00   1.3172286e+01   1.3125538e+01
   7.4600000e+00   1.3164707e+01   1.3092681e+01
   7.4650000e+00   1.3156626e+01   1.2726318e+01
   7.4700000e+00   1.3148047e+01   1.2366136e+01
   7.4750000e+00   1.3138980e+01   1.2572825e+01
   7.4800000e+00   1.3129430e+01   1.3462673e+01
   7.4850000e+00   1.3119406e+01   1.3692038e+01
   7.4900000e+00   1.3108916e+01   1.3405452e+01
   7.4950000e+00   1.3097971e+01   1.3179083e+01
   7.5000000e+00   1.3086580e+01   1.3022719e+01
   7.5050000e+00   1.3074754e+01   1.2712579e+01
   7.5100000e+00   1.3062505e+01   1.2582441e+01
   7.5150000e+00   1.3049848e+01   1.3011498e+01
   7.5200000e+00   1.3036797e+01   1.3269911e+01
   7.5250000e+00   1.3023367e+01   1.3068131e+01
   7.5300000e+00   1.3009574e+01   1.3667138e+01
   7.5350000e+00   1.2995432e+01   1.3691832e+01
   7.5400000e+00   1.2980957e+01   1.3439990e+01
   7.5450000e+00   1.2966164e+01   1.3014706e+01
   7.5500000e+00   1.2951066e+01   1.2660211e+01
   7.5550000e+00   1.2935680e+01   1.2352524e+01
   7.5600000e+00   1.2920019e+01   1.2415388e+01
   7.5650000e+00   1.2904097e+01   1.2958578e+01
   7.5700000e+00   1.2887929e+01   1.3365588e+01
   7.5750000e+00   1.2871530e+01   1.3530428e+01
   7.5800000e+00   1.2854913e+01   1.2904164e+01
   7.5850000e+00   1.2838090e+01   1.2865397e+01
   7.5900000e+00   1.2821075e+01   1.2724506e+01
   7.5950000e+00   1.2803880e+01   1.2343821e+01
   7.6000000e+00   1.2786518e+01   1.2220255e+01
   7.6050000e+00   1.2769000e+01   1.2456356e+01
   7.6100000e+00   1.2751337e+01   1.2622169e+01
   7.6150000e+00   1.2733543e+01   1.3396387e+01
   7.6200000e+00   1.2715629e+01   1.3152198e+01
   7.6250000e+00   1.2697607e+01   1.2777809e+01
   7.6300000e+00   1.2679490e+01   1.2749571e+01
   7.6350000e+00   1.2661291e+01   1.2111871e+01
   7.6400000e+00   1.2643020e+01   1.2204903e+01
   7.6450000e+00   1.2624689e+01   1.2144140e+01
   7.6500000e+00   1.2606308e+01   1.2671135e+01
   7.6550000e+00   1.2587887e+01   1.2443330e+01
   7.6600000e+00   1.2569437e+01   1.2992532e+01
   7.6650000e+00   1.2550964e+01   1.3091680e+01
   7.6700000e+00   1.2532478e+01   1.2604450e+01
   7.6750000e+00   1.2513986e+01   1.2434300e+01
   7.6800000e+00   1.2495493e+01   1.2246885e+01
   7.6850000e+00   1.2477007e+01   1.1689912e+01
   7.6900000e+00   1.2458532e+01   1.2222172e+01
   7.6950000e+00   1.2440074e+01   1.2732698e+01
   7.7000000e+00   1.2421637e+01   1.2724521e+01
   7.7050000e+00   1.2403226e+01   1.2439952e+01
   7.7100000e+00   1.2384845e+01   1.2729351e+01
   7.7150000e+00   1.2366499e+01   1.2954240e+01
   7.7200000e+00   1.2348191e+01   1.1977468e+01
   7.7250000e+00   1.2329926e+01   1.2141338e+01
   7.7300000e+00   1.2311706e+01   1.1738441e+01
   7.7350000e+00   1.2293537e+01   1.1811749e+01
   7.7400000e+00   1.2275423e+01   1.2351808e+01
   7.7450000e+00   1.2257369e+01   1.2549679e+01
   7.7500000e+00   1.2239379e+01   1.2937985e+01
   7.7550000e+00   1.2221459e+01   1.2514936e+01
   7.7600000e+00   1.2203615e+01   1.1910148e+01
   7.7650000e+00   1.2185850e+01   1.1800206e+01
   7.7700000e+00   1.2168170e+01   1.1385730e+01
   7.7750000e+00   1.2150578e+01   1.2095459e+01
   7.7800000e+00   1.2133082e+01   1.2119697e+01
   7.7850000e+00   1.2115688e+01   1.2424235e+01
   7.7900000e+00   1.2098403e+01   1.2801161e+01
   7.7950000e+00   1.2081235e+01   1.2582174e+01
   7.8000000e+00   1.2064191e+01   1.2264622e+01
   7.8050000e+00   1.2047283e+01   1.1474540e+01
   7.8100000e+00   1.2030521e+01   1.2006216e+01
   7.8150000e+00   1.2013915e+01   1.1411412e+01
   7.8200000e+00   1.1997479e+01   1.1722042e+01
   7.8250000e+00   1.1981226e+01   1.1891133e+01
   7.8300000e+00   1.1965170e+01   1.2346562e+01
   7.8350000e+00   1.1949326e+01   1.2374069e+01
   7.8400000e+00   1.1933712e+01   1.2216309e+01
   7.8450000e+00   1.1918342e+01   1.2288068e+01
   7.8500000e+00   1.1903236e+01   1.2105801e+01
   7.8550000e+00   1.1888411e+01   1.1143388e+01
   7.8600000e+00   1.1873887e+01   1.1806782e+01
   7.8650000e+00   1.1859687e+01   1.2025189e+01
   7.8700000e+00   1.1845831e+01   1.2063589e+01
   7.8750000e+00   1.1832342e+01   1.2430169e+01
   7.8800000e+00   1.1819242e+01   1.2094005e+01
   7.8850000e+00   1.1806557e+01   1.2385970e+01
   7.8900000e+00   1.1794310e+01   1.1986471e+01
   7.8950000e+00   1.1782526e+01   1.1855172e+01
   7.9000000e+00   1.1771228e+01   1.1572598e+01
   7.9050000e+00   1.1760443e+01   1.1296643e+01
   7.9100000e+00   1.1750194e+01   1.1683838e+01
   7.9150000e+00   1.1740507e+01   1.2061214e+01
   7.9200000e+00   1.1731407e+01   1.1937105e+01
   7.9250000e+00   1.1722920e+01   1.2414291e+01
   7.9300000e+00   1.1715072e+01   1.1997111e+01
   7.9350000e+00   1.1707890e+01   1.1709289e+01
   7.9400000e+00   1.1701397e+01   1.1592182e+01
   7.9450000e+00   1.1695619e+01   1.1321583e+01
   7.9500000e+00   1.1690582e+01   1.1605656e+01
   7.9550000e+00   1.1686308e+01   1.1422236e+01
   7.9600000e+00   1.1682820e+01   1.1791214e+01
   7.9650000e+00   1.1680139e+01   1.2063042e+01
   7.9700000e+00   1.1678285e+01   1.2095377e+01
   7.9750000e+00   1.1677276e+01   1.1945220e+01
   7.9800000e+00   1.1677129e+01   1.1376048e+01
   7.9850000e+00   1.1677858e+01   1.1838400e+01
   7.9900000e+00   1.1679474e+01   1.1290321e+01
   7.9950000e+00   1.1681987e+01   1.1754284e+01
   8.0000000e+00   1.1685403e+01   1.1522598e+01
   8.0050000e+00   1.1689729e+01   1.1782047e+01
   8.0100000e+00   1.1694966e+01   1.1931383e+01
   8.0150000e+00   1.1701117e+01   1.2253035e+01
   8.0200000e+00   1.1708177e+01   1.1954210e+01
   8.0250000e+00   1.1716144e+01   1.1281694e+01
   8.0300000e+00   1.1725010e+01   1.0769825e+01
   8.0350000e+00   1.1734765e+01   1.0923894e+01
   8.0400000e+00   1.1745396e+01   1.1509445e+01
   8.0450000e+00   1.1756889e+01   1.2050727e+01
   8.0500000e+00   1.1769228e+01   1.2608751e+01
   8.0550000e+00   1.1782391e+01   1.2452462e+01
   8.0600000e+00   1.1796357e+01   1.2325532e+01
   8.0650000e+00   1.1811101e+01   1.1781110e+01
   8.0700000e+00   1.1826595e+01   1.1330124e+01
   8.0750000e+00   1.1842809e+01   1.0861351e+01
   8.0800000e+00   1.1859709e+01   1.1531953e+01
   8.0850000e+00   1.1877261e+01   1.1407423e+01
   8.0900000e+00   1.1895425e+01   1.1449514e+01
   8.0950000e+00   1.1914165e+01   1.2673802e+01
   8.1000000e+00   1.1933438e+01   1.2388953e+01
   8.1050000e+00   1.1953205e+01   1.2308436e+01
   8.1100000e+00   1.1973421e+01   1.1592388e+01
   8.1150000e+00   1.1994039e+01   1.1545363e+01
   8.1200000e+00   1.2015014e+01   1.1547878e+01
   8.1250000e+00   1.2036294e+01   1.2242410e+01
   8.1300000e+00   1.2057830e+01   1.2192016e+01
   8.1350000e+00   1.2079568e+01   1.2207934e+01
   8.1400000e+00   1.2101456e+01   1.2518458e+01
   8.1450000e+00   1.2123440e+01   1.2273829e+01
   8.1500000e+00   1.2145467e+01   1.2571767e+01
   8.1550000e+00   1.2167485e+01   1.1870402e+01
   8.1600000e+00   1.2189443e+01   1.2070935e+01
   8.1650000e+00   1.2211288e+01   1.1657892e+01
   8.1700000e+00   1.2232971e+01   1.1938106e+01
   8.1750000e+00   1.2254440e+01   1.2060574e+01
   8.1800000e+00   1.2275645e+01   1.2458370e+01
   8.1850000e+00   1.2296538e+01   1.3073036e+01
   8.1900000e+00   1.2317070e+01   1.2937452e+01
   8.1950000e+00   1.2337195e+01   1.2365462e+01
   8.2000000e+00   1.2356869e+01   1.2355441e+01
   8.2050000e+00   1.2376047e+01   1.1954091e+01
   8.2100000e+00   1.2394689e+01   1.1615542e+01
   8.2150000e+00   1.2412758e+01   1.2011481e+01
   8.2200000e+00   1.2430217e+01   1.2419803e+01
   8.2250000e+00   1.2447032e+01   1.2801538e+01
   8.2300000e+00   1.2463170e+01   1.2998112e+01
   8.2350000e+00   1.2478604e+01   1.2805470e+01
   8.2400000e+00   1.2493308e+01   1.2267628e+01
   8.2450000e+00   1.2507261e+01   1.2210579e+01
   8.2500000e+00   1.2520444e+01   1.1762404e+01
   8.2550000e+00   1.2532842e+01   1.2236535e+01
   8.2600000e+00   1.2544440e+01   1.2013246e+01
   8.2650000e+00   1.2555229e+01   1.2797140e+01
   8.2700000e+00   1.2565202e+01   1.3277081e+01
   8.2750000e+00   1.2574357e+01   1.3055996e+01
   8.2800000e+00   1.2582695e+01   1.3114741e+01
   8.2850000e+00   1.2590218e+01   1.2356627e+01
   8.2900000e+00   1.2596935e+01   1.2207201e+01
   8.2950000e+00   1.2602853e+01   1.2002533e+01
   8.3000000e+00   1.2607985e+01   1.2246612e+01
   8.3050000e+00   1.2612345e+01   1.2831907e+01
   8.3100000e+00   1.2615952e+01   1.3077170e+01
   8.3150000e+00   1.2618825e+01   1.2736606e+01
   8.3200000e+00   1.2620988e+01   1.2983527e+01
   8.3250000e+00   1.2622466e+01   1.2828161e+01
   8.3300000e+00   1.2623288e+01   1.2232012e+01
   8.3350000e+00   1.2623487e+01   1.1889447e+01
   8.3400000e+00   1.2623094e+01   1.2225012e+01
   8.3450000e+00   1.2622144e+01   1.2599395e+01
   8.3500000e+00   1.2620672e+01   1.3023456e+01
   8.3550000e+00   1.2618715e+01   1.3668879e+01
   8.3600000e+00   1.2616308e+01   1.3385113e+01
   8.3650000e+00   1.2613491e+01   1.3040324e+01
   8.3700000e+00   1.2610303e+01   1.2721344e+01
   8.3750000e+00   1.2606784e+01   1.2457965e+01
   8.3800000e+00   1.2602977e+01   1.2256109e+01
   8.3850000e+00   1.2598925e+01   1.2135497e+01
   8.3900000e+00   1.2594671e+01   1.2064994e+01
   8.3950000e+00   1.2590257e+01   1.2849450e+01
   8.4000000e+00   1.2585725e+01   1.2690416e+01
   8.4050000e+00   1.2581116e+01   1.2994383e+01
   8.4100000e+00   1.2576469e+01   1.2662040e+01
   8.4150000e+00   1.2571821e+01   1.2389230e+01
   8.4200000e+00   1.2567206e+01   1.2544171e+01
   8.4250000e+00   1.2562660e+01   1.2367672e+01
   8.4300000e+00   1.2558214e+01   1.2732254e+01
   8.4350000e+00   1.2553900e+01   1.2465868e+01
   8.4400000e+00   1.2549748e+01   1.2442972e+01
   8.4450000e+00   1.2545783e+01   1.3367732e+01
   8.4500000e+00   1.2542032e+01   1.3066038e+01
   8.4550000e+00   1.2538516e+01   1.2692960e+01
   8.4600000e+00   1.2535253e+01   1.1975554e+01
   8.4650000e+00   1.2532262e+01   1.2081357e+01
   8.4700000e+00   1.2529555e+01   1.1845434e+01
   8.4750000e+00   1.2527145e+01   1.2252307e+01
   8.4800000e+00   1.2525041e+01   1.2462104e+01
   8.4850000e+00   1.2523250e+01   1.2803995e+01
   8.4900000e+00   1.2521778e+01   1.3427061e+01
   8.4950000e+00   1.2520624e+01   1.3347518e+01
   8.5000000e+00   1.2519788e+01   1.2385699e+01
   8.5050000e+00   1.2519267e+01   1.2056908e+01
   8.5100000e+00   1.2519053e+01   1.2197528e+01
   8.5150000e+00   1.2519139e+01   1.2306139e+01
   8.5200000e+00   1.2519512e+01   1.2000165e+01
   8.5250000e+00   1.2520158e+01   1.2552196e+01
   8.5300000e+00   1.2521061e+01   1.2700080e+01
   8.5350000e+00   1.2522202e+01   1.3108387e+01
   8.5400000e+00   1.2523561e+01   1.3085841e+01
   8.5450000e+00   1.2525117e+01   1.2322093e+01
   8.5500000e+00   1.2526848e+01   1.2274292e+01
   8.5550000e+00   1.2528733e+01   1.1845553e+01
   8.5600000e+00   1.2530748e+01   1.2076290e+01
   8.5650000e+00   1.2532871e+01   1.2836725e+01
   8.5700000e+00   1.2535075e+01   1.2903646e+01
   8.5750000e+00   1.2537338e+01   1.3170324e+01
   8.5800000e+00   1.2539635e+01   1.3181906e+01
   8.5850000e+00   1.2541942e+01   1.2415472e+01
   8.5900000e+00   1.2544236e+01   1.2542016e+01
   8.5950000e+00   1.2546497e+01   1.1898513e+01
   8.6000000e+00   1.2548706e+01   1.2318537e+01
   8.6050000e+00   1.2550845e+01   1.2519548e+01
   8.6100000e+00   1.2552899e+01   1.2983557e+01
   8.6150000e+00   1.2554856e+01   1.3059489e+01
   8.6200000e+00   1.2556705e+01   1.3247652e+01
   8.6250000e+00   1.2558438e+01   1.2803643e+01
   8.6300000e+00   1.2560047e+01   1.2222399e+01
   8.6350000e+00   1.2561529e+01   1.2127570e+01
   8.6400000e+00   1.2562883e+01   1.2244094e+01
   8.6450000e+00   1.2564110e+01   1.2019325e+01
   8.6500000e+00   1.2565216e+01   1.2441526e+01
   8.6550000e+00   1.2566209e+01   1.3033244e+01
   8.6600000e+00   1.2567101e+01   1.3412753e+01
   8.6650000e+00   1.2567908e+01   1.3028777e+01
   8.6700000e+00   1.2568652e+01   1.2628585e+01
   8.6750000e+00   1.2569354e+01   1.2313858e+01
   8.6800000e+00   1.2570042e+01   1.2655781e+01
   8.6850000e+00   1.2570744e+01   1.1608969e+01
   8.6900000e+00   1.2571494e+01   1.2259029e+01
   8.6950000e+00   1.2572325e+01   1.2444432e+01
   8.7000000e+00   1.2573275e+01   1.2844744e+01
   8.7050000e+00   1.2574385e+01   1.2617918e+01
   8.7100000e+00   1.2575697e+01   1.2647299e+01
   8.7150000e+00   1.2577256e+01   1.3142510e+01
   8.7200000e+00   1.2579107e+01   1.1956358e+01
   8.7250000e+00   1.2581297e+01   1.2514792e+01
   8.7300000e+00   1.2583875e+01   1.2021307e+01
   8.7350000e+00   1.2586888e+01   1.2245126e+01
   8.7400000e+00   1.2590387e+01   1.2561105e+01
   8.7450000e+00   1.2594418e+01   1.2738691e+01
   8.7500000e+00   1.2599031e+01   1.3274491e+01
   8.7550000e+00   1.2604271e+01   1.2894222e+01
   8.7600000e+00   1.2610183e+01   1.2768365e+01
   8.7650000e+00   1.2616814e+01   1.2575983e+01
   8.7700000e+00   1.2624207e+01   1.2225097e+01
   8.7750000e+00   1.2632405e+01   1.2179107e+01
   8.7800000e+00   1.2641449e+01   1.2782532e+01
   8.7850000e+00   1.2651377e+01   1.2526546e+01
   8.7900000e+00   1.2662222e+01   1.2856278e+01
   8.7950000e+00   1.2674016e+01   1.3116060e+01
   8.8000000e+00   1.2686784e+01   1.2519057e+01
   8.8050000e+00   1.2700548e+01   1.2801669e+01
   8.8100000e+00   1.2715322e+01   1.2205197e+01
   8.8150000e+00   1.2731119e+01   1.2146081e+01
   8.8200000e+00   1.2747947e+01   1.2219504e+01
   8.8250000e+00   1.2765809e+01   1.3184440e+01
   8.8300000e+00   1.2784703e+01   1.2900570e+01
   8.8350000e+00   1.2804620e+01   1.3280740e+01
   8.8400000e+00   1.2825547e+01   1.3153164e+01
   8.8450000e+00   1.2847462e+01   1.3086692e+01
   8.8500000e+00   1.2870341e+01   1.2727405e+01
   8.8550000e+00   1.2894151e+01   1.2648318e+01
   8.8600000e+00   1.2918853e+01   1.2130205e+01
   8.8650000e+00   1.2944404e+01   1.2551287e+01
   8.8700000e+00   1.2970755e+01   1.2548106e+01
   8.8750000e+00   1.2997851e+01   1.3417463e+01
   8.8800000e+00   1.3025635e+01   1.3759070e+01
   8.8850000e+00   1.3054041e+01   1.3551235e+01
   8.8900000e+00   1.3083004e+01   1.2967394e+01
   8.8950000e+00   1.3112448e+01   1.2986297e+01
   8.9000000e+00   1.3142300e+01   1.2534199e+01
   8.9050000e+00   1.3172478e+01   1.2673405e+01
   8.9100000e+00   1.3202898e+01   1.3111588e+01
   8.9150000e+00   1.3233474e+01   1.2965616e+01
   8.9200000e+00   1.3264115e+01   1.3463616e+01
   8.9250000e+00   1.3294729e+01   1.3676995e+01
   8.9300000e+00   1.3325225e+01   1.3710272e+01
   8.9350000e+00   1.3355505e+01   1.3283386e+01
   8.9400000e+00   1.3385478e+01   1.3003677e+01
   8.9450000e+00   1.3415045e+01   1.2796526e+01
   8.9500000e+00   1.3444113e+01   1.3497221e+01
   8.9550000e+00   1.3472588e+01   1.3443621e+01
   8.9600000e+00   1.3500376e+01   1.3498681e+01
   8.9650000e+00   1.3527388e+01   1.4102390e+01
   8.9700000e+00   1.3553534e+01   1.3484537e+01
   8.9750000e+00   1.3578730e+01   1.4033324e+01
   8.9800000e+00   1.3602897e+01   1.2938832e+01
   8.9850000e+00   1.3625956e+01   1.3361755e+01
   8.9900000e+00   1.3647836e+01   1.2732145e+01
   8.9950000e+00   1.3668467e+01   1.3283206e+01
   9.0000000e+00   1.3687787e+01   1.3359492e+01
   9.0050000e+00   1.3705740e+01   1.4093298e+01
   9.0100000e+00   1.3722276e+01   1.4050160e+01
   9.0150000e+00   1.3737352e+01   1.4039700e+01
   9.0200000e+00   1.3750928e+01   1.4307067e+01
   9.0250000e+00   1.3762969e+01   1.3283223e+01
   9.0300000e+00   1.3773449e+01   1.3520792e+01
   9.0350000e+00   1.3782347e+01   1.3120221e+01
   9.0400000e+00   1.3789650e+01   1.3448629e+01
   9.0450000e+00   1.3795353e+01   1.4221936e+01
   9.0500000e+00   1.3799456e+01   1.4323519e+01
   9.0550000e+00   1.3801969e+01   1.4410443e+01
   9.0600000e+00   1.3802910e+01   1.4433742e+01
   9.0650000e+00   1.3802302e+01   1.3670980e+01
   9.0700000e+00   1.3800174e+01   1.3439805e+01
   9.0750000e+00   1.3796561e+01   1.3401801e+01
   9.0800000e+00   1.3791504e+01   1.3425718e+01
   9.0850000e+00   1.3785049e+01   1.3874807e+01
   9.0900000e+00   1.3777250e+01   1.3550228e+01
   9.0950000e+00   1.3768168e+01   1.4000153e+01
   9.1000000e+00   1.3757867e+01   1.3918072e+01
   9.1050000e+00   1.3746418e+01   1.3614256e+01
   9.1100000e+00   1.3733896e+01   1.3787221e+01
   9.1150000e+00   1.3720381e+01   1.3214631e+01
   9.1200000e+00   1.3705955e+01   1.2942866e+01
   9.1250000e+00   1.3690704e+01   1.3287182e+01
   9.1300000e+00   1.3674715e+01   1.3208670e+01
   9.1350000e+00   1.3658078e+01   1.3658707e+01
   9.1400000e+00   1.3640885e+01   1.4210128e+01
   9.1450000e+00   1.3623228e+01   1.3621060e+01
   9.1500000e+00   1.3605198e+01   1.4135652e+01
   9.1550000e+00   1.3586889e+01   1.3059596e+01
   9.1600000e+00   1.3568391e+01   1.3102208e+01
   9.1650000e+00   1.3549797e+01   1.2888436e+01
   9.1700000e+00   1.3531198e+01   1.3220805e+01
   9.1750000e+00   1.3512681e+01   1.3693888e+01
   9.1800000e+00   1.3494335e+01   1.4185432e+01
   9.1850000e+00   1.3476240e+01   1.4279811e+01
   9.1900000e+00   1.3458476e+01   1.3716399e+01
   9.1950000e+00   1.3441121e+01   1.3443292e+01
   9.2000000e+00   1.3424248e+01   1.3191447e+01
   9.2050000e+00   1.3407927e+01   1.3334839e+01
   9.2100000e+00   1.3392221e+01   1.3178937e+01
   9.2150000e+00   1.3377191e+01   1.2798095e+01
   9.2200000e+00   1.3362890e+01   1.3363573e+01
   9.2250000e+00   1.3349367e+01   1.3513544e+01
   9.2300000e+00   1.3336665e+01   1.3585869e+01
   9.2350000e+00   1.3324819e+01   1.3784958e+01
   9.2400000e+00   1.3313861e+01   1.3133829e+01
   9.2450000e+00   1.3303813e+01   1.3328761e+01
   9.2500000e+00   1.3294695e+01   1.2926159e+01
   9.2550000e+00   1.3286520e+01   1.2991762e+01
   9.2600000e+00   1.3279293e+01   1.3740443e+01
   9.2650000e+00   1.3273015e+01   1.3456525e+01
   9.2700000e+00   1.3267679e+01   1.3844174e+01
   9.2750000e+00   1.3263277e+01   1.3861843e+01
   9.2800000e+00   1.3259795e+01   1.3283060e+01
   9.2850000e+00   1.3257213e+01   1.3134531e+01
   9.2900000e+00   1.3255506e+01   1.2462894e+01
   9.2950000e+00   1.3254647e+01   1.3025079e+01
   9.3000000e+00   1.3254599e+01   1.3435269e+01
   9.3050000e+00   1.3255326e+01   1.3379379e+01
   9.3100000e+00   1.3256785e+01   1.3074181e+01
   9.3150000e+00   1.3258932e+01   1.4229061e+01
   9.3200000e+00   1.3261717e+01   1.3326962e+01
   9.3250000e+00   1.3265093e+01   1.3025969e+01
   9.3300000e+00   1.3269008e+01   1.2785718e+01
   9.3350000e+00   1.3273412e+01   1.2726003e+01
   9.3400000e+00   1.3278250e+01   1.2478712e+01
   9.3450000e+00   1.3283466e+01   1.3847137e+01
   9.3500000e+00   1.3289001e+01   1.3210542e+01
   9.3550000e+00   1.3294797e+01   1.3946308e+01
   9.3600000e+00   1.3300795e+01   1.3963119e+01
   9.3650000e+00   1.3306936e+01   1.3401739e+01
   9.3700000e+00   1.3313163e+01   1.3051745e+01
   9.3750000e+00   1.3319419e+01   1.3386350e+01
   9.3800000e+00   1.3325651e+01   1.3007884e+01
   9.3850000e+00   1.3331804e+01   1.2661423e+01
   9.3900000e+00   1.3337830e+01   1.3174136e+01
   9.3950000e+00   1.3343679e+01   1.3569991e+01
   9.4000000e+00   1.3349307e+01   1.3984271e+01
   9.4050000e+00   1.3354674e+01   1.4057795e+01
   9.4100000e+00   1.3359742e+01   1.3823364e+01
   9.4150000e+00   1.3364474e+01   1.3468750e+01
   9.4200000e+00   1.3368838e+01   1.3021109e+01
   9.4250000e+00   1.3372804e+01   1.3299598e+01
   9.4300000e+00   1.3376344e+01   1.2847298e+01
   9.4350000e+00   1.3379436e+01   1.3915603e+01
   9.4400000e+00   1.3382064e+01   1.3894127e+01
   9.4450000e+00   1.3384212e+01   1.4246647e+01
   9.4500000e+00   1.3385867e+01   1.3735057e+01
   9.4550000e+00   1.3387020e+01   1.3302646e+01
   9.4600000e+00   1.3387663e+01   1.3281436e+01
   9.4650000e+00   1.3387796e+01   1.3036503e+01
   9.4700000e+00   1.3387421e+01   1.3045042e+01
   9.4750000e+00   1.3386541e+01   1.3211004e+01
   9.4800000e+00   1.3385165e+01   1.3679568e+01
   9.4850000e+00   1.3383302e+01   1.3921840e+01
   9.4900000e+00   1.3380969e+01   1.3684617e+01
   9.4950000e+00   1.3378183e+01   1.3367125e+01
   9.5000000e+00   1.3374964e+01   1.3489592e+01
   9.5050000e+00   1.3371333e+01   1.3083765e+01
   9.5100000e+00   1.3367315e+01   1.2995141e+01
   9.5150000e+00   1.3362934e+01   1.2578426e+01
   9.5200000e+00   1.3358216e+01   1.3072201e+01
   9.5250000e+00   1.3353191e+01   1.3630152e+01
   9.5300000e+00   1.3347883e+01   1.4148987e+01
   9.5350000e+00   1.3342322e+01   1.3513314e+01
   9.5400000e+00   1.3336535e+01   1.3610184e+01
   9.5450000e+00   1.3330550e+01   1.3276312e+01
   9.5500000e+00   1.3324395e+01   1.2991295e+01
   9.5550000e+00   1.3318098e+01   1.2617664e+01
   9.5600000e+00   1.3311688e+01   1.2765230e+01
   9.5650000e+00   1.3305191e+01   1.3152367e+01
   9.5700000e+00   1.3298633e+01   1.3634521e+01
   9.5750000e+00   1.3292035e+01   1.3907536e+01
   9.5800000e+00   1.3285421e+01   1.4224646e+01
   9.5850000e+00   1.3278810e+01   1.3018693e+01
   9.5900000e+00   1.3272221e+01   1.3307126e+01
   9.5950000e+00   1.3265671e+01   1.3067611e+01
   9.6000000e+00   1.3259178e+01   1.2758451e+01
   9.6050000e+00   1.3252758e+01   1.2761300e+01
   9.6100000e+00   1.3246426e+01   1.3253464e+01
   9.6150000e+00   1.3240195e+01   1.3551206e+01
   9.6200000e+00   1.3234073e+01   1.3877630e+01
   9.6250000e+00   1.3228069e+01   1.3642651e+01
   9.6300000e+00   1.3222187e+01   1.3432654e+01
   9.6350000e+00   1.3216432e+01   1.2889984e+01
   9.6400000e+00   1.3210802e+01   1.2866106e+01
   9.6450000e+00   1.3205299e+01   1.2750538e+01
   9.6500000e+00   1.3199916e+01   1.3493541e+01
   9.6550000e+00   1.3194647e+01   1.3217005e+01
   9.6600000e+00   1.3189485e+01   1.3825138e+01
   9.6650000e+00   1.3184419e+01   1.4228441e+01
   9.6700000e+00   1.3179439e+01   1.3302029e+01
   9.6750000e+00   1.3174537e+01   1.3113972e+01
   9.6800000e+00   1.3169699e+01   1.2976744e+01
   9.6850000e+00   1.3164915e+01   1.2687755e+01
   9.6900000e+00   1.3160170e+01   1.3034190e+01
   9.6950000e+00   1.3155447e+01   1.3182431e+01
   9.7000000e+00   1.3150731e+01   1.3786385e+01
   9.7050000e+00   1.3146007e+01   1.3579903e+01
   9.7100000e+00   1.3141262e+01   1.3147351e+01
   9.7150000e+00   1.3136481e+01   1.3503182e+01
   9.7200000e+00   1.3131647e+01   1.2857536e+01
   9.7250000e+00   1.3126743e+01   1.2693024e+01
   9.7300000e+00   1.3121754e+01   1.2795246e+01
   9.7350000e+00   1.3116665e+01   1.2350707e+01
   9.7400000e+00   1.3111459e+01   1.3084307e+01
   9.7450000e+00   1.3106122e+01   1.3628049e+01
   9.7500000e+00   1.3100639e+01   1.3030480e+01
   9.7550000e+00   1.3094995e+01   1.3190834e+01
   9.7600000e+00   1.3089176e+01   1.2947722e+01
   9.7650000e+00   1.3083172e+01   1.2680799e+01
   9.7700000e+00   1.3076973e+01   1.2758936e+01
   9.7750000e+00   1.3070569e+01   1.2292987e+01
   9.7800000e+00   1.3063950e+01   1.2848348e+01
   9.7850000e+00   1.3057111e+01   1.3384708e+01
   9.7900000e+00   1.3050046e+01   1.3605694e+01
   9.7950000e+00   1.3042752e+01   1.3546590e+01
   9.8000000e+00   1.3035227e+01   1.3468181e+01
   9.8050000e+00   1.3027469e+01   1.3374310e+01
   9.8100000e+00   1.3019476e+01   1.2686400e+01
   9.8150000e+00   1.3011251e+01   1.2917898e+01
   9.8200000e+00   1.3002795e+01   1.3067486e+01
   9.8250000e+00   1.2994113e+01   1.2795554e+01
   9.8300000e+00   1.2985210e+01   1.3154989e+01
   9.8350000e+00   1.2976094e+01   1.3608094e+01
   9.8400000e+00   1.2966774e+01   1.3231296e+01
   9.8450000e+00   1.2957258e+01   1.2741990e+01
   9.8500000e+00   1.2947558e+01   1.2860984e+01
   9.8550000e+00   1.2937685e+01   1.2616173e+01
   9.8600000e+00   1.2927649e+01   1.2485808e+01
   9.8650000e+00   1.2917464e+01   1.2370510e+01
   9.8700000e+00   1.2907143e+01   1.2840488e+01
   9.8750000e+00   1.2896703e+01   1.3507836e+01
   9.8800000e+00   1.2886160e+01   1.3430169e+01
   9.8850000e+00   1.2875533e+01   1.3222294e+01
   9.8900000e+00   1.2864841e+01   1.2815017e+01
   9.8950000e+00   1.2854102e+01   1.2508786e+01
   9.9000000e+00   1.2843338e+01   1.2375245e+01
   9.9050000e+00   1.2832569e+01   1.2449719e+01
   9.9100000e+00   1.2821819e+01   1.2433404e+01
   9.9150000e+00   1.2811110e+01   1.2701660e+01
   9.9200000e+00   1.2800463e+01   1.3233585e+01
   9.9250000e+00   1.2789900e+01   1.3324505e+01
   9.9300000e+00   1.2779442e+01   1.3106698e+01
   9.9350000e+00   1.2769108e+01   1.2599465e+01
   9.9400000e+00   1.2758920e+01   1.2001649e+01
   9.9450000e+00   1.2748899e+01   1.2208187e+01
   9.9500000e+00   1.2739066e+01   1.2550995e+01
   9.9550000e+00   1.2729442e+01   1.3073055e+01
   9.9600000e+00   1.2720045e+01   1.3090097e+01
   9.9650000e+00   1.2710895e+01   1.3265354e+01
   9.9700000e+00   1.2702010e+01   1.3282601e+01
   9.9750000e+00   1.2693408e+01   1.2947410e+01
   9.9800000e+00   1.2685108e+01   1.2357645e+01
   9.9850000e+00   1.2677126e+01   1.2111196e+01
   9.9900000e+00   1.2669479e+01   1.1886456e+01
   9.9950000e+00   1.2662183e+01   1.2295095e+01
   1.0000000e+01   1.2655251e+01   1.2701257e+01
   1.0005000e+01   1.2648698e+01   1.3189492e+01
   1.0010000e+01   1.2642535e+01   1.3036440e+01
   1.0015000e+01   1.2636775e+01   1.2810656e+01
   1.0020000e+01   1.2631426e+01   1.2837475e+01
   1.0025000e+01   1.2626498e+01   1.2040409e+01
   1.0030000e+01   1.2621997e+01   1.1896366e+01
   1.0035000e+01   1.2617930e+01   1.1746179e+01
   1.0040000e+01   1.2614304e+01   1.2388184e+01
   1.0045000e+01   1.2611119e+01   1.2801963e+01
   1.0050000e+01   1.2608380e+01   1.2760736e+01
   1.0055000e+01   1.2606085e+01   1.3045470e+01
   1.0060000e+01   1.2604236e+01   1.3108488e+01
   1.0065000e+01   1.2602829e+01   1.2676700e+01
   1.0070000e+01   1.2601862e+01   1.2213625e+01
   1.0075000e+01   1.2601329e+01   1.2123276e+01
   1.0080000e+01   1.2601222e+01   1.2136409e+01
   1.0085000e+01   1.2601532e+01   1.2141334e+01
   1.0090000e+01   1.2602249e+01   1.2941863e+01
   1.0095000e+01   1.2603359e+01   1.3256237e+01
   1.0100000e+01   1.2604847e+01   1.3143630e+01
   1.0105000e+01   1.2606696e+01   1.2949086e+01
   1.0110000e+01   1.2608888e+01   1.2613996e+01
   1.0115000e+01   1.2611404e+01   1.2301931e+01
   1.0120000e+01   1.2614225e+01   1.2001589e+01
   1.0125000e+01   1.2617328e+01   1.2363874e+01
   1.0130000e+01   1.2620689e+01   1.2713110e+01
   1.0135000e+01   1.2624283e+01   1.3274958e+01
   1.0140000e+01   1.2628086e+01   1.2696540e+01
   1.0145000e+01   1.2632070e+01   1.2679462e+01
   1.0150000e+01   1.2636208e+01   1.2954619e+01
   1.0155000e+01   1.2640473e+01   1.2725099e+01
   1.0160000e+01   1.2644834e+01   1.2271469e+01
   1.0165000e+01   1.2649264e+01   1.1869750e+01
   1.0170000e+01   1.2653730e+01   1.2242732e+01
   1.0175000e+01   1.2658206e+01   1.2989845e+01
   1.0180000e+01   1.2662662e+01   1.3355973e+01
   1.0185000e+01   1.2667068e+01   1.3343748e+01
   1.0190000e+01   1.2671395e+01   1.2667885e+01
   1.0195000e+01   1.2675614e+01   1.2835814e+01
   1.0200000e+01   1.2679696e+01   1.1900018e+01
   1.0205000e+01   1.2683611e+01   1.2252204e+01
   1.0210000e+01   1.2687333e+01   1.2219117e+01
   1.0215000e+01   1.2690835e+01   1.2711105e+01
   1.0220000e+01   1.2694090e+01   1.2846183e+01
   1.0225000e+01   1.2697074e+01   1.2883632e+01
   1.0230000e+01   1.2699760e+01   1.3108869e+01
   1.0235000e+01   1.2702127e+01   1.2952508e+01
   1.0240000e+01   1.2704153e+01   1.2267281e+01
   1.0245000e+01   1.2705818e+01   1.2407737e+01
   1.0250000e+01   1.2707104e+01   1.1986572e+01
   1.0255000e+01   1.2707994e+01   1.2611594e+01
   1.0260000e+01   1.2708474e+01   1.2767383e+01
   1.0265000e+01   1.2708528e+01   1.2864691e+01
   1.0270000e+01   1.2708146e+01   1.2913727e+01
   1.0275000e+01   1.2707316e+01   1.2732300e+01
   1.0280000e+01   1.2706030e+01   1.3113684e+01
   1.0285000e+01   1.2704281e+01   1.2864129e+01
   1.0290000e+01   1.2702064e+01   1.2330602e+01
   1.0295000e+01   1.2699376e+01   1.2063943e+01
   1.0300000e+01   1.2696216e+01   1.2521396e+01
   1.0305000e+01   1.2692585e+01   1.2753086e+01
   1.0310000e+01   1.2688488e+01   1.3121315e+01
   1.0315000e+01   1.2683927e+01   1.3615135e+01
   1.0320000e+01   1.2678910e+01   1.3013379e+01
   1.0325000e+01   1.2673446e+01   1.2780990e+01
   1.0330000e+01   1.2667544e+01   1.2106007e+01
   1.0335000e+01   1.2661215e+01   1.2000526e+01
   1.0340000e+01   1.2654473e+01   1.2458988e+01
   1.0345000e+01   1.2647334e+01   1.2311396e+01
   1.0350000e+01   1.2639816e+01   1.2333042e+01
   1.0355000e+01   1.2631936e+01   1.3202976e+01
   1.0360000e+01   1.2623715e+01   1.3258960e+01
   1.0365000e+01   1.2615173e+01   1.3051166e+01
   1.0370000e+01   1.2606331e+01   1.2781755e+01
   1.0375000e+01   1.2597210e+01   1.2076505e+01
   1.0380000e+01   1.2587831e+01   1.2178281e+01
   1.0385000e+01   1.2578215e+01   1.2120001e+01
   1.0390000e+01   1.2568385e+01   1.2584149e+01
   1.0395000e+01   1.2558362e+01   1.2594015e+01
   1.0400000e+01   1.2548167e+01   1.3090420e+01
   1.0405000e+01   1.2537821e+01   1.2944909e+01
   1.0410000e+01   1.2527344e+01   1.3225760e+01
   1.0415000e+01   1.2516758e+01   1.2347792e+01
   1.0420000e+01   1.2506082e+01   1.2189224e+01
   1.0425000e+01   1.2495334e+01   1.2116450e+01
   1.0430000e+01   1.2484533e+01   1.2040385e+01
   1.0435000e+01   1.2473695e+01   1.2785429e+01
   1.0440000e+01   1.2462840e+01   1.2907060e+01
   1.0445000e+01   1.2451984e+01   1.3206754e+01
   1.0450000e+01   1.2441144e+01   1.2676293e+01
   1.0455000e+01   1.2430337e+01   1.2337194e+01
   1.0460000e+01   1.2419576e+01   1.2314321e+01
   1.0465000e+01   1.2408874e+01   1.2109639e+01
   1.0470000e+01   1.2398245e+01   1.2087522e+01
   1.0475000e+01   1.2387701e+01   1.2405968e+01
   1.0480000e+01   1.2377254e+01   1.2519815e+01
   1.0485000e+01   1.2366914e+01   1.2753377e+01
   1.0490000e+01   1.2356689e+01   1.2590606e+01
   1.0495000e+01   1.2346586e+01   1.2700347e+01
   1.0500000e+01   1.2336612e+01   1.2477783e+01
   1.0505000e+01   1.2326773e+01   1.2309603e+01
   1.0510000e+01   1.2317071e+01   1.1639095e+01
   1.0515000e+01   1.2307512e+01   1.2014503e+01
   1.0520000e+01   1.2298099e+01   1.2359604e+01
   1.0525000e+01   1.2288839e+01   1.2790063e+01
   1.0530000e+01   1.2279733e+01   1.2711513e+01
   1.0535000e+01   1.2270785e+01   1.2471027e+01
   1.0540000e+01   1.2261996e+01   1.2398232e+01
   1.0545000e+01   1.2253367e+01   1.1946597e+01
   1.0550000e+01   1.2244898e+01   1.1835991e+01
   1.0555000e+01   1.2236591e+01   1.1328644e+01
   1.0560000e+01   1.2228444e+01   1.1721266e+01
   1.0565000e+01   1.2220457e+01   1.2056951e+01
   1.0570000e+01   1.2212630e+01   1.2723533e+01
   1.0575000e+01   1.2204963e+01   1.2943594e+01
   1.0580000e+01   1.2197454e+01   1.2750650e+01
   1.0585000e+01   1.2190105e+01   1.2165265e+01
   1.0590000e+01   1.2182916e+01   1.1824404e+01
   1.0595000e+01   1.2175885e+01   1.1288696e+01
   1.0600000e+01   1.2169012e+01   1.2024340e+01
   1.0605000e+01   1.2162296e+01   1.1446706e+01
   1.0610000e+01   1.2155735e+01   1.2456747e+01
   1.0615000e+01   1.2149329e+01   1.2258516e+01
   1.0620000e+01   1.2143078e+01   1.2655337e+01
   1.0625000e+01   1.2136980e+01   1.2432648e+01
   1.0630000e+01   1.2131038e+01   1.2359332e+01
   1.0635000e+01   1.2125253e+01   1.2168342e+01
   1.0640000e+01   1.2119626e+01   1.1564676e+01
   1.0645000e+01   1.2114158e+01   1.2016251e+01
   1.0650000e+01   1.2108850e+01   1.1596663e+01
   1.0655000e+01   1.2103703e+01   1.1965518e+01
   1.0660000e+01   1.2098717e+01   1.2713728e+01
   1.0665000e+01   1.2093895e+01   1.2710171e+01
   1.0670000e+01   1.2089235e+01   1.2395147e+01
   1.0675000e+01   1.2084739e+01   1.1595346e+01
   1.0680000e+01   1.2080405e+01   1.1888385e+01
   1.0685000e+01   1.2076232e+01   1.1881702e+01
   1.0690000e+01   1.2072219e+01   1.1745917e+01
   1.0695000e+01   1.2068360e+01   1.1978607e+01
   1.0700000e+01   1.2064651e+01   1.2098206e+01
   1.0705000e+01   1.2061087e+01   1.2495908e+01
   1.0710000e+01   1.2057660e+01   1.2754945e+01
   1.0715000e+01   1.2054365e+01   1.2245546e+01
   1.0720000e+01   1.2051196e+01   1.1864513e+01
   1.0725000e+01   1.2048145e+01   1.1743667e+01
   1.0730000e+01   1.2045203e+01   1.1369224e+01
   1.0735000e+01   1.2042361e+01   1.1664051e+01
   1.0740000e+01   1.2039611e+01   1.1790883e+01
   1.0745000e+01   1.2036944e+01   1.2014407e+01
   1.0750000e+01   1.2034351e+01   1.2445395e+01
   1.0755000e+01   1.2031822e+01   1.2625658e+01
   1.0760000e+01   1.2029349e+01   1.1988100e+01
   1.0765000e+01   1.2026920e+01   1.1968360e+01
   1.0770000e+01   1.2024525e+01   1.1330046e+01
   1.0775000e+01   1.2022153e+01   1.1549628e+01
   1.0780000e+01   1.2019791e+01   1.1650243e+01
   1.0785000e+01   1.2017429e+01   1.2299810e+01
   1.0790000e+01   1.2015056e+01   1.2595252e+01
   1.0795000e+01   1.2012661e+01   1.2365172e+01
   1.0800000e+01   1.2010234e+01   1.2089862e+01
   1.0805000e+01   1.2007766e+01   1.1237900e+01
   1.0810000e+01   1.2005246e+01   1.1271910e+01
   1.0815000e+01   1.2002667e+01   1.1719610e+01
   1.0820000e+01   1.2000020e+01   1.2118420e+01
   1.0825000e+01   1.1997297e+01   1.2021845e+01
   1.0830000e+01   1.1994493e+01   1.2271839e+01
   1.0835000e+01   1.1991602e+01   1.2605545e+01
   1.0840000e+01   1.1988619e+01   1.2026487e+01
   1.0845000e+01   1.1985540e+01   1.2448362e+01
   1.0850000e+01   1.1982365e+01   1.1873593e+01
   1.0855000e+01   1.1979094e+01   1.1338823e+01
   1.0860000e+01   1.1975729e+01   1.1485560e+01
   1.0865000e+01   1.1972273e+01   1.1682036e+01
   1.0870000e+01   1.1968732e+01   1.2025448e+01
   1.0875000e+01   1.1965111e+01   1.2557263e+01
   1.0880000e+01   1.1961419e+01   1.2491595e+01
   1.0885000e+01   1.1957663e+01   1.2382275e+01
   1.0890000e+01   1.1953853e+01   1.2409056e+01
   1.0895000e+01   1.1949998e+01   1.1127791e+01
   1.0900000e+01   1.1946115e+01   1.1569077e+01
   1.0905000e+01   1.1942216e+01   1.1124471e+01
   1.0910000e+01   1.1938318e+01   1.1781667e+01
   1.0915000e+01   1.1934439e+01   1.2464880e+01
   1.0920000e+01   1.1930597e+01   1.1928406e+01
   1.0925000e+01   1.1926811e+01   1.2448401e+01
   1.0930000e+01   1.1923102e+01   1.2048450e+01
   1.0935000e+01   1.1919492e+01   1.2111792e+01
   1.0940000e+01   1.1916001e+01   1.1652764e+01
   1.0945000e+01   1.1912653e+01   1.1113581e+01
   1.0950000e+01   1.1909473e+01   1.1658029e+01
   1.0955000e+01   1.1906483e+01   1.1997473e+01
   1.0960000e+01   1.1903707e+01   1.1907138e+01
   1.0965000e+01   1.1901165e+01   1.2224954e+01
   1.0970000e+01   1.1898876e+01   1.2713808e+01
   1.0975000e+01   1.1896857e+01   1.2036377e+01
   1.0980000e+01   1.1895123e+01   1.1994081e+01
   1.0985000e+01   1.1893689e+01   1.1854425e+01
   1.0990000e+01   1.1892568e+01   1.1630854e+01
   1.0995000e+01   1.1891770e+01   1.1912124e+01
   1.1000000e+01   1.1891304e+01   1.1779162e+01
   1.1005000e+01   1.1891174e+01   1.2444894e+01
   1.1010000e+01   1.1891385e+01   1.2767393e+01
   1.1015000e+01   1.1891935e+01   1.2595280e+01
   1.1020000e+01   1.1892825e+01   1.2470795e+01
   1.1025000e+01   1.1894049e+01   1.1241702e+01
   1.1030000e+01   1.1895600e+01   1.1631138e+01
   1.1035000e+01   1.1897469e+01   1.1474196e+01
   1.1040000e+01   1.1899641e+01   1.1718753e+01
   1.1045000e+01   1.1902102e+01   1.2302086e+01
   1.1050000e+01   1.1904832e+01   1.2312168e+01
   1.1055000e+01   1.1907810e+01   1.2561407e+01
   1.1060000e+01   1.1911014e+01   1.2032922e+01
   1.1065000e+01   1.1914417e+01   1.1974697e+01
   1.1070000e+01   1.1917990e+01   1.1742652e+01
   1.1075000e+01   1.1921702e+01   1.1438119e+01
   1.1080000e+01   1.1925519e+01   1.1390653e+01
   1.1085000e+01   1.1929407e+01   1.2038643e+01
   1.1090000e+01   1.1933328e+01   1.2542211e+01
   1.1095000e+01   1.1937243e+01   1.2512814e+01
   1.1100000e+01   1.1941111e+01   1.2120269e+01
   1.1105000e+01   1.1944889e+01   1.2206130e+01
   1.1110000e+01   1.1948533e+01   1.1829678e+01
   1.1115000e+01   1.1952000e+01   1.0923351e+01
   1.1120000e+01   1.1955243e+01   1.1384712e+01
   1.1125000e+01   1.1958218e+01   1.1762614e+01
   1.1130000e+01   1.1960879e+01   1.2106062e+01
   1.1135000e+01   1.1963183e+01   1.1764912e+01
   1.1140000e+01   1.1965086e+01   1.2388058e+01
   1.1145000e+01   1.1966546e+01   1.2601740e+01
   1.1150000e+01   1.1967524e+01   1.1963773e+01
   1.1155000e+01   1.1967977e+01   1.1940458e+01
   1.1160000e+01   1.1967868e+01   1.1256420e+01
   1.1165000e+01   1.1967161e+01   1.1724124e+01
   1.1170000e+01   1.1965822e+01   1.2050191e+01
   1.1175000e+01   1.1963821e+01   1.2245456e+01
   1.1180000e+01   1.1961130e+01   1.2301836e+01
   1.1185000e+01   1.1957724e+01   1.2446172e+01
   1.1190000e+01   1.1953582e+01   1.2158170e+01
   1.1195000e+01   1.1948689e+01   1.1886167e+01
   1.1200000e+01   1.1943029e+01   1.1804912e+01
   1.1205000e+01   1.1936593e+01   1.1469200e+01
   1.1210000e+01   1.1929375e+01   1.1528887e+01
   1.1215000e+01   1.1921375e+01   1.1968546e+01
   1.1220000e+01   1.1912599e+01   1.2242157e+01
   1.1225000e+01   1.1903060e+01   1.2405995e+01
   1.1230000e+01   1.1892776e+01   1.2623628e+01
   1.1235000e+01   1.1881766e+01   1.2179308e+01
   1.1240000e+01   1.1870059e+01   1.1485090e+01
   1.1245000e+01   1.1857683e+01   1.1459717e+01
   1.1250000e+01   1.1844671e+01   1.1813396e+01
   1.1255000e+01   1.1831062e+01   1.1398674e+01
   1.1260000e+01   1.1816898e+01   1.1460061e+01
   1.1265000e+01   1.1802225e+01   1.2131482e+01
   1.1270000e+01   1.1787092e+01   1.2159782e+01
   1.1275000e+01   1.1771554e+01   1.2427959e+01
   1.1280000e+01   1.1755664e+01   1.2240418e+01
   1.1285000e+01   1.1739483e+01   1.1548123e+01
   1.1290000e+01   1.1723072e+01   1.1532271e+01
   1.1295000e+01   1.1706496e+01   1.1134265e+01
   1.1300000e+01   1.1689820e+01   1.1269445e+01
   1.1305000e+01   1.1673111e+01   1.1358468e+01
   1.1310000e+01   1.1656439e+01   1.1907172e+01
   1.1315000e+01   1.1639872e+01   1.2493038e+01
   1.1320000e+01   1.1623481e+01   1.2078752e+01
   1.1325000e+01   1.1607337e+01   1.1522361e+01
   1.1330000e+01   1.1591511e+01   1.1172181e+01
   1.1335000e+01   1.1576074e+01   1.0977008e+01
   1.1340000e+01   1.1561096e+01   1.1326545e+01
   1.1345000e+01   1.1546646e+01   1.1351408e+01
   1.1350000e+01   1.1532793e+01   1.1734227e+01
   1.1355000e+01   1.1519603e+01   1.1991376e+01
   1.1360000e+01   1.1507143e+01   1.1970327e+01
   1.1365000e+01   1.1495476e+01   1.1391382e+01
   1.1370000e+01   1.1484663e+01   1.1794450e+01
   1.1375000e+01   1.1474762e+01   1.0724793e+01
   1.1380000e+01   1.1465831e+01   1.0309201e+01
   1.1385000e+01   1.1457922e+01   1.0950959e+01
   1.1390000e+01   1.1451085e+01   1.1538567e+01
   1.1395000e+01   1.1445366e+01   1.1691959e+01
   1.1400000e+01   1.1440808e+01   1.1850508e+01
   1.1405000e+01   1.1437451e+01   1.1857640e+01
   1.1410000e+01   1.1435329e+01   1.1745609e+01
   1.1415000e+01   1.1434475e+01   1.1394241e+01
   1.1420000e+01   1.1434914e+01   1.1208189e+01
   1.1425000e+01   1.1436668e+01   1.0753671e+01
   1.1430000e+01   1.1439755e+01   1.0884340e+01
   1.1435000e+01   1.1444187e+01   1.1666231e+01
   1.1440000e+01   1.1449972e+01   1.1714253e+01
   1.1445000e+01   1.1457114e+01   1.1779582e+01
   1.1450000e+01   1.1465612e+01   1.1582703e+01
   1.1455000e+01   1.1475460e+01   1.1325409e+01
   1.1460000e+01   1.1486650e+01   1.1150765e+01
   1.1465000e+01   1.1499166e+01   1.1170834e+01
   1.1470000e+01   1.1512991e+01   1.0773837e+01
   1.1475000e+01   1.1528098e+01   1.1682317e+01
   1.1480000e+01   1.1544458e+01   1.2041096e+01
   1.1485000e+01   1.1562036e+01   1.2287044e+01
   1.1490000e+01   1.1580796e+01   1.2102989e+01
   1.1495000e+01   1.1600696e+01   1.1824854e+01
   1.1500000e+01   1.1621692e+01   1.1884426e+01
   1.1505000e+01   1.1643740e+01   1.1318578e+01
   1.1510000e+01   1.1666789e+01   1.1241247e+01
   1.1515000e+01   1.1690785e+01   1.1543782e+01
   1.1520000e+01   1.1715673e+01   1.1147253e+01
   1.1525000e+01   1.1741394e+01   1.2258070e+01
   1.1530000e+01   1.1767888e+01   1.2105114e+01
   1.1535000e+01   1.1795091e+01   1.1835359e+01
   1.1540000e+01   1.1822940e+01   1.1996510e+01
   1.1545000e+01   1.1851368e+01   1.1511924e+01
   1.1550000e+01   1.1880308e+01   1.1257047e+01
   1.1555000e+01   1.1909690e+01   1.1172261e+01
   1.1560000e+01   1.1939449e+01   1.1751051e+01
   1.1565000e+01   1.1969513e+01   1.1767536e+01
   1.1570000e+01   1.1999815e+01   1.2175536e+01
   1.1575000e+01   1.2030285e+01   1.2560252e+01
   1.1580000e+01   1.2060853e+01   1.2140120e+01
   1.1585000e+01   1.2091452e+01   1.2453018e+01
   1.1590000e+01   1.2122014e+01   1.1247619e+01
   1.1595000e+01   1.2152472e+01   1.1596440e+01
   1.1600000e+01   1.2182761e+01   1.1556719e+01
   1.1605000e+01   1.2212817e+01   1.2135930e+01
   1.1610000e+01   1.2242576e+01   1.2437983e+01
   1.1615000e+01   1.2271979e+01   1.2815812e+01
   1.1620000e+01   1.2300967e+01   1.2673818e+01
   1.1625000e+01   1.2329484e+01   1.3146895e+01
   1.1630000e+01   1.2357476e+01   1.2270124e+01
   1.1635000e+01   1.2384890e+01   1.2079302e+01
   1.1640000e+01   1.2411677e+01   1.1746795e+01
   1.1645000e+01   1.2437791e+01   1.2326220e+01
   1.1650000e+01   1.2463187e+01   1.2069881e+01
   1.1655000e+01   1.2487824e+01   1.2328669e+01
   1.1660000e+01   1.2511665e+01   1.2886024e+01
   1.1665000e+01   1.2534677e+01   1.3529129e+01
   1.1670000e+01   1.2556831e+01   1.2757987e+01
   1.1675000e+01   1.2578101e+01   1.2311965e+01
   1.1680000e+01   1.2598465e+01   1.2215891e+01
   1.1685000e+01   1.2617909e+01   1.2174548e+01
   1.1690000e+01   1.2636418e+01   1.2198532e+01
   1.1695000e+01   1.2653982e+01   1.2727576e+01
   1.1700000e+01   1.2670598e+01   1.2579096e+01
   1.1705000e+01   1.2686260e+01   1.2816049e+01
   1.1710000e+01   1.2700972e+01   1.2250178e+01
   1.1715000e+01   1.2714737e+01   1.2904303e+01
   1.1720000e+01   1.2727563e+01   1.2904236e+01
   1.1725000e+01   1.2739465e+01   1.2353491e+01
   1.1730000e+01   1.2750461e+01   1.2296849e+01
   1.1735000e+01   1.2760569e+01   1.2690860e+01
   1.1740000e+01   1.2769814e+01   1.2747106e+01
   1.1745000e+01   1.2778223e+01   1.3001371e+01
   1.1750000e+01   1.2785824e+01   1.3353475e+01
   1.1755000e+01   1.2792651e+01   1.3349138e+01
   1.1760000e+01   1.2798735e+01   1.3126449e+01
   1.1765000e+01   1.2804115e+01   1.2244543e+01
   1.1770000e+01   1.2808830e+01   1.2264606e+01
   1.1775000e+01   1.2812922e+01   1.1896968e+01
   1.1780000e+01   1.2816434e+01   1.2584023e+01
   1.1785000e+01   1.2819412e+01   1.2798293e+01
   1.1790000e+01   1.2821906e+01   1.3366882e+01
   1.1795000e+01   1.2823961e+01   1.3425088e+01
   1.1800000e+01   1.2825629e+01   1.3363244e+01
   1.1805000e+01   1.2826958e+01   1.3114137e+01
   1.1810000e+01   1.2827996e+01   1.2833322e+01
   1.1815000e+01   1.2828793e+01   1.1829854e+01
   1.1820000e+01   1.2829394e+01   1.2453201e+01
   1.1825000e+01   1.2829848e+01   1.2431463e+01
   1.1830000e+01   1.2830200e+01   1.3281850e+01
   1.1835000e+01   1.2830497e+01   1.3158935e+01
   1.1840000e+01   1.2830783e+01   1.3123026e+01
   1.1845000e+01   1.2831099e+01   1.2886416e+01
   1.1850000e+01   1.2831487e+01   1.2448105e+01
   1.1855000e+01   1.2831988e+01   1.2309603e+01
   1.1860000e+01   1.2832638e+01   1.2613470e+01
   1.1865000e+01   1.2833473e+01   1.2716843e+01
   1.1870000e+01   1.2834526e+01   1.2892165e+01
   1.1875000e+01   1.2835829e+01   1.3124487e+01
   1.1880000e+01   1.2837408e+01   1.2558576e+01
   1.1885000e+01   1.2839290e+01   1.3077529e+01
   1.1890000e+01   1.2841500e+01   1.3023178e+01
   1.1895000e+01   1.2844060e+01   1.2692460e+01
   1.1900000e+01   1.2846991e+01   1.2446870e+01
   1.1905000e+01   1.2850310e+01   1.2124147e+01
   1.1910000e+01   1.2854033e+01   1.2617131e+01
   1.1915000e+01   1.2858171e+01   1.2816374e+01
   1.1920000e+01   1.2862736e+01   1.3585455e+01
   1.1925000e+01   1.2867733e+01   1.3709765e+01
   1.1930000e+01   1.2873166e+01   1.3413464e+01
   1.1935000e+01   1.2879037e+01   1.2829511e+01
   1.1940000e+01   1.2885341e+01   1.2703203e+01
   1.1945000e+01   1.2892074e+01   1.2173416e+01
   1.1950000e+01   1.2899230e+01   1.2845111e+01
   1.1955000e+01   1.2906799e+01   1.2990887e+01
   1.1960000e+01   1.2914772e+01   1.3059189e+01
   1.1965000e+01   1.2923136e+01   1.3551542e+01
   1.1970000e+01   1.2931877e+01   1.3379022e+01
   1.1975000e+01   1.2940980e+01   1.3319182e+01
   1.1980000e+01   1.2950425e+01   1.2651960e+01
   1.1985000e+01   1.2960192e+01   1.2607896e+01
   1.1990000e+01   1.2970261e+01   1.2303819e+01
   1.1995000e+01   1.2980609e+01   1.2315457e+01
   1.2000000e+01   1.2991212e+01   1.2819725e+01
   1.2005000e+01   1.3002048e+01   1.3211098e+01
   1.2010000e+01   1.3013092e+01   1.3698783e+01
   1.2015000e+01   1.3024318e+01   1.3170088e+01
   1.2020000e+01   1.3035702e+01   1.3316672e+01
   1.2025000e+01   1.3047215e+01   1.2590658e+01
   1.2030000e+01   1.3058832e+01   1.2858068e+01
   1.2035000e+01   1.3070524e+01   1.2621675e+01
   1.2040000e+01   1.3082264e+01   1.2805237e+01
   1.2045000e+01   1.3094021e+01   1.2902337e+01
   1.2050000e+01   1.3105768e+01   1.3224794e+01
   1.2055000e+01   1.3117478e+01   1.3560038e+01
   1.2060000e+01   1.3129122e+01   1.3789105e+01
   1.2065000e+01   1.3140678e+01   1.3170966e+01
   1.2070000e+01   1.3152121e+01   1.2580520e+01
   1.2075000e+01   1.3163430e+01   1.2892292e+01
   1.2080000e+01   1.3174585e+01   1.2726295e+01
   1.2085000e+01   1.3185564e+01   1.3263293e+01
   1.2090000e+01   1.3196350e+01   1.3270427e+01
   1.2095000e+01   1.3206925e+01   1.3713173e+01
   1.2100000e+01   1.3217273e+01   1.3341279e+01
   1.2105000e+01   1.3227377e+01   1.3275117e+01
   1.2110000e+01   1.3237223e+01   1.3317688e+01
   1.2115000e+01   1.3246798e+01   1.2984985e+01
   1.2120000e+01   1.3256089e+01   1.3056457e+01
   1.2125000e+01   1.3265085e+01   1.3038070e+01
   1.2130000e+01   1.3273775e+01   1.3287303e+01
   1.2135000e+01   1.3282152e+01   1.3771002e+01
   1.2140000e+01   1.3290206e+01   1.3980976e+01
   1.2145000e+01   1.3297930e+01   1.4010738e+01
   1.2150000e+01   1.3305315e+01   1.3855409e+01
   1.2155000e+01   1.3312352e+01   1.3302865e+01
   1.2160000e+01   1.3319036e+01   1.2828072e+01
   1.2165000e+01   1.3325360e+01   1.2513344e+01
   1.2170000e+01   1.3331319e+01   1.2897784e+01
   1.2175000e+01   1.3336909e+01   1.3209909e+01
   1.2180000e+01   1.3342126e+01   1.3586557e+01
   1.2185000e+01   1.3346967e+01   1.4212986e+01
   1.2190000e+01   1.3351432e+01   1.3486320e+01
   1.2195000e+01   1.3355522e+01   1.3569710e+01
   1.2200000e+01   1.3359241e+01   1.2694267e+01
   1.2205000e+01   1.3362592e+01   1.2799228e+01
   1.2210000e+01   1.3365577e+01   1.2906600e+01
   1.2215000e+01   1.3368203e+01   1.3058204e+01
   1.2220000e+01   1.3370473e+01   1.3807890e+01
   1.2225000e+01   1.3372395e+01   1.3734651e+01
   1.2230000e+01   1.3373975e+01   1.4167910e+01
   1.2235000e+01   1.3375223e+01   1.3489680e+01
   1.2240000e+01   1.3376149e+01   1.3016602e+01
   1.2245000e+01   1.3376763e+01   1.3153464e+01
   1.2250000e+01   1.3377076e+01   1.3350681e+01
   1.2255000e+01   1.3377099e+01   1.3336633e+01
   1.2260000e+01   1.3376846e+01   1.3583015e+01
   1.2265000e+01   1.3376330e+01   1.3819600e+01
   1.2270000e+01   1.3375564e+01   1.4280827e+01
   1.2275000e+01   1.3374564e+01   1.4163429e+01
   1.2280000e+01   1.3373346e+01   1.3478617e+01
   1.2285000e+01   1.3371927e+01   1.3238435e+01
   1.2290000e+01   1.3370324e+01   1.2711390e+01
   1.2295000e+01   1.3368556e+01   1.2842362e+01
   1.2300000e+01   1.3366642e+01   1.3270854e+01
   1.2305000e+01   1.3364603e+01   1.3513643e+01
   1.2310000e+01   1.3362459e+01   1.3472968e+01
   1.2315000e+01   1.3360229e+01   1.4173102e+01
   1.2320000e+01   1.3357931e+01   1.3994397e+01
   1.2325000e+01   1.3355581e+01   1.3727633e+01
   1.2330000e+01   1.3353198e+01   1.3164429e+01
   1.2335000e+01   1.3350798e+01   1.3113521e+01
   1.2340000e+01   1.3348395e+01   1.3024224e+01
   1.2345000e+01   1.3346005e+01   1.3285148e+01
   1.2350000e+01   1.3343641e+01   1.3482492e+01
   1.2355000e+01   1.3341317e+01   1.3679536e+01
   1.2360000e+01   1.3339047e+01   1.3488820e+01
   1.2365000e+01   1.3336844e+01   1.3612699e+01
   1.2370000e+01   1.3334720e+01   1.3141252e+01
   1.2375000e+01   1.3332686e+01   1.2796572e+01
   1.2380000e+01   1.3330756e+01   1.2741962e+01
   1.2385000e+01   1.3328938e+01   1.3037332e+01
   1.2390000e+01   1.3327243e+01   1.2890955e+01
   1.2395000e+01   1.3325679e+01   1.3625522e+01
   1.2400000e+01   1.3324254e+01   1.3719658e+01
   1.2405000e+01   1.3322979e+01   1.3349230e+01
   1.2410000e+01   1.3321861e+01   1.2923452e+01
   1.2415000e+01   1.3320906e+01   1.3404970e+01
   1.2420000e+01   1.3320120e+01   1.2788192e+01
   1.2425000e+01   1.3319504e+01   1.2991213e+01
   1.2430000e+01   1.3319063e+01   1.3069314e+01
   1.2435000e+01   1.3318797e+01   1.3196659e+01
   1.2440000e+01   1.3318707e+01   1.3866115e+01
   1.2445000e+01   1.3318792e+01   1.4021238e+01
   1.2450000e+01   1.3319047e+01   1.3763503e+01
   1.2455000e+01   1.3319469e+01   1.3676947e+01
   1.2460000e+01   1.3320050e+01   1.3174249e+01
   1.2465000e+01   1.3320784e+01   1.3035312e+01
   1.2470000e+01   1.3321664e+01   1.2567633e+01
   1.2475000e+01   1.3322680e+01   1.3364389e+01
   1.2480000e+01   1.3323823e+01   1.3012607e+01
   1.2485000e+01   1.3325083e+01   1.3616418e+01
   1.2490000e+01   1.3326446e+01   1.3975380e+01
   1.2495000e+01   1.3327903e+01   1.3543572e+01
   1.2500000e+01   1.3329439e+01   1.3445915e+01
   1.2505000e+01   1.3331042e+01   1.3142051e+01
   1.2510000e+01   1.3332699e+01   1.2678267e+01
   1.2515000e+01   1.3334397e+01   1.3116434e+01
   1.2520000e+01   1.3336124e+01   1.3278399e+01
   1.2525000e+01   1.3337866e+01   1.3575673e+01
   1.2530000e+01   1.3339612e+01   1.4036761e+01
   1.2535000e+01   1.3341349e+01   1.3766638e+01
   1.2540000e+01   1.3343068e+01   1.3330255e+01
   1.2545000e+01   1.3344758e+01   1.3387740e+01
   1.2550000e+01   1.3346411e+01   1.3126267e+01
   1.2555000e+01   1.3348016e+01   1.2652497e+01
   1.2560000e+01   1.3349569e+01   1.3371155e+01
   1.2565000e+01   1.3351062e+01   1.3055515e+01
   1.2570000e+01   1.3352492e+01   1.3455521e+01
   1.2575000e+01   1.3353857e+01   1.3981788e+01
   1.2580000e+01   1.3355158e+01   1.3235606e+01
   1.2585000e+01   1.3356399e+01   1.3163859e+01
   1.2590000e+01   1.3357581e+01   1.3048366e+01
   1.2595000e+01   1.3358712e+01   1.3194259e+01
   1.2600000e+01   1.3359800e+01   1.3231178e+01
   1.2605000e+01   1.3360856e+01   1.2898436e+01
   1.2610000e+01   1.3361890e+01   1.3287125e+01
   1.2615000e+01   1.3362915e+01   1.3853007e+01
   1.2620000e+01   1.3363945e+01   1.4104042e+01
   1.2625000e+01   1.3364996e+01   1.4360950e+01
   1.2630000e+01   1.3366085e+01   1.3481778e+01
   1.2635000e+01   1.3367228e+01   1.3262736e+01
   1.2640000e+01   1.3368441e+01   1.2770736e+01
   1.2645000e+01   1.3369746e+01   1.2692181e+01
   1.2650000e+01   1.3371161e+01   1.3249736e+01
   1.2655000e+01   1.3372705e+01   1.3637376e+01
   1.2660000e+01   1.3374398e+01   1.3625629e+01
   1.2665000e+01   1.3376260e+01   1.4149744e+01
   1.2670000e+01   1.3378312e+01   1.4001213e+01
   1.2675000e+01   1.3380578e+01   1.3403057e+01
   1.2680000e+01   1.3383080e+01   1.3342667e+01
   1.2685000e+01   1.3385840e+01   1.2753109e+01
   1.2690000e+01   1.3388879e+01   1.2688635e+01
   1.2695000e+01   1.3392219e+01   1.3022892e+01
   1.2700000e+01   1.3395879e+01   1.3791452e+01
   1.2705000e+01   1.3399878e+01   1.3801348e+01
   1.2710000e+01   1.3404235e+01   1.3953869e+01
   1.2715000e+01   1.3408966e+01   1.3848497e+01
   1.2720000e+01   1.3414088e+01   1.3365332e+01
   1.2725000e+01   1.3419615e+01   1.3125334e+01
   1.2730000e+01   1.3425562e+01   1.2517012e+01
   1.2735000e+01   1.3431939e+01   1.3019600e+01
   1.2740000e+01   1.3438757e+01   1.3445443e+01
   1.2745000e+01   1.3446024e+01   1.4207377e+01
   1.2750000e+01   1.3453748e+01   1.4000963e+01
   1.2755000e+01   1.3461934e+01   1.3443624e+01
   1.2760000e+01   1.3470586e+01   1.3944205e+01
   1.2765000e+01   1.3479705e+01   1.3322480e+01
   1.2770000e+01   1.3489291e+01   1.3008939e+01
   1.2775000e+01   1.3499340e+01   1.2933040e+01
   1.2780000e+01   1.3509847e+01   1.3628502e+01
   1.2785000e+01   1.3520803e+01   1.3479094e+01
   1.2790000e+01   1.3532200e+01   1.4518273e+01
   1.2795000e+01   1.3544025e+01   1.3986524e+01
   1.2800000e+01   1.3556263e+01   1.3607301e+01
   1.2805000e+01   1.3568900e+01   1.3183572e+01
   1.2810000e+01   1.3581919e+01   1.3139183e+01
   1.2815000e+01   1.3595302e+01   1.3107670e+01
   1.2820000e+01   1.3609031e+01   1.3128432e+01
   1.2825000e+01   1.3623085e+01   1.3366882e+01
   1.2830000e+01   1.3637443e+01   1.4047254e+01
   1.2835000e+01   1.3652079e+01   1.3938973e+01
   1.2840000e+01   1.3666972e+01   1.4188452e+01
   1.2845000e+01   1.3682097e+01   1.3814275e+01
   1.2850000e+01   1.3697430e+01   1.3701556e+01
   1.2855000e+01   1.3712944e+01   1.2892862e+01
   1.2860000e+01   1.3728614e+01   1.3477480e+01
   1.2865000e+01   1.3744415e+01   1.3180354e+01
   1.2870000e+01   1.3760320e+01   1.3578916e+01
   1.2875000e+01   1.3776301e+01   1.4382997e+01
   1.2880000e+01   1.3792334e+01   1.4722644e+01
   1.2885000e+01   1.3808391e+01   1.4098200e+01
   1.2890000e+01   1.3824449e+01   1.3971065e+01
   1.2895000e+01   1.3840485e+01   1.3286535e+01
   1.2900000e+01   1.3856478e+01   1.2978329e+01
   1.2905000e+01   1.3872407e+01   1.3707117e+01
   1.2910000e+01   1.3888250e+01   1.3862646e+01
   1.2915000e+01   1.3903991e+01   1.4034841e+01
   1.2920000e+01   1.3919610e+01   1.4212379e+01
   1.2925000e+01   1.3935090e+01   1.4118375e+01
   1.2930000e+01   1.3950412e+01   1.4129858e+01
   1.2935000e+01   1.3965561e+01   1.4323579e+01
   1.2940000e+01   1.3980521e+01   1.3578292e+01
   1.2945000e+01   1.3995280e+01   1.3639892e+01
   1.2950000e+01   1.4009826e+01   1.3628923e+01
   1.2955000e+01   1.4024151e+01   1.3581166e+01
   1.2960000e+01   1.4038247e+01   1.3851316e+01
   1.2965000e+01   1.4052106e+01   1.4785251e+01
   1.2970000e+01   1.4065723e+01   1.4586283e+01
   1.2975000e+01   1.4079090e+01   1.5017891e+01
   1.2980000e+01   1.4092203e+01   1.3930417e+01
   1.2985000e+01   1.4105055e+01   1.3854291e+01
   1.2990000e+01   1.4117644e+01   1.3658314e+01
   1.2995000e+01   1.4129964e+01   1.3637315e+01
   1.3000000e+01   1.4142012e+01   1.3937892e+01
   1.3005000e+01   1.4153782e+01   1.4232919e+01
   1.3010000e+01   1.4165268e+01   1.4914440e+01
   1.3015000e+01   1.4176462e+01   1.4450453e+01
   1.3020000e+01   1.4187357e+01   1.4069413e+01
   1.3025000e+01   1.4197947e+01   1.3927242e+01
   1.3030000e+01   1.4208226e+01   1.3574104e+01
   1.3035000e+01   1.4218183e+01   1.3719375e+01
   1.3040000e+01   1.4227811e+01   1.3519969e+01
   1.3045000e+01   1.4237099e+01   1.4047169e+01
   1.3050000e+01   1.4246036e+01   1.4665762e+01
   1.3055000e+01   1.4254610e+01   1.4559154e+01
   1.3060000e+01   1.4262804e+01   1.4443893e+01
   1.3065000e+01   1.4270603e+01   1.4748425e+01
   1.3070000e+01   1.4277989e+01   1.4279839e+01
   1.3075000e+01   1.4284942e+01   1.3735252e+01
   1.3080000e+01   1.4291439e+01   1.3568253e+01
   1.3085000e+01   1.4297462e+01   1.3922414e+01
   1.3090000e+01   1.4302985e+01   1.5069405e+01
   1.3095000e+01   1.4307986e+01   1.4734138e+01
   1.3100000e+01   1.4312439e+01   1.4854999e+01
   1.3105000e+01   1.4316318e+01   1.4578109e+01
   1.3110000e+01   1.4319596e+01   1.4508492e+01
   1.3115000e+01   1.4322247e+01   1.3734732e+01
   1.3120000e+01   1.4324244e+01   1.3640276e+01
   1.3125000e+01   1.4325561e+01   1.3524920e+01
   1.3130000e+01   1.4326176e+01   1.3912931e+01
   1.3135000e+01   1.4326061e+01   1.4699882e+01
   1.3140000e+01   1.4325191e+01   1.4794392e+01
   1.3145000e+01   1.4323542e+01   1.4946278e+01
   1.3150000e+01   1.4321089e+01   1.4347334e+01
   1.3155000e+01   1.4317807e+01   1.4233361e+01
   1.3160000e+01   1.4313673e+01   1.4048583e+01
   1.3165000e+01   1.4308667e+01   1.4310196e+01
   1.3170000e+01   1.4302768e+01   1.4013264e+01
   1.3175000e+01   1.4295959e+01   1.4328150e+01
   1.3180000e+01   1.4288225e+01   1.4695540e+01
   1.3185000e+01   1.4279554e+01   1.4797859e+01
   1.3190000e+01   1.4269933e+01   1.4591694e+01
   1.3195000e+01   1.4259355e+01   1.4775166e+01
   1.3200000e+01   1.4247812e+01   1.4263575e+01
   1.3205000e+01   1.4235299e+01   1.3617622e+01
   1.3210000e+01   1.4221811e+01   1.3990561e+01
   1.3215000e+01   1.4207349e+01   1.4348976e+01
   1.3220000e+01   1.4191913e+01   1.4142640e+01
   1.3225000e+01   1.4175511e+01   1.4352882e+01
   1.3230000e+01   1.4158151e+01   1.4556090e+01
   1.3235000e+01   1.4139849e+01   1.4478403e+01
   1.3240000e+01   1.4120620e+01   1.4087831e+01
   1.3245000e+01   1.4100485e+01   1.3699495e+01
   1.3250000e+01   1.4079467e+01   1.3628556e+01
   1.3255000e+01   1.4057591e+01   1.3444138e+01
   1.3260000e+01   1.4034891e+01   1.3752408e+01
   1.3265000e+01   1.4011400e+01   1.4379159e+01
   1.3270000e+01   1.3987160e+01   1.4421837e+01
   1.3275000e+01   1.3962212e+01   1.4303789e+01
   1.3280000e+01   1.3936599e+01   1.3692408e+01
   1.3285000e+01   1.3910368e+01   1.3793483e+01
   1.3290000e+01   1.3883568e+01   1.3540518e+01
   1.3295000e+01   1.3856253e+01   1.3020122e+01
   1.3300000e+01   1.3828475e+01   1.3484323e+01
   1.3305000e+01   1.3800291e+01   1.3840838e+01
   1.3310000e+01   1.3771760e+01   1.4338955e+01
   1.3315000e+01   1.3742943e+01   1.4057571e+01
   1.3320000e+01   1.3713900e+01   1.3939025e+01
   1.3325000e+01   1.3684695e+01   1.3559104e+01
   1.3330000e+01   1.3655391e+01   1.2942342e+01
   1.3335000e+01   1.3626051e+01   1.3162053e+01
   1.3340000e+01   1.3596738e+01   1.3222438e+01
   1.3345000e+01   1.3567514e+01   1.3168025e+01
   1.3350000e+01   1.3538443e+01   1.3454387e+01
   1.3355000e+01   1.3509584e+01   1.3644974e+01
   1.3360000e+01   1.3480999e+01   1.3922694e+01
   1.3365000e+01   1.3452748e+01   1.4025613e+01
   1.3370000e+01   1.3424888e+01   1.2686461e+01
   1.3375000e+01   1.3397475e+01   1.2477168e+01
   1.3380000e+01   1.3370561e+01   1.3131225e+01
   1.3385000e+01   1.3344196e+01   1.2769502e+01
   1.3390000e+01   1.3318429e+01   1.3208715e+01
   1.3395000e+01   1.3293305e+01   1.3842385e+01
   1.3400000e+01   1.3268869e+01   1.4125216e+01
   1.3405000e+01   1.3245160e+01   1.3711602e+01
   1.3410000e+01   1.3222216e+01   1.3599465e+01
   1.3415000e+01   1.3200073e+01   1.3107748e+01
   1.3420000e+01   1.3178763e+01   1.2874922e+01
   1.3425000e+01   1.3158314e+01   1.2572049e+01
   1.3430000e+01   1.3138753e+01   1.2443417e+01
   1.3435000e+01   1.3120102e+01   1.3277977e+01
   1.3440000e+01   1.3102380e+01   1.3601017e+01
   1.3445000e+01   1.3085605e+01   1.3482699e+01
   1.3450000e+01   1.3069792e+01   1.3332084e+01
   1.3455000e+01   1.3054952e+01   1.2800469e+01
   1.3460000e+01   1.3041097e+01   1.2666010e+01
   1.3465000e+01   1.3028236e+01   1.2408184e+01
   1.3470000e+01   1.3016376e+01   1.2457249e+01
   1.3475000e+01   1.3005519e+01   1.3190655e+01
   1.3480000e+01   1.2995665e+01   1.3208375e+01
   1.3485000e+01   1.2986813e+01   1.3299603e+01
   1.3490000e+01   1.2978955e+01   1.3549455e+01
   1.3495000e+01   1.2972085e+01   1.3375894e+01
   1.3500000e+01   1.2966192e+01   1.3257176e+01
   1.3505000e+01   1.2961264e+01   1.2847176e+01
   1.3510000e+01   1.2957290e+01   1.2709916e+01
   1.3515000e+01   1.2954254e+01   1.2581681e+01
   1.3520000e+01   1.2952138e+01   1.2918973e+01
   1.3525000e+01   1.2950923e+01   1.3443341e+01
   1.3530000e+01   1.2950589e+01   1.3437683e+01
   1.3535000e+01   1.2951117e+01   1.3031493e+01
   1.3540000e+01   1.2952487e+01   1.3236083e+01
   1.3545000e+01   1.2954678e+01   1.2610193e+01
   1.3550000e+01   1.2957671e+01   1.2534383e+01
   1.3555000e+01   1.2961442e+01   1.2343111e+01
   1.3560000e+01   1.2965972e+01   1.2450734e+01
   1.3565000e+01   1.2971236e+01   1.3238787e+01
   1.3570000e+01   1.2977214e+01   1.3200010e+01
   1.3575000e+01   1.2983884e+01   1.3477668e+01
   1.3580000e+01   1.2991223e+01   1.3431510e+01
   1.3585000e+01   1.2999210e+01   1.2781265e+01
   1.3590000e+01   1.3007824e+01   1.3086918e+01
   1.3595000e+01   1.3017047e+01   1.2521343e+01
   1.3600000e+01   1.3026856e+01   1.2751596e+01
   1.3605000e+01   1.3037233e+01   1.2850581e+01
   1.3610000e+01   1.3048154e+01   1.3424127e+01
   1.3615000e+01   1.3059601e+01   1.3269285e+01
   1.3620000e+01   1.3071552e+01   1.3140822e+01
   1.3625000e+01   1.3083986e+01   1.3309015e+01
   1.3630000e+01   1.3096884e+01   1.2968497e+01
   1.3635000e+01   1.3110225e+01   1.2500122e+01
   1.3640000e+01   1.3123989e+01   1.2918035e+01
   1.3645000e+01   1.3138158e+01   1.2942336e+01
   1.3650000e+01   1.3152714e+01   1.3204122e+01
   1.3655000e+01   1.3167636e+01   1.2912019e+01
   1.3660000e+01   1.3182906e+01   1.3201677e+01
   1.3665000e+01   1.3198505e+01   1.4068038e+01
   1.3670000e+01   1.3214413e+01   1.3502618e+01
   1.3675000e+01   1.3230610e+01   1.3283294e+01
   1.3680000e+01   1.3247075e+01   1.2776115e+01
   1.3685000e+01   1.3263787e+01   1.2335365e+01
   1.3690000e+01   1.3280726e+01   1.2902256e+01
   1.3695000e+01   1.3297870e+01   1.3184335e+01
   1.3700000e+01   1.3315198e+01   1.4279545e+01
   1.3705000e+01   1.3332685e+01   1.3531960e+01
   1.3710000e+01   1.3350309e+01   1.3692625e+01
   1.3715000e+01   1.3368045e+01   1.3295795e+01
   1.3720000e+01   1.3385867e+01   1.3697649e+01
   1.3725000e+01   1.3403748e+01   1.3134951e+01
   1.3730000e+01   1.3421664e+01   1.2633032e+01
   1.3735000e+01   1.3439588e+01   1.3238948e+01
   1.3740000e+01   1.3457496e+01   1.3197980e+01
   1.3745000e+01   1.3475364e+01   1.3770621e+01
   1.3750000e+01   1.3493167e+01   1.4752654e+01
   1.3755000e+01   1.3510880e+01   1.3970487e+01
   1.3760000e+01   1.3528477e+01   1.3321906e+01
   1.3765000e+01   1.3545932e+01   1.3323826e+01
   1.3770000e+01   1.3563219e+01   1.2910669e+01
   1.3775000e+01   1.3580314e+01   1.2879319e+01
   1.3780000e+01   1.3597193e+01   1.3180751e+01
   1.3785000e+01   1.3613829e+01   1.3812281e+01
   1.3790000e+01   1.3630196e+01   1.4262086e+01
   1.3795000e+01   1.3646267e+01   1.4116132e+01
   1.3800000e+01   1.3662015e+01   1.3632654e+01
   1.3805000e+01   1.3677414e+01   1.3440015e+01
   1.3810000e+01   1.3692439e+01   1.3771116e+01
   1.3815000e+01   1.3707063e+01   1.3043326e+01
   1.3820000e+01   1.3721264e+01   1.3222287e+01
   1.3825000e+01   1.3735019e+01   1.3970744e+01
   1.3830000e+01   1.3748305e+01   1.3684137e+01
   1.3835000e+01   1.3761102e+01   1.4417556e+01
   1.3840000e+01   1.3773388e+01   1.4116561e+01
   1.3845000e+01   1.3785144e+01   1.3802560e+01
   1.3850000e+01   1.3796350e+01   1.3882930e+01
   1.3855000e+01   1.3806991e+01   1.3411796e+01
   1.3860000e+01   1.3817052e+01   1.3408443e+01
   1.3865000e+01   1.3826519e+01   1.3604181e+01
   1.3870000e+01   1.3835382e+01   1.3920934e+01
   1.3875000e+01   1.3843628e+01   1.3983373e+01
   1.3880000e+01   1.3851250e+01   1.4060627e+01
   1.3885000e+01   1.3858240e+01   1.4384246e+01
   1.3890000e+01   1.3864588e+01   1.3822349e+01
   1.3895000e+01   1.3870289e+01   1.4034681e+01
   1.3900000e+01   1.3875336e+01   1.3325727e+01
   1.3905000e+01   1.3879724e+01   1.3516087e+01
   1.3910000e+01   1.3883450e+01   1.4139931e+01
   1.3915000e+01   1.3886509e+01   1.4014418e+01
   1.3920000e+01   1.3888900e+01   1.4400178e+01
   1.3925000e+01   1.3890620e+01   1.4336417e+01
   1.3930000e+01   1.3891671e+01   1.4593177e+01
   1.3935000e+01   1.3892053e+01   1.3940275e+01
   1.3940000e+01   1.3891768e+01   1.3840593e+01
   1.3945000e+01   1.3890817e+01   1.3303389e+01
   1.3950000e+01   1.3889203e+01   1.3081525e+01
   1.3955000e+01   1.3886929e+01   1.3770243e+01
   1.3960000e+01   1.3883999e+01   1.4425531e+01
   1.3965000e+01   1.3880419e+01   1.4539670e+01
   1.3970000e+01   1.3876194e+01   1.4285023e+01
   1.3975000e+01   1.3871333e+01   1.4097584e+01
   1.3980000e+01   1.3865844e+01   1.3508656e+01
   1.3985000e+01   1.3859735e+01   1.3621945e+01
   1.3990000e+01   1.3853015e+01   1.3154030e+01
   1.3995000e+01   1.3845692e+01   1.3598086e+01
   1.4000000e+01   1.3837777e+01   1.3554599e+01
   1.4005000e+01   1.3829280e+01   1.4182068e+01
   1.4010000e+01   1.3820214e+01   1.4711201e+01
   1.4015000e+01   1.3810593e+01   1.4254393e+01
   1.4020000e+01   1.3800432e+01   1.4026947e+01
   1.4025000e+01   1.3789748e+01   1.3494778e+01
   1.4030000e+01   1.3778555e+01   1.2998642e+01
   1.4035000e+01   1.3766870e+01   1.3618518e+01
   1.4040000e+01   1.3754714e+01   1.3886651e+01
   1.4045000e+01   1.3742107e+01   1.3937893e+01
   1.4050000e+01   1.3729073e+01   1.4229582e+01
   1.4055000e+01   1.3715635e+01   1.4295003e+01
   1.4060000e+01   1.3701819e+01   1.3695982e+01
   1.4065000e+01   1.3687649e+01   1.3736572e+01
   1.4070000e+01   1.3673153e+01   1.3536371e+01
   1.4075000e+01   1.3658355e+01   1.2856512e+01
   1.4080000e+01   1.3643283e+01   1.3495757e+01
   1.4085000e+01   1.3627966e+01   1.3271008e+01
   1.4090000e+01   1.3612431e+01   1.3799794e+01
   1.4095000e+01   1.3596708e+01   1.3838839e+01
   1.4100000e+01   1.3580829e+01   1.3974323e+01
   1.4105000e+01   1.3564823e+01   1.4060198e+01
   1.4110000e+01   1.3548722e+01   1.3229005e+01
   1.4115000e+01   1.3532557e+01   1.3244247e+01
   1.4120000e+01   1.3516360e+01   1.2967589e+01
   1.4125000e+01   1.3500161e+01   1.3200222e+01
   1.4130000e+01   1.3483993e+01   1.3347846e+01
   1.4135000e+01   1.3467891e+01   1.4078480e+01
   1.4140000e+01   1.3451885e+01   1.4323732e+01
   1.4145000e+01   1.3436010e+01   1.3881934e+01
   1.4150000e+01   1.3420300e+01   1.3092268e+01
   1.4155000e+01   1.3404789e+01   1.3221791e+01
   1.4160000e+01   1.3389508e+01   1.3280852e+01
   1.4165000e+01   1.3374491e+01   1.2933781e+01
   1.4170000e+01   1.3359767e+01   1.3001070e+01
   1.4175000e+01   1.3345369e+01   1.3398308e+01
   1.4180000e+01   1.3331325e+01   1.2966439e+01
   1.4185000e+01   1.3317664e+01   1.3762324e+01
   1.4190000e+01   1.3304412e+01   1.3552740e+01
   1.4195000e+01   1.3291593e+01   1.3241176e+01
   1.4200000e+01   1.3279230e+01   1.2969552e+01
   1.4205000e+01   1.3267344e+01   1.2432991e+01
   1.4210000e+01   1.3255955e+01   1.2421421e+01
   1.4215000e+01   1.3245077e+01   1.3223889e+01
   1.4220000e+01   1.3234723e+01   1.3245317e+01
   1.4225000e+01   1.3224903e+01   1.3548566e+01
   1.4230000e+01   1.3215623e+01   1.3877057e+01
   1.4235000e+01   1.3206885e+01   1.3408215e+01
   1.4240000e+01   1.3198688e+01   1.3311206e+01
   1.4245000e+01   1.3191031e+01   1.2874863e+01
   1.4250000e+01   1.3183906e+01   1.2607224e+01
   1.4255000e+01   1.3177304e+01   1.2773613e+01
   1.4260000e+01   1.3171209e+01   1.2861170e+01
   1.4265000e+01   1.3165604e+01   1.3601711e+01
   1.4270000e+01   1.3160467e+01   1.3898868e+01
   1.4275000e+01   1.3155771e+01   1.3775063e+01
   1.4280000e+01   1.3151488e+01   1.3429006e+01
   1.4285000e+01   1.3147589e+01   1.2803170e+01
   1.4290000e+01   1.3144039e+01   1.2292156e+01
   1.4295000e+01   1.3140801e+01   1.2524688e+01
   1.4300000e+01   1.3137835e+01   1.3154807e+01
   1.4305000e+01   1.3135096e+01   1.3336992e+01
   1.4310000e+01   1.3132540e+01   1.3388805e+01
   1.4315000e+01   1.3130118e+01   1.3387550e+01
   1.4320000e+01   1.3127783e+01   1.3250865e+01
   1.4325000e+01   1.3125486e+01   1.2977610e+01
   1.4330000e+01   1.3123175e+01   1.2791722e+01
   1.4335000e+01   1.3120798e+01   1.2543111e+01
   1.4340000e+01   1.3118303e+01   1.2463181e+01
   1.4345000e+01   1.3115636e+01   1.2640919e+01
   1.4350000e+01   1.3112745e+01   1.3249892e+01
   1.4355000e+01   1.3109576e+01   1.3592938e+01
   1.4360000e+01   1.3106079e+01   1.3552451e+01
   1.4365000e+01   1.3102199e+01   1.2947626e+01
   1.4370000e+01   1.3097884e+01   1.2654728e+01
   1.4375000e+01   1.3093085e+01   1.2842567e+01
   1.4380000e+01   1.3087755e+01   1.2497322e+01
   1.4385000e+01   1.3081846e+01   1.2406568e+01
   1.4390000e+01   1.3075313e+01   1.3581195e+01
   1.4395000e+01   1.3068116e+01   1.3597037e+01
   1.4400000e+01   1.3060214e+01   1.3692722e+01
   1.4405000e+01   1.3051571e+01   1.3506276e+01
   1.4410000e+01   1.3042156e+01   1.3219442e+01
   1.4415000e+01   1.3031939e+01   1.3417149e+01
   1.4420000e+01   1.3020896e+01   1.2366607e+01
   1.4425000e+01   1.3009007e+01   1.2723426e+01
   1.4430000e+01   1.2996255e+01   1.2808661e+01
   1.4435000e+01   1.2982629e+01   1.3150545e+01
   1.4440000e+01   1.2968122e+01   1.3288688e+01
   1.4445000e+01   1.2952730e+01   1.3901356e+01
   1.4450000e+01   1.2936458e+01   1.3614201e+01
   1.4455000e+01   1.2919312e+01   1.2646862e+01
   1.4460000e+01   1.2901304e+01   1.2739582e+01
   1.4465000e+01   1.2882453e+01   1.2557189e+01
   1.4470000e+01   1.2862779e+01   1.2354418e+01
   1.4475000e+01   1.2842312e+01   1.2662497e+01
   1.4480000e+01   1.2821083e+01   1.3271483e+01
   1.4485000e+01   1.2799131e+01   1.3268724e+01
   1.4490000e+01   1.2776496e+01   1.3697602e+01
   1.4495000e+01   1.2753226e+01   1.2857675e+01
   1.4500000e+01   1.2729369e+01   1.2614163e+01
   1.4505000e+01   1.2704981e+01   1.2308411e+01
   1.4510000e+01   1.2680117e+01   1.2302290e+01
   1.4515000e+01   1.2654841e+01   1.2344530e+01
   1.4520000e+01   1.2629215e+01   1.2739542e+01
   1.4525000e+01   1.2603308e+01   1.2981169e+01
   1.4530000e+01   1.2577190e+01   1.3122885e+01
   1.4535000e+01   1.2550934e+01   1.3196322e+01
   1.4540000e+01   1.2524611e+01   1.3100607e+01
   1.4545000e+01   1.2498296e+01   1.2592376e+01
   1.4550000e+01   1.2472065e+01   1.1659342e+01
   1.4555000e+01   1.2445994e+01   1.1729033e+01
   1.4560000e+01   1.2420160e+01   1.1595996e+01
   1.4565000e+01   1.2394640e+01   1.2850310e+01
   1.4570000e+01   1.2369510e+01   1.2604072e+01
   1.4575000e+01   1.2344846e+01   1.2817781e+01
   1.4580000e+01   1.2320720e+01   1.2299003e+01
   1.4585000e+01   1.2297206e+01   1.2243371e+01
   1.4590000e+01   1.2274374e+01   1.2298309e+01
   1.4595000e+01   1.2252295e+01   1.1524192e+01
   1.4600000e+01   1.2231035e+01   1.2192712e+01
   1.4605000e+01   1.2210657e+01   1.1584596e+01
   1.4610000e+01   1.2191222e+01   1.1974796e+01
   1.4615000e+01   1.2172790e+01   1.2675351e+01
   1.4620000e+01   1.2155416e+01   1.2274029e+01
   1.4625000e+01   1.2139155e+01   1.1874734e+01
   1.4630000e+01   1.2124053e+01   1.2280357e+01
   1.4635000e+01   1.2110157e+01   1.1503902e+01
   1.4640000e+01   1.2097508e+01   1.1480304e+01
   1.4645000e+01   1.2086140e+01   1.1534385e+01
   1.4650000e+01   1.2076086e+01   1.2231301e+01
   1.4655000e+01   1.2067374e+01   1.2304208e+01
   1.4660000e+01   1.2060024e+01   1.2526582e+01
   1.4665000e+01   1.2054055e+01   1.2579945e+01
   1.4670000e+01   1.2049479e+01   1.1804135e+01
   1.4675000e+01   1.2046305e+01   1.1814889e+01
   1.4680000e+01   1.2044532e+01   1.1675501e+01
   1.4685000e+01   1.2044158e+01   1.1449838e+01
   1.4690000e+01   1.2045175e+01   1.1505138e+01
   1.4695000e+01   1.2047570e+01   1.2029189e+01
   1.4700000e+01   1.2051326e+01   1.1713811e+01
   1.4705000e+01   1.2056420e+01   1.2019919e+01
   1.4710000e+01   1.2062827e+01   1.2442721e+01
   1.4715000e+01   1.2070514e+01   1.1795640e+01
   1.4720000e+01   1.2079446e+01   1.1741334e+01
   1.4725000e+01   1.2089583e+01   1.1518873e+01
   1.4730000e+01   1.2100880e+01   1.1530618e+01
   1.4735000e+01   1.2113291e+01   1.1902274e+01
   1.4740000e+01   1.2126765e+01   1.2207129e+01
   1.4745000e+01   1.2141248e+01   1.2717017e+01
   1.4750000e+01   1.2156684e+01   1.2616459e+01
   1.4755000e+01   1.2173013e+01   1.2819712e+01
   1.4760000e+01   1.2190173e+01   1.2457334e+01
   1.4765000e+01   1.2208100e+01   1.1981163e+01
   1.4770000e+01   1.2226729e+01   1.2226872e+01
   1.4775000e+01   1.2245992e+01   1.1775790e+01
   1.4780000e+01   1.2265820e+01   1.2205272e+01
   1.4785000e+01   1.2286142e+01   1.2484381e+01
   1.4790000e+01   1.2306888e+01   1.3074575e+01
   1.4795000e+01   1.2327988e+01   1.2491416e+01
   1.4800000e+01   1.2349369e+01   1.2418433e+01
   1.4805000e+01   1.2370961e+01   1.2245790e+01
   1.4810000e+01   1.2392691e+01   1.1995102e+01
   1.4815000e+01   1.2414490e+01   1.1868165e+01
   1.4820000e+01   1.2436287e+01   1.1927849e+01
   1.4825000e+01   1.2458013e+01   1.2166390e+01
   1.4830000e+01   1.2479602e+01   1.2365669e+01
   1.4835000e+01   1.2500989e+01   1.2575601e+01
   1.4840000e+01   1.2522110e+01   1.3169577e+01
   1.4845000e+01   1.2542902e+01   1.2218229e+01
   1.4850000e+01   1.2563306e+01   1.2485546e+01
   1.4855000e+01   1.2583264e+01   1.2169910e+01
   1.4860000e+01   1.2602722e+01   1.2227171e+01
   1.4865000e+01   1.2621626e+01   1.2046951e+01
   1.4870000e+01   1.2639926e+01   1.2731337e+01
   1.4875000e+01   1.2657573e+01   1.3012929e+01
   1.4880000e+01   1.2674522e+01   1.3379368e+01
   1.4885000e+01   1.2690732e+01   1.2934578e+01
   1.4890000e+01   1.2706163e+01   1.3265015e+01
   1.4895000e+01   1.2720780e+01   1.2733813e+01
   1.4900000e+01   1.2734553e+01   1.2305748e+01
   1.4905000e+01   1.2747453e+01   1.2295666e+01
   1.4910000e+01   1.2759454e+01   1.2309896e+01
   1.4915000e+01   1.2770537e+01   1.3062030e+01
   1.4920000e+01   1.2780682e+01   1.3339298e+01
   1.4925000e+01   1.2789877e+01   1.3496675e+01
   1.4930000e+01   1.2798111e+01   1.3112344e+01
   1.4935000e+01   1.2805381e+01   1.3016578e+01
   1.4940000e+01   1.2811685e+01   1.2317335e+01
   1.4945000e+01   1.2817026e+01   1.1928750e+01
   1.4950000e+01   1.2821409e+01   1.2162146e+01
   1.4955000e+01   1.2824843e+01   1.3085564e+01
   1.4960000e+01   1.2827340e+01   1.3229720e+01
   1.4965000e+01   1.2828916e+01   1.2987241e+01
   1.4970000e+01   1.2829591e+01   1.3232812e+01
   1.4975000e+01   1.2829387e+01   1.3140836e+01
   1.4980000e+01   1.2828329e+01   1.2636872e+01
   1.4985000e+01   1.2826445e+01   1.2806398e+01
   1.4990000e+01   1.2823767e+01   1.2315226e+01
   1.4995000e+01   1.2820326e+01   1.2409914e+01
   1.5000000e+01   1.2816157e+01   1.2676517e+01
   1.5005000e+01   1.2811298e+01   1.3032174e+01
   1.5010000e+01   1.2805787e+01   1.3272962e+01
   1.5015000e+01   1.2799667e+01   1.2702243e+01
   1.5020000e+01   1.2792977e+01   1.3133709e+01
   1.5025000e+01   1.2785764e+01   1.2516894e+01
   1.5030000e+01   1.2778070e+01   1.2724270e+01
   1.5035000e+01   1.2769943e+01   1.2582865e+01
   1.5040000e+01   1.2761428e+01   1.2229703e+01
   1.5045000e+01   1.2752574e+01   1.3002134e+01
   1.5050000e+01   1.2743427e+01   1.2880103e+01
   1.5055000e+01   1.2734036e+01   1.2972256e+01
   1.5060000e+01   1.2724448e+01   1.2976729e+01
   1.5065000e+01   1.2714714e+01   1.2363945e+01
   1.5070000e+01   1.2704879e+01   1.2101042e+01
   1.5075000e+01   1.2694990e+01   1.2238262e+01
   1.5080000e+01   1.2685094e+01   1.1938748e+01
   1.5085000e+01   1.2675232e+01   1.2138985e+01
   1.5090000e+01   1.2665448e+01   1.3232748e+01
   1.5095000e+01   1.2655782e+01   1.3374470e+01
   1.5100000e+01   1.2646274e+01   1.3405354e+01
   1.5105000e+01   1.2636964e+01   1.3023427e+01
   1.5110000e+01   1.2627886e+01   1.2516510e+01
   1.5115000e+01   1.2619073e+01   1.2554117e+01
   1.5120000e+01   1.2610559e+01   1.2529093e+01
   1.5125000e+01   1.2602373e+01   1.2119542e+01
   1.5130000e+01   1.2594543e+01   1.3070758e+01
   1.5135000e+01   1.2587094e+01   1.2477096e+01
   1.5140000e+01   1.2580045e+01   1.2672503e+01
   1.5145000e+01   1.2573416e+01   1.2857577e+01
   1.5150000e+01   1.2567222e+01   1.2591172e+01
   1.5155000e+01   1.2561474e+01   1.2490489e+01
   1.5160000e+01   1.2556182e+01   1.2282797e+01
   1.5165000e+01   1.2551351e+01   1.1893658e+01
   1.5170000e+01   1.2546984e+01   1.2516850e+01
   1.5175000e+01   1.2543079e+01   1.2795790e+01
   1.5180000e+01   1.2539632e+01   1.2561436e+01
   1.5185000e+01   1.2536633e+01   1.3182760e+01
   1.5190000e+01   1.2534069e+01   1.3167862e+01
   1.5195000e+01   1.2531925e+01   1.2324413e+01
   1.5200000e+01   1.2530183e+01   1.2097958e+01
   1.5205000e+01   1.2528821e+01   1.2290540e+01
   1.5210000e+01   1.2527818e+01   1.2638614e+01
   1.5215000e+01   1.2527147e+01   1.2271036e+01
   1.5220000e+01   1.2526780e+01   1.2629791e+01
   1.5225000e+01   1.2526685e+01   1.3104532e+01
   1.5230000e+01   1.2526829e+01   1.2946744e+01
   1.5235000e+01   1.2527176e+01   1.2593131e+01
   1.5240000e+01   1.2527690e+01   1.2152780e+01
   1.5245000e+01   1.2528331e+01   1.1738483e+01
   1.5250000e+01   1.2529063e+01   1.2497788e+01
   1.5255000e+01   1.2529842e+01   1.2257907e+01
   1.5260000e+01   1.2530630e+01   1.2546732e+01
   1.5265000e+01   1.2531382e+01   1.2896777e+01
   1.5270000e+01   1.2532058e+01   1.2817436e+01
   1.5275000e+01   1.2532617e+01   1.3111773e+01
   1.5280000e+01   1.2533017e+01   1.3015063e+01
   1.5285000e+01   1.2533216e+01   1.1956762e+01
   1.5290000e+01   1.2533176e+01   1.2185699e+01
   1.5295000e+01   1.2532855e+01   1.2086237e+01
   1.5300000e+01   1.2532217e+01   1.2313619e+01
   1.5305000e+01   1.2531225e+01   1.2575599e+01
   1.5310000e+01   1.2529844e+01   1.2993446e+01
   1.5315000e+01   1.2528040e+01   1.2751628e+01
   1.5320000e+01   1.2525783e+01   1.3035906e+01
   1.5325000e+01   1.2523046e+01   1.2649893e+01
   1.5330000e+01   1.2519805e+01   1.2162671e+01
   1.5335000e+01   1.2516038e+01   1.2158028e+01
   1.5340000e+01   1.2511729e+01   1.1926582e+01
   1.5345000e+01   1.2506863e+01   1.2189807e+01
   1.5350000e+01   1.2501429e+01   1.2769255e+01
   1.5355000e+01   1.2495421e+01   1.2817100e+01
   1.5360000e+01   1.2488832e+01   1.2592377e+01
   1.5365000e+01   1.2481664e+01   1.2387142e+01
   1.5370000e+01   1.2473920e+01   1.2245819e+01
   1.5375000e+01   1.2465607e+01   1.2579023e+01
   1.5380000e+01   1.2456737e+01   1.2532029e+01
   1.5385000e+01   1.2447323e+01   1.2035532e+01
   1.5390000e+01   1.2437385e+01   1.1954890e+01
   1.5395000e+01   1.2426947e+01   1.2682723e+01
   1.5400000e+01   1.2416035e+01   1.3064056e+01
   1.5405000e+01   1.2404681e+01   1.3506891e+01
   1.5410000e+01   1.2392918e+01   1.3037245e+01
   1.5415000e+01   1.2380784e+01   1.2141093e+01
   1.5420000e+01   1.2368319e+01   1.1646689e+01
   1.5425000e+01   1.2355566e+01   1.1738443e+01
   1.5430000e+01   1.2342572e+01   1.1740722e+01
   1.5435000e+01   1.2329387e+01   1.2677417e+01
   1.5440000e+01   1.2316061e+01   1.2552431e+01
   1.5445000e+01   1.2302648e+01   1.2755825e+01
   1.5450000e+01   1.2289199e+01   1.2475037e+01
   1.5455000e+01   1.2275767e+01   1.2549740e+01
   1.5460000e+01   1.2262405e+01   1.1790787e+01
   1.5465000e+01   1.2249165e+01   1.1960302e+01
   1.5470000e+01   1.2236101e+01   1.1521805e+01
   1.5475000e+01   1.2223264e+01   1.2065934e+01
   1.5480000e+01   1.2210707e+01   1.2214030e+01
   1.5485000e+01   1.2198480e+01   1.2796776e+01
   1.5490000e+01   1.2186633e+01   1.2500182e+01
   1.5495000e+01   1.2175213e+01   1.2325050e+01
   1.5500000e+01   1.2164266e+01   1.1913448e+01
   1.5505000e+01   1.2153834e+01   1.1790850e+01
   1.5510000e+01   1.2143957e+01   1.1523090e+01
   1.5515000e+01   1.2134673e+01   1.1582475e+01
   1.5520000e+01   1.2126018e+01   1.2235052e+01
   1.5525000e+01   1.2118021e+01   1.2668371e+01
   1.5530000e+01   1.2110708e+01   1.2487819e+01
   1.5535000e+01   1.2104103e+01   1.3052730e+01
   1.5540000e+01   1.2098226e+01   1.2550987e+01
   1.5545000e+01   1.2093091e+01   1.2416501e+01
   1.5550000e+01   1.2088712e+01   1.1432530e+01
   1.5555000e+01   1.2085097e+01   1.1461244e+01
   1.5560000e+01   1.2082248e+01   1.1973988e+01
   1.5565000e+01   1.2080166e+01   1.2231401e+01
   1.5570000e+01   1.2078845e+01   1.2734584e+01
   1.5575000e+01   1.2078277e+01   1.2657485e+01
   1.5580000e+01   1.2078446e+01   1.2591427e+01
   1.5585000e+01   1.2079335e+01   1.2139028e+01
   1.5590000e+01   1.2080920e+01   1.1730823e+01
   1.5595000e+01   1.2083175e+01   1.1785507e+01
   1.5600000e+01   1.2086071e+01   1.1657369e+01
   1.5605000e+01   1.2089576e+01   1.1826003e+01
   1.5610000e+01   1.2093653e+01   1.2312698e+01
   1.5615000e+01   1.2098266e+01   1.2305342e+01
   1.5620000e+01   1.2103373e+01   1.2350508e+01
   1.5625000e+01   1.2108932e+01   1.2627907e+01
   1.5630000e+01   1.2114896e+01   1.2217536e+01
   1.5635000e+01   1.2121221e+01   1.1375074e+01
   1.5640000e+01   1.2127858e+01   1.1450302e+01
   1.5645000e+01   1.2134758e+01   1.1204117e+01
   1.5650000e+01   1.2141872e+01   1.2158565e+01
   1.5655000e+01   1.2149150e+01   1.2464350e+01
   1.5660000e+01   1.2156542e+01   1.2647198e+01
   1.5665000e+01   1.2163997e+01   1.2765262e+01
   1.5670000e+01   1.2171468e+01   1.2272513e+01
   1.5675000e+01   1.2178905e+01   1.1981850e+01
   1.5680000e+01   1.2186263e+01   1.1813313e+01
   1.5685000e+01   1.2193497e+01   1.1961553e+01
   1.5690000e+01   1.2200563e+01   1.1973375e+01
   1.5695000e+01   1.2207420e+01   1.2146676e+01
   1.5700000e+01   1.2214033e+01   1.2788370e+01
   1.5705000e+01   1.2220369e+01   1.2696758e+01
   1.5710000e+01   1.2226400e+01   1.2516504e+01
   1.5715000e+01   1.2232100e+01   1.2628329e+01
   1.5720000e+01   1.2237450e+01   1.2132196e+01
   1.5725000e+01   1.2242428e+01   1.1522001e+01
   1.5730000e+01   1.2247022e+01   1.1489480e+01
   1.5735000e+01   1.2251219e+01   1.1787260e+01
   1.5740000e+01   1.2255012e+01   1.2543663e+01
   1.5745000e+01   1.2258395e+01   1.2784027e+01
   1.5750000e+01   1.2261369e+01   1.2775257e+01
   1.5755000e+01   1.2263935e+01   1.2594304e+01
   1.5760000e+01   1.2266102e+01   1.2376973e+01
   1.5765000e+01   1.2267878e+01   1.2324446e+01
   1.5770000e+01   1.2269276e+01   1.1973252e+01
   1.5775000e+01   1.2270313e+01   1.1690708e+01
   1.5780000e+01   1.2271007e+01   1.2040914e+01
   1.5785000e+01   1.2271383e+01   1.2574525e+01
   1.5790000e+01   1.2271463e+01   1.2614994e+01
   1.5795000e+01   1.2271276e+01   1.3040562e+01
   1.5800000e+01   1.2270850e+01   1.2652675e+01
   1.5805000e+01   1.2270215e+01   1.2581819e+01
   1.5810000e+01   1.2269403e+01   1.1845258e+01
   1.5815000e+01   1.2268449e+01   1.1667814e+01
   1.5820000e+01   1.2267387e+01   1.2381844e+01
   1.5825000e+01   1.2266252e+01   1.1794307e+01
   1.5830000e+01   1.2265082e+01   1.2345418e+01
   1.5835000e+01   1.2263916e+01   1.2952979e+01
   1.5840000e+01   1.2262791e+01   1.3039894e+01
   1.5845000e+01   1.2261744e+01   1.2167324e+01
   1.5850000e+01   1.2260811e+01   1.2310671e+01
   1.5855000e+01   1.2260026e+01   1.2030882e+01
   1.5860000e+01   1.2259422e+01   1.2100721e+01
   1.5865000e+01   1.2259031e+01   1.2145798e+01
   1.5870000e+01   1.2258882e+01   1.2379567e+01
   1.5875000e+01   1.2259003e+01   1.2410671e+01
   1.5880000e+01   1.2259419e+01   1.3084337e+01
   1.5885000e+01   1.2260153e+01   1.2839875e+01
   1.5890000e+01   1.2261223e+01   1.2123266e+01
   1.5895000e+01   1.2262646e+01   1.2169063e+01
   1.5900000e+01   1.2264436e+01   1.1604144e+01
   1.5905000e+01   1.2266603e+01   1.1476918e+01
   1.5910000e+01   1.2269155e+01   1.1947117e+01
   1.5915000e+01   1.2272097e+01   1.2424152e+01
   1.5920000e+01   1.2275430e+01   1.2993436e+01
   1.5925000e+01   1.2279153e+01   1.2717942e+01
   1.5930000e+01   1.2283260e+01   1.2632485e+01
   1.5935000e+01   1.2287744e+01   1.2359224e+01
   1.5940000e+01   1.2292593e+01   1.1658306e+01
   1.5945000e+01   1.2297793e+01   1.1726173e+01
   1.5950000e+01   1.2303326e+01   1.1815623e+01
   1.5955000e+01   1.2309172e+01   1.2019607e+01
   1.5960000e+01   1.2315305e+01   1.2257930e+01
   1.5965000e+01   1.2321701e+01   1.2515349e+01
   1.5970000e+01   1.2328329e+01   1.2708777e+01
   1.5975000e+01   1.2335161e+01   1.2399283e+01
   1.5980000e+01   1.2342163e+01   1.2582806e+01
   1.5985000e+01   1.2349305e+01   1.1756860e+01
   1.5990000e+01   1.2356553e+01   1.1867016e+01
   1.5995000e+01   1.2363871e+01   1.1939843e+01
   1.6000000e+01   1.2371225e+01   1.2768017e+01
   1.6005000e+01   1.2378579e+01   1.3070215e+01
   1.6010000e+01   1.2385899e+01   1.2741805e+01
   1.6015000e+01   1.2393148e+01   1.2986983e+01
   1.6020000e+01   1.2400292e+01   1.2363514e+01
   1.6025000e+01   1.2407298e+01   1.2409419e+01
   1.6030000e+01   1.2414133e+01   1.2490080e+01
   1.6035000e+01   1.2420765e+01   1.1862004e+01
   1.6040000e+01   1.2427163e+01   1.1990768e+01
   1.6045000e+01   1.2433299e+01   1.2240344e+01
   1.6050000e+01   1.2439147e+01   1.3128992e+01
   1.6055000e+01   1.2444682e+01   1.3084881e+01
   1.6060000e+01   1.2449880e+01   1.3003061e+01
   1.6065000e+01   1.2454723e+01   1.2412120e+01
   1.6070000e+01   1.2459191e+01   1.1914979e+01
   1.6075000e+01   1.2463268e+01   1.1822207e+01
   1.6080000e+01   1.2466940e+01   1.1890043e+01
   1.6085000e+01   1.2470197e+01   1.2109280e+01
   1.6090000e+01   1.2473028e+01   1.2689266e+01
   1.6095000e+01   1.2475428e+01   1.2863672e+01
   1.6100000e+01   1.2477394e+01   1.3228313e+01
   1.6105000e+01   1.2478928e+01   1.2609956e+01
   1.6110000e+01   1.2480034e+01   1.2586967e+01
   1.6115000e+01   1.2480720e+01   1.1833651e+01
   1.6120000e+01   1.2480995e+01   1.2462497e+01
   1.6125000e+01   1.2480873e+01   1.2169351e+01
   1.6130000e+01   1.2480367e+01   1.2442426e+01
   1.6135000e+01   1.2479498e+01   1.2684788e+01
   1.6140000e+01   1.2478287e+01   1.2835219e+01
   1.6145000e+01   1.2476758e+01   1.2785696e+01
   1.6150000e+01   1.2474938e+01   1.2541053e+01
   1.6155000e+01   1.2472854e+01   1.2597071e+01
   1.6160000e+01   1.2470536e+01   1.2151939e+01
   1.6165000e+01   1.2468015e+01   1.1989936e+01
   1.6170000e+01   1.2465323e+01   1.1945735e+01
   1.6175000e+01   1.2462494e+01   1.2116396e+01
   1.6180000e+01   1.2459561e+01   1.3298872e+01
   1.6185000e+01   1.2456561e+01   1.2920005e+01
   1.6190000e+01   1.2453530e+01   1.2783107e+01
   1.6195000e+01   1.2450504e+01   1.2214595e+01
   1.6200000e+01   1.2447519e+01   1.2306782e+01
   1.6205000e+01   1.2444614e+01   1.1730121e+01
   1.6210000e+01   1.2441824e+01   1.2224780e+01
   1.6215000e+01   1.2439187e+01   1.1679797e+01
   1.6220000e+01   1.2436737e+01   1.2726021e+01
   1.6225000e+01   1.2434507e+01   1.2925874e+01
   1.6230000e+01   1.2432530e+01   1.3042024e+01
   1.6235000e+01   1.2430838e+01   1.2629333e+01
   1.6240000e+01   1.2429460e+01   1.1763405e+01
   1.6245000e+01   1.2428425e+01   1.1812659e+01
   1.6250000e+01   1.2427759e+01   1.2606521e+01
   1.6255000e+01   1.2427488e+01   1.2297052e+01
   1.6260000e+01   1.2427635e+01   1.2165110e+01
   1.6265000e+01   1.2428222e+01   1.2830260e+01
   1.6270000e+01   1.2429267e+01   1.3029868e+01
   1.6275000e+01   1.2430786e+01   1.2259459e+01
   1.6280000e+01   1.2432793e+01   1.2536967e+01
   1.6285000e+01   1.2435300e+01   1.1758644e+01
   1.6290000e+01   1.2438315e+01   1.2290668e+01
   1.6295000e+01   1.2441846e+01   1.2191167e+01
   1.6300000e+01   1.2445897e+01   1.2523417e+01
   1.6305000e+01   1.2450471e+01   1.3008532e+01
   1.6310000e+01   1.2455568e+01   1.2840058e+01
   1.6315000e+01   1.2461185e+01   1.2829004e+01
   1.6320000e+01   1.2467319e+01   1.2926588e+01
   1.6325000e+01   1.2473964e+01   1.2607178e+01
   1.6330000e+01   1.2481115e+01   1.2171592e+01
   1.6335000e+01   1.2488762e+01   1.1963396e+01
   1.6340000e+01   1.2496896e+01   1.1789322e+01
   1.6345000e+01   1.2505503e+01   1.2318359e+01
   1.6350000e+01   1.2514572e+01   1.2331518e+01
   1.6355000e+01   1.2524086e+01   1.3020479e+01
   1.6360000e+01   1.2534027e+01   1.3179854e+01
   1.6365000e+01   1.2544377e+01   1.3018375e+01
   1.6370000e+01   1.2555116e+01   1.2748528e+01
   1.6375000e+01   1.2566225e+01   1.2344934e+01
   1.6380000e+01   1.2577682e+01   1.2298781e+01
   1.6385000e+01   1.2589464e+01   1.2191151e+01
   1.6390000e+01   1.2601550e+01   1.2412043e+01
   1.6395000e+01   1.2613915e+01   1.3217388e+01
   1.6400000e+01   1.2626536e+01   1.2640894e+01
   1.6405000e+01   1.2639388e+01   1.2821034e+01
   1.6410000e+01   1.2652446e+01   1.2666153e+01
   1.6415000e+01   1.2665688e+01   1.2672859e+01
   1.6420000e+01   1.2679091e+01   1.1914475e+01
   1.6425000e+01   1.2692631e+01   1.2187736e+01
   1.6430000e+01   1.2706287e+01   1.2513020e+01
   1.6435000e+01   1.2720036e+01   1.2652129e+01
   1.6440000e+01   1.2733857e+01   1.3245046e+01
   1.6445000e+01   1.2747728e+01   1.3404664e+01
   1.6450000e+01   1.2761627e+01   1.3762807e+01
   1.6455000e+01   1.2775533e+01   1.2532314e+01
   1.6460000e+01   1.2789424e+01   1.2414650e+01
   1.6465000e+01   1.2803282e+01   1.2577748e+01
   1.6470000e+01   1.2817088e+01   1.2314552e+01
   1.6475000e+01   1.2830825e+01   1.2539950e+01
   1.6480000e+01   1.2844476e+01   1.2792356e+01
   1.6485000e+01   1.2858028e+01   1.3563372e+01
   1.6490000e+01   1.2871465e+01   1.3560644e+01
   1.6495000e+01   1.2884774e+01   1.3433821e+01
   1.6500000e+01   1.2897943e+01   1.2947853e+01
   1.6505000e+01   1.2910958e+01   1.2133171e+01
   1.6510000e+01   1.2923809e+01   1.2959640e+01
   1.6515000e+01   1.2936484e+01   1.2323383e+01
   1.6520000e+01   1.2948974e+01   1.2964320e+01
   1.6525000e+01   1.2961271e+01   1.3586615e+01
   1.6530000e+01   1.2973367e+01   1.3475759e+01
   1.6535000e+01   1.2985258e+01   1.3426887e+01
   1.6540000e+01   1.2996938e+01   1.3416199e+01
   1.6545000e+01   1.3008401e+01   1.2813658e+01
   1.6550000e+01   1.3019644e+01   1.2434538e+01
   1.6555000e+01   1.3030661e+01   1.1976907e+01
   1.6560000e+01   1.3041449e+01   1.2646943e+01
   1.6565000e+01   1.3052005e+01   1.3074536e+01
   1.6570000e+01   1.3062326e+01   1.3759138e+01
   1.6575000e+01   1.3072407e+01   1.3739798e+01
   1.6580000e+01   1.3082244e+01   1.3764611e+01
   1.6585000e+01   1.3091831e+01   1.3177491e+01
   1.6590000e+01   1.3101163e+01   1.3236657e+01
   1.6595000e+01   1.3110233e+01   1.2882277e+01
   1.6600000e+01   1.3119034e+01   1.2556838e+01
   1.6605000e+01   1.3127561e+01   1.2896739e+01
   1.6610000e+01   1.3135805e+01   1.2865835e+01
   1.6615000e+01   1.3143760e+01   1.3322979e+01
   1.6620000e+01   1.3151417e+01   1.3739882e+01
   1.6625000e+01   1.3158765e+01   1.3309396e+01
   1.6630000e+01   1.3165793e+01   1.3146475e+01
   1.6635000e+01   1.3172486e+01   1.3173623e+01
   1.6640000e+01   1.3178831e+01   1.2513875e+01
   1.6645000e+01   1.3184811e+01   1.2726109e+01
   1.6650000e+01   1.3190409e+01   1.2766845e+01
   1.6655000e+01   1.3195605e+01   1.3577812e+01
   1.6660000e+01   1.3200382e+01   1.3791456e+01
   1.6665000e+01   1.3204719e+01   1.3309305e+01
   1.6670000e+01   1.3208590e+01   1.3260955e+01
   1.6675000e+01   1.3211973e+01   1.2995032e+01
   1.6680000e+01   1.3214842e+01   1.2167553e+01
   1.6685000e+01   1.3217170e+01   1.2400358e+01
   1.6690000e+01   1.3218928e+01   1.2657627e+01
   1.6695000e+01   1.3220088e+01   1.3310786e+01
   1.6700000e+01   1.3220622e+01   1.3457399e+01
   1.6705000e+01   1.3220499e+01   1.3424245e+01
   1.6710000e+01   1.3219688e+01   1.3592870e+01
   1.6715000e+01   1.3218158e+01   1.3573307e+01
   1.6720000e+01   1.3215877e+01   1.2998898e+01
   1.6725000e+01   1.3212810e+01   1.2437644e+01
   1.6730000e+01   1.3208924e+01   1.3476414e+01
   1.6735000e+01   1.3204182e+01   1.2984829e+01
   1.6740000e+01   1.3198548e+01   1.3640469e+01
   1.6745000e+01   1.3191986e+01   1.4240206e+01
   1.6750000e+01   1.3184461e+01   1.3995591e+01
   1.6755000e+01   1.3175787e+01   1.3522614e+01
   1.6760000e+01   1.3165920e+01   1.2716200e+01
   1.6765000e+01   1.3154816e+01   1.2489919e+01
   1.6770000e+01   1.3142433e+01   1.2541192e+01
   1.6775000e+01   1.3128727e+01   1.2720501e+01
   1.6780000e+01   1.3113657e+01   1.3384935e+01
   1.6785000e+01   1.3097183e+01   1.3866103e+01
   1.6790000e+01   1.3079268e+01   1.3731899e+01
   1.6795000e+01   1.3059875e+01   1.3234555e+01
   1.6800000e+01   1.3038972e+01   1.3283754e+01
   1.6805000e+01   1.3016530e+01   1.3527957e+01
   1.6810000e+01   1.2992523e+01   1.2633775e+01
   1.6815000e+01   1.2966927e+01   1.2451136e+01
   1.6820000e+01   1.2939724e+01   1.2308147e+01
   1.6825000e+01   1.2910897e+01   1.2918279e+01
   1.6830000e+01   1.2880439e+01   1.3012439e+01
   1.6835000e+01   1.2848345e+01   1.3437290e+01
   1.6840000e+01   1.2814614e+01   1.3551215e+01
   1.6845000e+01   1.2779254e+01   1.3419259e+01
   1.6850000e+01   1.2742275e+01   1.2583579e+01
   1.6855000e+01   1.2703692e+01   1.2888539e+01
   1.6860000e+01   1.2663528e+01   1.2624377e+01
   1.6865000e+01   1.2621808e+01   1.2103750e+01
   1.6870000e+01   1.2578564e+01   1.3026765e+01
   1.6875000e+01   1.2533835e+01   1.3009221e+01
   1.6880000e+01   1.2476536e+01   1.2745933e+01
   1.6885000e+01   1.2417877e+01   1.3130589e+01
   1.6890000e+01   1.2357927e+01   1.2688919e+01
   1.6895000e+01   1.2296765e+01   1.2189955e+01
   1.6900000e+01   1.2234472e+01   1.1785314e+01
   1.6905000e+01   1.2171140e+01   1.1443557e+01
   1.6910000e+01   1.2106862e+01   1.2495937e+01
   1.6915000e+01   1.2041739e+01   1.2504781e+01
   1.6920000e+01   1.1975879e+01   1.2823406e+01
   1.6925000e+01   1.1909391e+01   1.2525949e+01
   1.6930000e+01   1.1842392e+01   1.2059168e+01
   1.6935000e+01   1.1775001e+01   1.2057044e+01
   1.6940000e+01   1.1707343e+01   1.1020039e+01
   1.6945000e+01   1.1639542e+01   1.1256372e+01
   1.6950000e+01   1.1571728e+01   1.0986542e+01
   1.6955000e+01   1.1504030e+01   1.1402584e+01
   1.6960000e+01   1.1436578e+01   1.1844034e+01
   1.6965000e+01   1.1369504e+01   1.2073127e+01
   1.6970000e+01   1.1302939e+01   1.1679856e+01
   1.6975000e+01   1.1237011e+01   1.1389832e+01
   1.6980000e+01   1.1171851e+01   1.0418719e+01
   1.6985000e+01   1.1107582e+01   1.0325524e+01
   1.6990000e+01   1.1044328e+01   1.1065750e+01
   1.6995000e+01   1.0982208e+01   1.0740648e+01
   1.7000000e+01   1.0921336e+01   1.1060178e+01
