  -0.0000000e+00
  -0.0000000e+00
  -0.0000000e+00
  -0.0000000e+00
  -0.0000000e+00
  -0.0000000e+00
  -0.0000000e+00
  -0.0000000e+00
  -0.0000000e+00
  -0.0000000e+00
  -0.0000000e+00
  -0.0000000e+00
  -0.0000000e+00
  -0.0000000e+00
  -0.0000000e+00
  -0.0000000e+00
  -0.0000000e+00
  -0.0000000e+00
  -0.0000000e+00
  -0.0000000e+00
  -0.0000000e+00
  -0.0000000e+00
  -0.0000000e+00
  -0.0000000e+00
  -0.0000000e+00
  -0.0000000e+00
  -0.0000000e+00
  -0.0000000e+00
  -0.0000000e+00
  -0.0000000e+00
  -0.0000000e+00
  -0.0000000e+00
  -0.0000000e+00
  -0.0000000e+00
  -0.0000000e+00
  -0.0000000e+00
  -0.0000000e+00
  -0.0000000e+00
  -0.0000000e+00
  -0.0000000e+00
  -0.0000000e+00
  -0.0000000e+00
  -0.0000000e+00
  -0.0000000e+00
  -0.0000000e+00
  -0.0000000e+00
  -0.0000000e+00
  -0.0000000e+00
  -0.0000000e+00
  -0.0000000e+00
  -0.0000000e+00
  -0.0000000e+00
  -0.0000000e+00
  -0.0000000e+00
  -0.0000000e+00
  -0.0000000e+00
  -0.0000000e+00
  -0.0000000e+00
  -0.0000000e+00
  -0.0000000e+00
  -0.0000000e+00
  -0.0000000e+00
  -0.0000000e+00
  -0.0000000e+00
  -0.0000000e+00
  -0.0000000e+00
  -0.0000000e+00
  -0.0000000e+00
  -0.0000000e+00
  -0.0000000e+00
  -0.0000000e+00
  -0.0000000e+00
  -0.0000000e+00
  -0.0000000e+00
  -0.0000000e+00
  -0.0000000e+00
  -0.0000000e+00
  -0.0000000e+00
  -0.0000000e+00
  -0.0000000e+00
  -0.0000000e+00
  -0.0000000e+00
  -0.0000000e+00
  -0.0000000e+00
  -0.0000000e+00
  -0.0000000e+00
  -0.0000000e+00
  -0.0000000e+00
  -0.0000000e+00
  -0.0000000e+00
  -0.0000000e+00
  -0.0000000e+00
  -0.0000000e+00
  -0.0000000e+00
  -0.0000000e+00
  -0.0000000e+00
  -0.0000000e+00
  -0.0000000e+00
  -0.0000000e+00
  -0.0000000e+00
  -0.0000000e+00
  -0.0000000e+00
  -0.0000000e+00
  -0.0000000e+00
  -0.0000000e+00
  -0.0000000e+00
  -0.0000000e+00
  -0.0000000e+00
  -0.0000000e+00
  -0.0000000e+00
  -0.0000000e+00
  -0.0000000e+00
  -0.0000000e+00
  -0.0000000e+00
  -0.0000000e+00
  -0.0000000e+00
  -0.0000000e+00
  -0.0000000e+00
  -0.0000000e+00
  -0.0000000e+00
  -0.0000000e+00
  -0.0000000e+00
  -0.0000000e+00
  -0.0000000e+00
  -0.0000000e+00
  -0.0000000e+00
  -0.0000000e+00
  -0.0000000e+00
  -0.0000000e+00
  -0.0000000e+00
  -0.0000000e+00
  -0.0000000e+00
  -0.0000000e+00
  -0.0000000e+00
  -0.0000000e+00
  -0.0000000e+00
  -0.0000000e+00
  -0.0000000e+00
  -0.0000000e+00
  -0.0000000e+00
  -0.0000000e+00
  -0.0000000e+00
  -0.0000000e+00
  -0.0000000e+00
  -0.0000000e+00
  -0.0000000e+00
  -0.0000000e+00
  -0.0000000e+00
  -0.0000000e+00
  -0.0000000e+00
  -0.0000000e+00
  -0.0000000e+00
  -0.0000000e+00
  -0.0000000e+00
  -0.0000000e+00
  -0.0000000e+00
  -0.0000000e+00
  -0.0000000e+00
  -0.0000000e+00
  -0.0000000e+00
  -0.0000000e+00
  -0.0000000e+00
  -0.0000000e+00
  -0.0000000e+00
  -0.0000000e+00
  -0.0000000e+00
  -0.0000000e+00
  -0.0000000e+00
  -0.0000000e+00
  -0.0000000e+00
  -0.0000000e+00
  -0.0000000e+00
  -0.0000000e+00
  -0.0000000e+00
  -0.0000000e+00
  -0.0000000e+00
  -0.0000000e+00
  -0.0000000e+00
  -0.0000000e+00
  -0.0000000e+00
  -0.0000000e+00
  -0.0000000e+00
  -0.0000000e+00
  -0.0000000e+00
  -0.0000000e+00
  -0.0000000e+00
  -0.0000000e+00
  -0.0000000e+00
  -0.0000000e+00
  -0.0000000e+00
  -0.0000000e+00
  -0.0000000e+00
  -0.0000000e+00
  -0.0000000e+00
  -0.0000000e+00
  -0.0000000e+00
  -0.0000000e+00
  -0.0000000e+00
  -0.0000000e+00
  -0.0000000e+00
  -0.0000000e+00
  -0.0000000e+00
  -0.0000000e+00
  -0.0000000e+00
  -0.0000000e+00
  -0.0000000e+00
  -0.0000000e+00
  -0.0000000e+00
  -0.0000000e+00
  -0.0000000e+00
  -0.0000000e+00
  -0.0000000e+00
  -0.0000000e+00
  -0.0000000e+00
  -0.0000000e+00
  -0.0000000e+00
  -0.0000000e+00
  -0.0000000e+00
  -0.0000000e+00
  -0.0000000e+00
  -0.0000000e+00
  -0.0000000e+00
  -0.0000000e+00
  -0.0000000e+00
  -0.0000000e+00
  -0.0000000e+00
  -0.0000000e+00
  -0.0000000e+00
  -0.0000000e+00
  -0.0000000e+00
  -0.0000000e+00
  -0.0000000e+00
  -0.0000000e+00
  -0.0000000e+00
  -0.0000000e+00
  -0.0000000e+00
  -0.0000000e+00
  -0.0000000e+00
  -0.0000000e+00
  -0.0000000e+00
  -0.0000000e+00
  -0.0000000e+00
  -0.0000000e+00
  -0.0000000e+00
  -0.0000000e+00
  -0.0000000e+00
  -0.0000000e+00
  -0.0000000e+00
  -0.0000000e+00
  -0.0000000e+00
   0.0000000e+00
   1.7000000e-03
   3.4000000e-03
   5.1000000e-03
   6.8000000e-03
   8.5000000e-03
   1.0200000e-02
   1.1900000e-02
   1.3600000e-02
   1.5300000e-02
   1.7000000e-02
   1.8700000e-02
   2.0400000e-02
   2.2100000e-02
   2.3800000e-02
   2.5500000e-02
   2.7200000e-02
   2.8900000e-02
   3.0600000e-02
   3.2300000e-02
   3.4000000e-02
   3.5700000e-02
   3.7400000e-02
   3.9100000e-02
   4.0800000e-02
   4.2500000e-02
   4.4200000e-02
   4.5900000e-02
   4.7600000e-02
   4.9300000e-02
   5.1000000e-02
   5.2700000e-02
   5.4400000e-02
   5.6100000e-02
   5.7800000e-02
   5.9500000e-02
   6.1200000e-02
   6.2900000e-02
   6.4600000e-02
   6.6300000e-02
   6.8000000e-02
   6.9700000e-02
   7.1400000e-02
   7.3100000e-02
   7.4800000e-02
   7.6500000e-02
   7.8200000e-02
   7.9900000e-02
   8.1600000e-02
   8.3300000e-02
   8.5000000e-02
   8.6700000e-02
   8.8400000e-02
   9.0100000e-02
   9.1800000e-02
   9.3500000e-02
   9.5200000e-02
   9.6900000e-02
   9.8600000e-02
   1.0030000e-01
   1.0200000e-01
   1.0370000e-01
   1.0540000e-01
   1.0710000e-01
   1.0880000e-01
   1.1050000e-01
   1.1220000e-01
   1.1390000e-01
   1.1560000e-01
   1.1730000e-01
   1.1900000e-01
   1.2070000e-01
   1.2240000e-01
   1.2410000e-01
   1.2580000e-01
   1.2750000e-01
   1.2920000e-01
   1.3090000e-01
   1.3260000e-01
   1.3430000e-01
   1.3600000e-01
   1.3770000e-01
   1.3940000e-01
   1.4110000e-01
   1.4280000e-01
   1.4450000e-01
   1.4620000e-01
   1.4790000e-01
   1.4960000e-01
   1.5130000e-01
   1.5300000e-01
   1.5470000e-01
   1.5640000e-01
   1.5810000e-01
   1.5980000e-01
   1.6150000e-01
   1.6320000e-01
   1.6490000e-01
   1.6660000e-01
   1.6830000e-01
   1.7000000e-01
   1.7170000e-01
   1.7340000e-01
   1.7510000e-01
   1.7680000e-01
   1.7850000e-01
   1.8020000e-01
   1.8190000e-01
   1.8360000e-01
   1.8530000e-01
   1.8700000e-01
   1.8870000e-01
   1.9040000e-01
   1.9210000e-01
   1.9380000e-01
   1.9550000e-01
   1.9720000e-01
   1.9890000e-01
   2.0060000e-01
   2.0230000e-01
   2.0400000e-01
   2.0570000e-01
   2.0740000e-01
   2.0910000e-01
   2.1080000e-01
   2.1250000e-01
   2.1420000e-01
   2.1590000e-01
   2.1760000e-01
   2.1930000e-01
   2.2100000e-01
   2.2270000e-01
   2.2440000e-01
   2.2610000e-01
   2.2780000e-01
   2.2950000e-01
   2.3120000e-01
   2.3290000e-01
   2.3460000e-01
   2.3630000e-01
   2.3800000e-01
   2.3970000e-01
   2.4140000e-01
   2.4310000e-01
   2.4480000e-01
   2.4650000e-01
   2.4820000e-01
   2.4990000e-01
   2.5160000e-01
   2.5330000e-01
   2.5500000e-01
   2.5670000e-01
   2.5840000e-01
   2.6010000e-01
   2.6180000e-01
   2.6350000e-01
   2.6520000e-01
   2.6690000e-01
   2.6860000e-01
   2.7030000e-01
   2.7200000e-01
   2.7370000e-01
   2.7540000e-01
   2.7710000e-01
   2.7880000e-01
   2.8050000e-01
   2.8220000e-01
   2.8390000e-01
   2.8560000e-01
   2.8730000e-01
   2.8900000e-01
   2.9070000e-01
   2.9240000e-01
   2.9410000e-01
   2.9580000e-01
   2.9750000e-01
   2.9920000e-01
   3.0090000e-01
   3.0260000e-01
   3.0430000e-01
   3.0600000e-01
   3.0770000e-01
   3.0940000e-01
   3.1110000e-01
   3.1280000e-01
   3.1450000e-01
   3.1620000e-01
   3.1790000e-01
   3.1960000e-01
   3.2130000e-01
   3.2300000e-01
   3.2470000e-01
   3.2640000e-01
   3.2810000e-01
   3.2980000e-01
   3.3150000e-01
   3.3320000e-01
   3.3490000e-01
   3.3660000e-01
   3.3830000e-01
   3.4000000e-01
   3.4170000e-01
   3.4340000e-01
   3.4510000e-01
   3.4680000e-01
   3.4850000e-01
   3.5020000e-01
   3.5190000e-01
   3.5360000e-01
   3.5530000e-01
   3.5700000e-01
   3.5870000e-01
   3.6040000e-01
   3.6210000e-01
   3.6380000e-01
   3.6550000e-01
   3.6720000e-01
   3.6890000e-01
   3.7060000e-01
   3.7230000e-01
   3.7400000e-01
   3.7570000e-01
   3.7740000e-01
   3.7910000e-01
   3.8080000e-01
   3.8250000e-01
   3.8420000e-01
   3.8590000e-01
   3.8760000e-01
   3.8930000e-01
   3.9100000e-01
   3.9270000e-01
   3.9440000e-01
   3.9610000e-01
   3.9780000e-01
   3.9950000e-01
   4.0120000e-01
   4.0290000e-01
   4.0460000e-01
   4.0630000e-01
   4.0800000e-01
   4.0970000e-01
   4.1140000e-01
   4.1310000e-01
   4.1480000e-01
   4.1650000e-01
   4.1820000e-01
   4.1990000e-01
   4.2160000e-01
   4.2330000e-01
   4.2500000e-01
   4.2670000e-01
   4.2840000e-01
   4.3010000e-01
   4.3180000e-01
   4.3350000e-01
   4.3520000e-01
   4.3690000e-01
   4.3860000e-01
   4.4030000e-01
   4.4200000e-01
   4.4370000e-01
   4.4540000e-01
   4.4710000e-01
   4.4880000e-01
   4.5050000e-01
   4.5220000e-01
   4.5390000e-01
   4.5560000e-01
   4.5730000e-01
   4.5900000e-01
   4.6070000e-01
   4.6240000e-01
   4.6410000e-01
   4.6580000e-01
   4.6750000e-01
   4.6920000e-01
   4.7090000e-01
   4.7260000e-01
   4.7430000e-01
   4.7600000e-01
   4.7770000e-01
   4.7940000e-01
   4.8110000e-01
   4.8280000e-01
   4.8450000e-01
   4.8620000e-01
   4.8790000e-01
   4.8960000e-01
   4.9130000e-01
   4.9300000e-01
   4.9470000e-01
   4.9640000e-01
   4.9810000e-01
   4.9980000e-01
   5.0150000e-01
   5.0320000e-01
   5.0490000e-01
   5.0660000e-01
   5.0830000e-01
   5.1000000e-01
   5.1170000e-01
   5.1340000e-01
   5.1510000e-01
   5.1680000e-01
   5.1850000e-01
   5.2020000e-01
   5.2190000e-01
   5.2360000e-01
   5.2530000e-01
   5.2700000e-01
   5.2870000e-01
   5.3040000e-01
   5.3210000e-01
   5.3380000e-01
   5.3550000e-01
   5.3720000e-01
   5.3890000e-01
   5.4060000e-01
   5.4230000e-01
   5.4400000e-01
   5.4570000e-01
   5.4740000e-01
   5.4910000e-01
   5.5080000e-01
   5.5250000e-01
   5.5420000e-01
   5.5590000e-01
   5.5760000e-01
   5.5930000e-01
   5.6100000e-01
   5.6270000e-01
   5.6440000e-01
   5.6610000e-01
   5.6780000e-01
   5.6950000e-01
   5.7120000e-01
   5.7290000e-01
   5.7460000e-01
   5.7630000e-01
   5.7800000e-01
   5.7970000e-01
   5.8140000e-01
   5.8310000e-01
   5.8480000e-01
   5.8650000e-01
   5.8820000e-01
   5.8990000e-01
   5.9160000e-01
   5.9330000e-01
   5.9500000e-01
   5.9670000e-01
   5.9840000e-01
   6.0010000e-01
   6.0180000e-01
   6.0350000e-01
   6.0520000e-01
   6.0690000e-01
   6.0860000e-01
   6.1030000e-01
   6.1200000e-01
   6.1370000e-01
   6.1540000e-01
   6.1710000e-01
   6.1880000e-01
   6.2050000e-01
   6.2220000e-01
   6.2390000e-01
   6.2560000e-01
   6.2730000e-01
   6.2900000e-01
   6.3070000e-01
   6.3240000e-01
   6.3410000e-01
   6.3580000e-01
   6.3750000e-01
   6.3920000e-01
   6.4090000e-01
   6.4260000e-01
   6.4430000e-01
   6.4600000e-01
   6.4770000e-01
   6.4940000e-01
   6.5110000e-01
   6.5280000e-01
   6.5450000e-01
   6.5620000e-01
   6.5790000e-01
   6.5960000e-01
   6.6130000e-01
   6.6300000e-01
   6.6470000e-01
   6.6640000e-01
   6.6810000e-01
   6.6980000e-01
   6.7150000e-01
   6.7320000e-01
   6.7490000e-01
   6.7660000e-01
   6.7830000e-01
   6.8000000e-01
   6.8170000e-01
   6.8340000e-01
   6.8510000e-01
   6.8680000e-01
   6.8850000e-01
   6.9020000e-01
   6.9190000e-01
   6.9360000e-01
   6.9530000e-01
   6.9700000e-01
   6.9870000e-01
   7.0040000e-01
   7.0210000e-01
   7.0380000e-01
   7.0550000e-01
   7.0720000e-01
   7.0890000e-01
   7.1060000e-01
   7.1230000e-01
   7.1400000e-01
   7.1570000e-01
   7.1740000e-01
   7.1910000e-01
   7.2080000e-01
   7.2250000e-01
   7.2420000e-01
   7.2590000e-01
   7.2760000e-01
   7.2930000e-01
   7.3100000e-01
   7.3270000e-01
   7.3440000e-01
   7.3610000e-01
   7.3780000e-01
   7.3950000e-01
   7.4120000e-01
   7.4290000e-01
   7.4460000e-01
   7.4630000e-01
   7.4800000e-01
   7.4970000e-01
   7.5140000e-01
   7.5310000e-01
   7.5480000e-01
   7.5650000e-01
   7.5820000e-01
   7.5990000e-01
   7.6160000e-01
   7.6330000e-01
   7.6500000e-01
   7.6670000e-01
   7.6840000e-01
   7.7010000e-01
   7.7180000e-01
   7.7350000e-01
   7.7520000e-01
   7.7690000e-01
   7.7860000e-01
   7.8030000e-01
   7.8200000e-01
   7.8370000e-01
   7.8540000e-01
   7.8710000e-01
   7.8880000e-01
   7.9050000e-01
   7.9220000e-01
   7.9390000e-01
   7.9560000e-01
   7.9730000e-01
   7.9900000e-01
   8.0070000e-01
   8.0240000e-01
   8.0410000e-01
   8.0580000e-01
   8.0750000e-01
   8.0920000e-01
   8.1090000e-01
   8.1260000e-01
   8.1430000e-01
   8.1600000e-01
   8.1770000e-01
   8.1940000e-01
   8.2110000e-01
   8.2280000e-01
   8.2450000e-01
   8.2620000e-01
   8.2790000e-01
   8.2960000e-01
   8.3130000e-01
   8.3300000e-01
   8.3470000e-01
   8.3640000e-01
   8.3810000e-01
   8.3980000e-01
   8.4150000e-01
   8.4320000e-01
   8.4490000e-01
   8.4660000e-01
   8.4830000e-01
   8.5000000e-01
   8.5170000e-01
   8.5340000e-01
   8.5510000e-01
   8.5680000e-01
   8.5850000e-01
   8.6020000e-01
   8.6190000e-01
   8.6360000e-01
   8.6530000e-01
   8.6700000e-01
   8.6870000e-01
   8.7040000e-01
   8.7210000e-01
   8.7380000e-01
   8.7550000e-01
   8.7720000e-01
   8.7890000e-01
   8.8060000e-01
   8.8230000e-01
   8.8400000e-01
   8.8570000e-01
   8.8740000e-01
   8.8910000e-01
   8.9080000e-01
   8.9250000e-01
   8.9420000e-01
   8.9590000e-01
   8.9760000e-01
   8.9930000e-01
   9.0100000e-01
   9.0270000e-01
   9.0440000e-01
   9.0610000e-01
   9.0780000e-01
   9.0950000e-01
   9.1120000e-01
   9.1290000e-01
   9.1460000e-01
   9.1630000e-01
   9.1800000e-01
   9.1970000e-01
   9.2140000e-01
   9.2310000e-01
   9.2480000e-01
   9.2650000e-01
   9.2820000e-01
   9.2990000e-01
   9.3160000e-01
   9.3330000e-01
   9.3500000e-01
   9.3670000e-01
   9.3840000e-01
   9.4010000e-01
   9.4180000e-01
   9.4350000e-01
   9.4520000e-01
   9.4690000e-01
   9.4860000e-01
   9.5030000e-01
   9.5200000e-01
   9.5370000e-01
   9.5540000e-01
   9.5710000e-01
   9.5880000e-01
   9.6050000e-01
   9.6220000e-01
   9.6390000e-01
   9.6560000e-01
   9.6730000e-01
   9.6900000e-01
   9.7070000e-01
   9.7240000e-01
   9.7410000e-01
   9.7580000e-01
   9.7750000e-01
   9.7920000e-01
   9.8090000e-01
   9.8260000e-01
   9.8430000e-01
   9.8600000e-01
   9.8770000e-01
   9.8940000e-01
   9.9110000e-01
   9.9280000e-01
   9.9450000e-01
   9.9620000e-01
   9.9790000e-01
   9.9960000e-01
   1.0013000e+00
   1.0030000e+00
   1.0047000e+00
   1.0064000e+00
   1.0081000e+00
   1.0098000e+00
   1.0115000e+00
   1.0132000e+00
   1.0149000e+00
   1.0166000e+00
   1.0183000e+00
   1.0200000e+00
   1.0217000e+00
   1.0234000e+00
   1.0251000e+00
   1.0268000e+00
   1.0285000e+00
   1.0302000e+00
   1.0319000e+00
   1.0336000e+00
   1.0353000e+00
   1.0370000e+00
   1.0387000e+00
   1.0404000e+00
   1.0421000e+00
   1.0438000e+00
   1.0455000e+00
   1.0472000e+00
   1.0489000e+00
   1.0506000e+00
   1.0523000e+00
   1.0540000e+00
   1.0557000e+00
   1.0574000e+00
   1.0591000e+00
   1.0608000e+00
   1.0625000e+00
   1.0642000e+00
   1.0659000e+00
   1.0676000e+00
   1.0693000e+00
   1.0710000e+00
   1.0727000e+00
   1.0744000e+00
   1.0761000e+00
   1.0778000e+00
   1.0795000e+00
   1.0812000e+00
   1.0829000e+00
   1.0846000e+00
   1.0863000e+00
   1.0880000e+00
   1.0897000e+00
   1.0914000e+00
   1.0931000e+00
   1.0948000e+00
   1.0965000e+00
   1.0982000e+00
   1.0999000e+00
   1.1016000e+00
   1.1033000e+00
   1.1050000e+00
   1.1067000e+00
   1.1084000e+00
   1.1101000e+00
   1.1118000e+00
   1.1135000e+00
   1.1152000e+00
   1.1169000e+00
   1.1186000e+00
   1.1203000e+00
   1.1220000e+00
   1.1237000e+00
   1.1254000e+00
   1.1271000e+00
   1.1288000e+00
   1.1305000e+00
   1.1322000e+00
   1.1339000e+00
   1.1356000e+00
   1.1373000e+00
   1.1390000e+00
   1.1407000e+00
   1.1424000e+00
   1.1441000e+00
   1.1458000e+00
   1.1475000e+00
   1.1492000e+00
   1.1509000e+00
   1.1526000e+00
   1.1543000e+00
   1.1560000e+00
   1.1577000e+00
   1.1594000e+00
   1.1611000e+00
   1.1628000e+00
   1.1645000e+00
   1.1662000e+00
   1.1679000e+00
   1.1696000e+00
   1.1713000e+00
   1.1730000e+00
   1.1747000e+00
   1.1764000e+00
   1.1781000e+00
   1.1798000e+00
   1.1815000e+00
   1.1832000e+00
   1.1849000e+00
   1.1866000e+00
   1.1883000e+00
   1.1900000e+00
   1.1917000e+00
   1.1934000e+00
   1.1951000e+00
   1.1968000e+00
   1.1985000e+00
   1.2002000e+00
   1.2019000e+00
   1.2036000e+00
   1.2053000e+00
   1.2070000e+00
   1.2087000e+00
   1.2104000e+00
   1.2121000e+00
   1.2138000e+00
   1.2155000e+00
   1.2172000e+00
   1.2189000e+00
   1.2206000e+00
   1.2223000e+00
   1.2240000e+00
   1.2257000e+00
   1.2274000e+00
   1.2291000e+00
   1.2308000e+00
   1.2325000e+00
   1.2342000e+00
   1.2359000e+00
   1.2376000e+00
   1.2393000e+00
   1.2410000e+00
   1.2427000e+00
   1.2444000e+00
   1.2461000e+00
   1.2478000e+00
   1.2495000e+00
   1.2512000e+00
   1.2529000e+00
   1.2546000e+00
   1.2563000e+00
   1.2580000e+00
   1.2597000e+00
   1.2614000e+00
   1.2631000e+00
   1.2648000e+00
   1.2665000e+00
   1.2682000e+00
   1.2699000e+00
   1.2716000e+00
   1.2733000e+00
   1.2750000e+00
   1.2767000e+00
   1.2784000e+00
   1.2801000e+00
   1.2818000e+00
   1.2835000e+00
   1.2852000e+00
   1.2869000e+00
   1.2886000e+00
   1.2903000e+00
   1.2920000e+00
   1.2937000e+00
   1.2954000e+00
   1.2971000e+00
   1.2988000e+00
   1.3005000e+00
   1.3022000e+00
   1.3039000e+00
   1.3056000e+00
   1.3073000e+00
   1.3090000e+00
   1.3107000e+00
   1.3124000e+00
   1.3141000e+00
   1.3158000e+00
   1.3175000e+00
   1.3192000e+00
   1.3209000e+00
   1.3226000e+00
   1.3243000e+00
   1.3260000e+00
   1.3277000e+00
   1.3294000e+00
   1.3311000e+00
   1.3328000e+00
   1.3345000e+00
   1.3362000e+00
   1.3379000e+00
   1.3396000e+00
   1.3413000e+00
   1.3430000e+00
   1.3447000e+00
   1.3464000e+00
   1.3481000e+00
   1.3498000e+00
   1.3515000e+00
   1.3532000e+00
   1.3549000e+00
   1.3566000e+00
   1.3583000e+00
   1.3600000e+00
   1.3617000e+00
   1.3634000e+00
   1.3651000e+00
   1.3668000e+00
   1.3685000e+00
   1.3702000e+00
   1.3719000e+00
   1.3736000e+00
   1.3753000e+00
   1.3770000e+00
   1.3787000e+00
   1.3804000e+00
   1.3821000e+00
   1.3838000e+00
   1.3855000e+00
   1.3872000e+00
   1.3889000e+00
   1.3906000e+00
   1.3923000e+00
   1.3940000e+00
   1.3957000e+00
   1.3974000e+00
   1.3991000e+00
   1.4008000e+00
   1.4025000e+00
   1.4042000e+00
   1.4059000e+00
   1.4076000e+00
   1.4093000e+00
   1.4110000e+00
   1.4127000e+00
   1.4144000e+00
   1.4161000e+00
   1.4178000e+00
   1.4195000e+00
   1.4212000e+00
   1.4229000e+00
   1.4246000e+00
   1.4263000e+00
   1.4280000e+00
   1.4297000e+00
   1.4314000e+00
   1.4331000e+00
   1.4348000e+00
   1.4365000e+00
   1.4382000e+00
   1.4399000e+00
   1.4416000e+00
   1.4433000e+00
   1.4450000e+00
   1.4467000e+00
   1.4484000e+00
   1.4501000e+00
   1.4518000e+00
   1.4535000e+00
   1.4552000e+00
   1.4569000e+00
   1.4586000e+00
   1.4603000e+00
   1.4620000e+00
   1.4637000e+00
   1.4654000e+00
   1.4671000e+00
   1.4688000e+00
   1.4705000e+00
   1.4722000e+00
   1.4739000e+00
   1.4756000e+00
   1.4773000e+00
   1.4790000e+00
   1.4807000e+00
   1.4824000e+00
   1.4841000e+00
   1.4858000e+00
   1.4875000e+00
   1.4892000e+00
   1.4909000e+00
   1.4926000e+00
   1.4943000e+00
   1.4960000e+00
   1.4977000e+00
   1.4994000e+00
   1.5011000e+00
   1.5028000e+00
   1.5045000e+00
   1.5062000e+00
   1.5079000e+00
   1.5096000e+00
   1.5113000e+00
   1.5130000e+00
   1.5147000e+00
   1.5164000e+00
   1.5181000e+00
   1.5198000e+00
   1.5215000e+00
   1.5232000e+00
   1.5249000e+00
   1.5266000e+00
   1.5283000e+00
   1.5300000e+00
   1.5317000e+00
   1.5334000e+00
   1.5351000e+00
   1.5368000e+00
   1.5385000e+00
   1.5402000e+00
   1.5419000e+00
   1.5436000e+00
   1.5453000e+00
   1.5470000e+00
   1.5487000e+00
   1.5504000e+00
   1.5521000e+00
   1.5538000e+00
   1.5555000e+00
   1.5572000e+00
   1.5589000e+00
   1.5606000e+00
   1.5623000e+00
   1.5640000e+00
   1.5657000e+00
   1.5674000e+00
   1.5691000e+00
   1.5708000e+00
   1.5725000e+00
   1.5742000e+00
   1.5759000e+00
   1.5776000e+00
   1.5793000e+00
   1.5810000e+00
   1.5827000e+00
   1.5844000e+00
   1.5861000e+00
   1.5878000e+00
   1.5895000e+00
   1.5912000e+00
   1.5929000e+00
   1.5946000e+00
   1.5963000e+00
   1.5980000e+00
   1.5997000e+00
   1.6014000e+00
   1.6031000e+00
   1.6048000e+00
   1.6065000e+00
   1.6082000e+00
   1.6099000e+00
   1.6116000e+00
   1.6133000e+00
   1.6150000e+00
   1.6167000e+00
   1.6184000e+00
   1.6201000e+00
   1.6218000e+00
   1.6235000e+00
   1.6252000e+00
   1.6269000e+00
   1.6286000e+00
   1.6303000e+00
   1.6320000e+00
   1.6337000e+00
   1.6354000e+00
   1.6371000e+00
   1.6388000e+00
   1.6405000e+00
   1.6422000e+00
   1.6439000e+00
   1.6456000e+00
   1.6473000e+00
   1.6490000e+00
   1.6507000e+00
   1.6524000e+00
   1.6541000e+00
   1.6558000e+00
   1.6575000e+00
   1.6592000e+00
   1.6609000e+00
   1.6626000e+00
   1.6643000e+00
   1.6660000e+00
   1.6677000e+00
   1.6694000e+00
   1.6711000e+00
   1.6728000e+00
   1.6745000e+00
   1.6762000e+00
   1.6779000e+00
   1.6796000e+00
   1.6813000e+00
   1.6830000e+00
   1.6847000e+00
   1.6864000e+00
   1.6881000e+00
   1.6898000e+00
   1.6915000e+00
   1.6932000e+00
   1.6949000e+00
   1.6966000e+00
   1.6983000e+00
   1.7000000e+00
   1.6983000e+00
   1.6966000e+00
   1.6949000e+00
   1.6932000e+00
   1.6915000e+00
   1.6898000e+00
   1.6881000e+00
   1.6864000e+00
   1.6847000e+00
   1.6830000e+00
   1.6813000e+00
   1.6796000e+00
   1.6779000e+00
   1.6762000e+00
   1.6745000e+00
   1.6728000e+00
   1.6711000e+00
   1.6694000e+00
   1.6677000e+00
   1.6660000e+00
   1.6643000e+00
   1.6626000e+00
   1.6609000e+00
   1.6592000e+00
   1.6575000e+00
   1.6558000e+00
   1.6541000e+00
   1.6524000e+00
   1.6507000e+00
   1.6490000e+00
   1.6473000e+00
   1.6456000e+00
   1.6439000e+00
   1.6422000e+00
   1.6405000e+00
   1.6388000e+00
   1.6371000e+00
   1.6354000e+00
   1.6337000e+00
   1.6320000e+00
   1.6303000e+00
   1.6286000e+00
   1.6269000e+00
   1.6252000e+00
   1.6235000e+00
   1.6218000e+00
   1.6201000e+00
   1.6184000e+00
   1.6167000e+00
   1.6150000e+00
   1.6133000e+00
   1.6116000e+00
   1.6099000e+00
   1.6082000e+00
   1.6065000e+00
   1.6048000e+00
   1.6031000e+00
   1.6014000e+00
   1.5997000e+00
   1.5980000e+00
   1.5963000e+00
   1.5946000e+00
   1.5929000e+00
   1.5912000e+00
   1.5895000e+00
   1.5878000e+00
   1.5861000e+00
   1.5844000e+00
   1.5827000e+00
   1.5810000e+00
   1.5793000e+00
   1.5776000e+00
   1.5759000e+00
   1.5742000e+00
   1.5725000e+00
   1.5708000e+00
   1.5691000e+00
   1.5674000e+00
   1.5657000e+00
   1.5640000e+00
   1.5623000e+00
   1.5606000e+00
   1.5589000e+00
   1.5572000e+00
   1.5555000e+00
   1.5538000e+00
   1.5521000e+00
   1.5504000e+00
   1.5487000e+00
   1.5470000e+00
   1.5453000e+00
   1.5436000e+00
   1.5419000e+00
   1.5402000e+00
   1.5385000e+00
   1.5368000e+00
   1.5351000e+00
   1.5334000e+00
   1.5317000e+00
   1.5300000e+00
   1.5283000e+00
   1.5266000e+00
   1.5249000e+00
   1.5232000e+00
   1.5215000e+00
   1.5198000e+00
   1.5181000e+00
   1.5164000e+00
   1.5147000e+00
   1.5130000e+00
   1.5113000e+00
   1.5096000e+00
   1.5079000e+00
   1.5062000e+00
   1.5045000e+00
   1.5028000e+00
   1.5011000e+00
   1.4994000e+00
   1.4977000e+00
   1.4960000e+00
   1.4943000e+00
   1.4926000e+00
   1.4909000e+00
   1.4892000e+00
   1.4875000e+00
   1.4858000e+00
   1.4841000e+00
   1.4824000e+00
   1.4807000e+00
   1.4790000e+00
   1.4773000e+00
   1.4756000e+00
   1.4739000e+00
   1.4722000e+00
   1.4705000e+00
   1.4688000e+00
   1.4671000e+00
   1.4654000e+00
   1.4637000e+00
   1.4620000e+00
   1.4603000e+00
   1.4586000e+00
   1.4569000e+00
   1.4552000e+00
   1.4535000e+00
   1.4518000e+00
   1.4501000e+00
   1.4484000e+00
   1.4467000e+00
   1.4450000e+00
   1.4433000e+00
   1.4416000e+00
   1.4399000e+00
   1.4382000e+00
   1.4365000e+00
   1.4348000e+00
   1.4331000e+00
   1.4314000e+00
   1.4297000e+00
   1.4280000e+00
   1.4263000e+00
   1.4246000e+00
   1.4229000e+00
   1.4212000e+00
   1.4195000e+00
   1.4178000e+00
   1.4161000e+00
   1.4144000e+00
   1.4127000e+00
   1.4110000e+00
   1.4093000e+00
   1.4076000e+00
   1.4059000e+00
   1.4042000e+00
   1.4025000e+00
   1.4008000e+00
   1.3991000e+00
   1.3974000e+00
   1.3957000e+00
   1.3940000e+00
   1.3923000e+00
   1.3906000e+00
   1.3889000e+00
   1.3872000e+00
   1.3855000e+00
   1.3838000e+00
   1.3821000e+00
   1.3804000e+00
   1.3787000e+00
   1.3770000e+00
   1.3753000e+00
   1.3736000e+00
   1.3719000e+00
   1.3702000e+00
   1.3685000e+00
   1.3668000e+00
   1.3651000e+00
   1.3634000e+00
   1.3617000e+00
   1.3600000e+00
   1.3583000e+00
   1.3566000e+00
   1.3549000e+00
   1.3532000e+00
   1.3515000e+00
   1.3498000e+00
   1.3481000e+00
   1.3464000e+00
   1.3447000e+00
   1.3430000e+00
   1.3413000e+00
   1.3396000e+00
   1.3379000e+00
   1.3362000e+00
   1.3345000e+00
   1.3328000e+00
   1.3311000e+00
   1.3294000e+00
   1.3277000e+00
   1.3260000e+00
   1.3243000e+00
   1.3226000e+00
   1.3209000e+00
   1.3192000e+00
   1.3175000e+00
   1.3158000e+00
   1.3141000e+00
   1.3124000e+00
   1.3107000e+00
   1.3090000e+00
   1.3073000e+00
   1.3056000e+00
   1.3039000e+00
   1.3022000e+00
   1.3005000e+00
   1.2988000e+00
   1.2971000e+00
   1.2954000e+00
   1.2937000e+00
   1.2920000e+00
   1.2903000e+00
   1.2886000e+00
   1.2869000e+00
   1.2852000e+00
   1.2835000e+00
   1.2818000e+00
   1.2801000e+00
   1.2784000e+00
   1.2767000e+00
   1.2750000e+00
   1.2733000e+00
   1.2716000e+00
   1.2699000e+00
   1.2682000e+00
   1.2665000e+00
   1.2648000e+00
   1.2631000e+00
   1.2614000e+00
   1.2597000e+00
   1.2580000e+00
   1.2563000e+00
   1.2546000e+00
   1.2529000e+00
   1.2512000e+00
   1.2495000e+00
   1.2478000e+00
   1.2461000e+00
   1.2444000e+00
   1.2427000e+00
   1.2410000e+00
   1.2393000e+00
   1.2376000e+00
   1.2359000e+00
   1.2342000e+00
   1.2325000e+00
   1.2308000e+00
   1.2291000e+00
   1.2274000e+00
   1.2257000e+00
   1.2240000e+00
   1.2223000e+00
   1.2206000e+00
   1.2189000e+00
   1.2172000e+00
   1.2155000e+00
   1.2138000e+00
   1.2121000e+00
   1.2104000e+00
   1.2087000e+00
   1.2070000e+00
   1.2053000e+00
   1.2036000e+00
   1.2019000e+00
   1.2002000e+00
   1.1985000e+00
   1.1968000e+00
   1.1951000e+00
   1.1934000e+00
   1.1917000e+00
   1.1900000e+00
   1.1883000e+00
   1.1866000e+00
   1.1849000e+00
   1.1832000e+00
   1.1815000e+00
   1.1798000e+00
   1.1781000e+00
   1.1764000e+00
   1.1747000e+00
   1.1730000e+00
   1.1713000e+00
   1.1696000e+00
   1.1679000e+00
   1.1662000e+00
   1.1645000e+00
   1.1628000e+00
   1.1611000e+00
   1.1594000e+00
   1.1577000e+00
   1.1560000e+00
   1.1543000e+00
   1.1526000e+00
   1.1509000e+00
   1.1492000e+00
   1.1475000e+00
   1.1458000e+00
   1.1441000e+00
   1.1424000e+00
   1.1407000e+00
   1.1390000e+00
   1.1373000e+00
   1.1356000e+00
   1.1339000e+00
   1.1322000e+00
   1.1305000e+00
   1.1288000e+00
   1.1271000e+00
   1.1254000e+00
   1.1237000e+00
   1.1220000e+00
   1.1203000e+00
   1.1186000e+00
   1.1169000e+00
   1.1152000e+00
   1.1135000e+00
   1.1118000e+00
   1.1101000e+00
   1.1084000e+00
   1.1067000e+00
   1.1050000e+00
   1.1033000e+00
   1.1016000e+00
   1.0999000e+00
   1.0982000e+00
   1.0965000e+00
   1.0948000e+00
   1.0931000e+00
   1.0914000e+00
   1.0897000e+00
   1.0880000e+00
   1.0863000e+00
   1.0846000e+00
   1.0829000e+00
   1.0812000e+00
   1.0795000e+00
   1.0778000e+00
   1.0761000e+00
   1.0744000e+00
   1.0727000e+00
   1.0710000e+00
   1.0693000e+00
   1.0676000e+00
   1.0659000e+00
   1.0642000e+00
   1.0625000e+00
   1.0608000e+00
   1.0591000e+00
   1.0574000e+00
   1.0557000e+00
   1.0540000e+00
   1.0523000e+00
   1.0506000e+00
   1.0489000e+00
   1.0472000e+00
   1.0455000e+00
   1.0438000e+00
   1.0421000e+00
   1.0404000e+00
   1.0387000e+00
   1.0370000e+00
   1.0353000e+00
   1.0336000e+00
   1.0319000e+00
   1.0302000e+00
   1.0285000e+00
   1.0268000e+00
   1.0251000e+00
   1.0234000e+00
   1.0217000e+00
   1.0200000e+00
   1.0183000e+00
   1.0166000e+00
   1.0149000e+00
   1.0132000e+00
   1.0115000e+00
   1.0098000e+00
   1.0081000e+00
   1.0064000e+00
   1.0047000e+00
   1.0030000e+00
   1.0013000e+00
   9.9960000e-01
   9.9790000e-01
   9.9620000e-01
   9.9450000e-01
   9.9280000e-01
   9.9110000e-01
   9.8940000e-01
   9.8770000e-01
   9.8600000e-01
   9.8430000e-01
   9.8260000e-01
   9.8090000e-01
   9.7920000e-01
   9.7750000e-01
   9.7580000e-01
   9.7410000e-01
   9.7240000e-01
   9.7070000e-01
   9.6900000e-01
   9.6730000e-01
   9.6560000e-01
   9.6390000e-01
   9.6220000e-01
   9.6050000e-01
   9.5880000e-01
   9.5710000e-01
   9.5540000e-01
   9.5370000e-01
   9.5200000e-01
   9.5030000e-01
   9.4860000e-01
   9.4690000e-01
   9.4520000e-01
   9.4350000e-01
   9.4180000e-01
   9.4010000e-01
   9.3840000e-01
   9.3670000e-01
   9.3500000e-01
   9.3330000e-01
   9.3160000e-01
   9.2990000e-01
   9.2820000e-01
   9.2650000e-01
   9.2480000e-01
   9.2310000e-01
   9.2140000e-01
   9.1970000e-01
   9.1800000e-01
   9.1630000e-01
   9.1460000e-01
   9.1290000e-01
   9.1120000e-01
   9.0950000e-01
   9.0780000e-01
   9.0610000e-01
   9.0440000e-01
   9.0270000e-01
   9.0100000e-01
   8.9930000e-01
   8.9760000e-01
   8.9590000e-01
   8.9420000e-01
   8.9250000e-01
   8.9080000e-01
   8.8910000e-01
   8.8740000e-01
   8.8570000e-01
   8.8400000e-01
   8.8230000e-01
   8.8060000e-01
   8.7890000e-01
   8.7720000e-01
   8.7550000e-01
   8.7380000e-01
   8.7210000e-01
   8.7040000e-01
   8.6870000e-01
   8.6700000e-01
   8.6530000e-01
   8.6360000e-01
   8.6190000e-01
   8.6020000e-01
   8.5850000e-01
   8.5680000e-01
   8.5510000e-01
   8.5340000e-01
   8.5170000e-01
   8.5000000e-01
   8.4830000e-01
   8.4660000e-01
   8.4490000e-01
   8.4320000e-01
   8.4150000e-01
   8.3980000e-01
   8.3810000e-01
   8.3640000e-01
   8.3470000e-01
   8.3300000e-01
   8.3130000e-01
   8.2960000e-01
   8.2790000e-01
   8.2620000e-01
   8.2450000e-01
   8.2280000e-01
   8.2110000e-01
   8.1940000e-01
   8.1770000e-01
   8.1600000e-01
   8.1430000e-01
   8.1260000e-01
   8.1090000e-01
   8.0920000e-01
   8.0750000e-01
   8.0580000e-01
   8.0410000e-01
   8.0240000e-01
   8.0070000e-01
   7.9900000e-01
   7.9730000e-01
   7.9560000e-01
   7.9390000e-01
   7.9220000e-01
   7.9050000e-01
   7.8880000e-01
   7.8710000e-01
   7.8540000e-01
   7.8370000e-01
   7.8200000e-01
   7.8030000e-01
   7.7860000e-01
   7.7690000e-01
   7.7520000e-01
   7.7350000e-01
   7.7180000e-01
   7.7010000e-01
   7.6840000e-01
   7.6670000e-01
   7.6500000e-01
   7.6330000e-01
   7.6160000e-01
   7.5990000e-01
   7.5820000e-01
   7.5650000e-01
   7.5480000e-01
   7.5310000e-01
   7.5140000e-01
   7.4970000e-01
   7.4800000e-01
   7.4630000e-01
   7.4460000e-01
   7.4290000e-01
   7.4120000e-01
   7.3950000e-01
   7.3780000e-01
   7.3610000e-01
   7.3440000e-01
   7.3270000e-01
   7.3100000e-01
   7.2930000e-01
   7.2760000e-01
   7.2590000e-01
   7.2420000e-01
   7.2250000e-01
   7.2080000e-01
   7.1910000e-01
   7.1740000e-01
   7.1570000e-01
   7.1400000e-01
   7.1230000e-01
   7.1060000e-01
   7.0890000e-01
   7.0720000e-01
   7.0550000e-01
   7.0380000e-01
   7.0210000e-01
   7.0040000e-01
   6.9870000e-01
   6.9700000e-01
   6.9530000e-01
   6.9360000e-01
   6.9190000e-01
   6.9020000e-01
   6.8850000e-01
   6.8680000e-01
   6.8510000e-01
   6.8340000e-01
   6.8170000e-01
   6.8000000e-01
   6.7830000e-01
   6.7660000e-01
   6.7490000e-01
   6.7320000e-01
   6.7150000e-01
   6.6980000e-01
   6.6810000e-01
   6.6640000e-01
   6.6470000e-01
   6.6300000e-01
   6.6130000e-01
   6.5960000e-01
   6.5790000e-01
   6.5620000e-01
   6.5450000e-01
   6.5280000e-01
   6.5110000e-01
   6.4940000e-01
   6.4770000e-01
   6.4600000e-01
   6.4430000e-01
   6.4260000e-01
   6.4090000e-01
   6.3920000e-01
   6.3750000e-01
   6.3580000e-01
   6.3410000e-01
   6.3240000e-01
   6.3070000e-01
   6.2900000e-01
   6.2730000e-01
   6.2560000e-01
   6.2390000e-01
   6.2220000e-01
   6.2050000e-01
   6.1880000e-01
   6.1710000e-01
   6.1540000e-01
   6.1370000e-01
   6.1200000e-01
   6.1030000e-01
   6.0860000e-01
   6.0690000e-01
   6.0520000e-01
   6.0350000e-01
   6.0180000e-01
   6.0010000e-01
   5.9840000e-01
   5.9670000e-01
   5.9500000e-01
   5.9330000e-01
   5.9160000e-01
   5.8990000e-01
   5.8820000e-01
   5.8650000e-01
   5.8480000e-01
   5.8310000e-01
   5.8140000e-01
   5.7970000e-01
   5.7800000e-01
   5.7630000e-01
   5.7460000e-01
   5.7290000e-01
   5.7120000e-01
   5.6950000e-01
   5.6780000e-01
   5.6610000e-01
   5.6440000e-01
   5.6270000e-01
   5.6100000e-01
   5.5930000e-01
   5.5760000e-01
   5.5590000e-01
   5.5420000e-01
   5.5250000e-01
   5.5080000e-01
   5.4910000e-01
   5.4740000e-01
   5.4570000e-01
   5.4400000e-01
   5.4230000e-01
   5.4060000e-01
   5.3890000e-01
   5.3720000e-01
   5.3550000e-01
   5.3380000e-01
   5.3210000e-01
   5.3040000e-01
   5.2870000e-01
   5.2700000e-01
   5.2530000e-01
   5.2360000e-01
   5.2190000e-01
   5.2020000e-01
   5.1850000e-01
   5.1680000e-01
   5.1510000e-01
   5.1340000e-01
   5.1170000e-01
   5.1000000e-01
   5.0830000e-01
   5.0660000e-01
   5.0490000e-01
   5.0320000e-01
   5.0150000e-01
   4.9980000e-01
   4.9810000e-01
   4.9640000e-01
   4.9470000e-01
   4.9300000e-01
   4.9130000e-01
   4.8960000e-01
   4.8790000e-01
   4.8620000e-01
   4.8450000e-01
   4.8280000e-01
   4.8110000e-01
   4.7940000e-01
   4.7770000e-01
   4.7600000e-01
   4.7430000e-01
   4.7260000e-01
   4.7090000e-01
   4.6920000e-01
   4.6750000e-01
   4.6580000e-01
   4.6410000e-01
   4.6240000e-01
   4.6070000e-01
   4.5900000e-01
   4.5730000e-01
   4.5560000e-01
   4.5390000e-01
   4.5220000e-01
   4.5050000e-01
   4.4880000e-01
   4.4710000e-01
   4.4540000e-01
   4.4370000e-01
   4.4200000e-01
   4.4030000e-01
   4.3860000e-01
   4.3690000e-01
   4.3520000e-01
   4.3350000e-01
   4.3180000e-01
   4.3010000e-01
   4.2840000e-01
   4.2670000e-01
   4.2500000e-01
   4.2330000e-01
   4.2160000e-01
   4.1990000e-01
   4.1820000e-01
   4.1650000e-01
   4.1480000e-01
   4.1310000e-01
   4.1140000e-01
   4.0970000e-01
   4.0800000e-01
   4.0630000e-01
   4.0460000e-01
   4.0290000e-01
   4.0120000e-01
   3.9950000e-01
   3.9780000e-01
   3.9610000e-01
   3.9440000e-01
   3.9270000e-01
   3.9100000e-01
   3.8930000e-01
   3.8760000e-01
   3.8590000e-01
   3.8420000e-01
   3.8250000e-01
   3.8080000e-01
   3.7910000e-01
   3.7740000e-01
   3.7570000e-01
   3.7400000e-01
   3.7230000e-01
   3.7060000e-01
   3.6890000e-01
   3.6720000e-01
   3.6550000e-01
   3.6380000e-01
   3.6210000e-01
   3.6040000e-01
   3.5870000e-01
   3.5700000e-01
   3.5530000e-01
   3.5360000e-01
   3.5190000e-01
   3.5020000e-01
   3.4850000e-01
   3.4680000e-01
   3.4510000e-01
   3.4340000e-01
   3.4170000e-01
   3.4000000e-01
   3.3830000e-01
   3.3660000e-01
   3.3490000e-01
   3.3320000e-01
   3.3150000e-01
   3.2980000e-01
   3.2810000e-01
   3.2640000e-01
   3.2470000e-01
   3.2300000e-01
   3.2130000e-01
   3.1960000e-01
   3.1790000e-01
   3.1620000e-01
   3.1450000e-01
   3.1280000e-01
   3.1110000e-01
   3.0940000e-01
   3.0770000e-01
   3.0600000e-01
   3.0430000e-01
   3.0260000e-01
   3.0090000e-01
   2.9920000e-01
   2.9750000e-01
   2.9580000e-01
   2.9410000e-01
   2.9240000e-01
   2.9070000e-01
   2.8900000e-01
   2.8730000e-01
   2.8560000e-01
   2.8390000e-01
   2.8220000e-01
   2.8050000e-01
   2.7880000e-01
   2.7710000e-01
   2.7540000e-01
   2.7370000e-01
   2.7200000e-01
   2.7030000e-01
   2.6860000e-01
   2.6690000e-01
   2.6520000e-01
   2.6350000e-01
   2.6180000e-01
   2.6010000e-01
   2.5840000e-01
   2.5670000e-01
   2.5500000e-01
   2.5330000e-01
   2.5160000e-01
   2.4990000e-01
   2.4820000e-01
   2.4650000e-01
   2.4480000e-01
   2.4310000e-01
   2.4140000e-01
   2.3970000e-01
   2.3800000e-01
   2.3630000e-01
   2.3460000e-01
   2.3290000e-01
   2.3120000e-01
   2.2950000e-01
   2.2780000e-01
   2.2610000e-01
   2.2440000e-01
   2.2270000e-01
   2.2100000e-01
   2.1930000e-01
   2.1760000e-01
   2.1590000e-01
   2.1420000e-01
   2.1250000e-01
   2.1080000e-01
   2.0910000e-01
   2.0740000e-01
   2.0570000e-01
   2.0400000e-01
   2.0230000e-01
   2.0060000e-01
   1.9890000e-01
   1.9720000e-01
   1.9550000e-01
   1.9380000e-01
   1.9210000e-01
   1.9040000e-01
   1.8870000e-01
   1.8700000e-01
   1.8530000e-01
   1.8360000e-01
   1.8190000e-01
   1.8020000e-01
   1.7850000e-01
   1.7680000e-01
   1.7510000e-01
   1.7340000e-01
   1.7170000e-01
   1.7000000e-01
   1.6830000e-01
   1.6660000e-01
   1.6490000e-01
   1.6320000e-01
   1.6150000e-01
   1.5980000e-01
   1.5810000e-01
   1.5640000e-01
   1.5470000e-01
   1.5300000e-01
   1.5130000e-01
   1.4960000e-01
   1.4790000e-01
   1.4620000e-01
   1.4450000e-01
   1.4280000e-01
   1.4110000e-01
   1.3940000e-01
   1.3770000e-01
   1.3600000e-01
   1.3430000e-01
   1.3260000e-01
   1.3090000e-01
   1.2920000e-01
   1.2750000e-01
   1.2580000e-01
   1.2410000e-01
   1.2240000e-01
   1.2070000e-01
   1.1900000e-01
   1.1730000e-01
   1.1560000e-01
   1.1390000e-01
   1.1220000e-01
   1.1050000e-01
   1.0880000e-01
   1.0710000e-01
   1.0540000e-01
   1.0370000e-01
   1.0200000e-01
   1.0030000e-01
   9.8600000e-02
   9.6900000e-02
   9.5200000e-02
   9.3500000e-02
   9.1800000e-02
   9.0100000e-02
   8.8400000e-02
   8.6700000e-02
   8.5000000e-02
   8.3300000e-02
   8.1600000e-02
   7.9900000e-02
   7.8200000e-02
   7.6500000e-02
   7.4800000e-02
   7.3100000e-02
   7.1400000e-02
   6.9700000e-02
   6.8000000e-02
   6.6300000e-02
   6.4600000e-02
   6.2900000e-02
   6.1200000e-02
   5.9500000e-02
   5.7800000e-02
   5.6100000e-02
   5.4400000e-02
   5.2700000e-02
   5.1000000e-02
   4.9300000e-02
   4.7600000e-02
   4.5900000e-02
   4.4200000e-02
   4.2500000e-02
   4.0800000e-02
   3.9100000e-02
   3.7400000e-02
   3.5700000e-02
   3.4000000e-02
   3.2300000e-02
   3.0600000e-02
   2.8900000e-02
   2.7200000e-02
   2.5500000e-02
   2.3800000e-02
   2.2100000e-02
   2.0400000e-02
   1.8700000e-02
   1.7000000e-02
   1.5300000e-02
   1.3600000e-02
   1.1900000e-02
   1.0200000e-02
   8.5000000e-03
   6.8000000e-03
   5.1000000e-03
   3.4000000e-03
   1.7000000e-03
   0.0000000e+00
  -0.0000000e+00
  -0.0000000e+00
  -0.0000000e+00
  -0.0000000e+00
  -0.0000000e+00
  -0.0000000e+00
  -0.0000000e+00
  -0.0000000e+00
  -0.0000000e+00
  -0.0000000e+00
  -0.0000000e+00
  -0.0000000e+00
  -0.0000000e+00
  -0.0000000e+00
  -0.0000000e+00
  -0.0000000e+00
  -0.0000000e+00
  -0.0000000e+00
  -0.0000000e+00
  -0.0000000e+00
  -0.0000000e+00
  -0.0000000e+00
  -0.0000000e+00
  -0.0000000e+00
  -0.0000000e+00
  -0.0000000e+00
  -0.0000000e+00
  -0.0000000e+00
  -0.0000000e+00
  -0.0000000e+00
  -0.0000000e+00
  -0.0000000e+00
  -0.0000000e+00
  -0.0000000e+00
  -0.0000000e+00
  -0.0000000e+00
  -0.0000000e+00
  -0.0000000e+00
  -0.0000000e+00
  -0.0000000e+00
  -0.0000000e+00
  -0.0000000e+00
  -0.0000000e+00
  -0.0000000e+00
  -0.0000000e+00
  -0.0000000e+00
  -0.0000000e+00
  -0.0000000e+00
  -0.0000000e+00
  -0.0000000e+00
  -0.0000000e+00
  -0.0000000e+00
  -0.0000000e+00
  -0.0000000e+00
  -0.0000000e+00
  -0.0000000e+00
  -0.0000000e+00
  -0.0000000e+00
  -0.0000000e+00
  -0.0000000e+00
  -0.0000000e+00
  -0.0000000e+00
  -0.0000000e+00
  -0.0000000e+00
  -0.0000000e+00
  -0.0000000e+00
  -0.0000000e+00
  -0.0000000e+00
  -0.0000000e+00
  -0.0000000e+00
  -0.0000000e+00
  -0.0000000e+00
  -0.0000000e+00
  -0.0000000e+00
  -0.0000000e+00
  -0.0000000e+00
  -0.0000000e+00
  -0.0000000e+00
  -0.0000000e+00
  -0.0000000e+00
  -0.0000000e+00
  -0.0000000e+00
  -0.0000000e+00
  -0.0000000e+00
  -0.0000000e+00
  -0.0000000e+00
  -0.0000000e+00
  -0.0000000e+00
  -0.0000000e+00
  -0.0000000e+00
  -0.0000000e+00
  -0.0000000e+00
  -0.0000000e+00
  -0.0000000e+00
  -0.0000000e+00
  -0.0000000e+00
  -0.0000000e+00
  -0.0000000e+00
  -0.0000000e+00
  -0.0000000e+00
  -0.0000000e+00
  -0.0000000e+00
  -0.0000000e+00
  -0.0000000e+00
  -0.0000000e+00
  -0.0000000e+00
  -0.0000000e+00
  -0.0000000e+00
  -0.0000000e+00
  -0.0000000e+00
  -0.0000000e+00
  -0.0000000e+00
  -0.0000000e+00
  -0.0000000e+00
  -0.0000000e+00
  -0.0000000e+00
  -0.0000000e+00
  -0.0000000e+00
  -0.0000000e+00
  -0.0000000e+00
  -0.0000000e+00
  -0.0000000e+00
  -0.0000000e+00
  -0.0000000e+00
  -0.0000000e+00
  -0.0000000e+00
  -0.0000000e+00
  -0.0000000e+00
  -0.0000000e+00
  -0.0000000e+00
  -0.0000000e+00
  -0.0000000e+00
  -0.0000000e+00
  -0.0000000e+00
  -0.0000000e+00
  -0.0000000e+00
  -0.0000000e+00
  -0.0000000e+00
  -0.0000000e+00
  -0.0000000e+00
  -0.0000000e+00
  -0.0000000e+00
  -0.0000000e+00
  -0.0000000e+00
  -0.0000000e+00
  -0.0000000e+00
  -0.0000000e+00
  -0.0000000e+00
  -0.0000000e+00
  -0.0000000e+00
  -0.0000000e+00
  -0.0000000e+00
  -0.0000000e+00
  -0.0000000e+00
  -0.0000000e+00
  -0.0000000e+00
  -0.0000000e+00
  -0.0000000e+00
  -0.0000000e+00
  -0.0000000e+00
  -0.0000000e+00
  -0.0000000e+00
  -0.0000000e+00
  -0.0000000e+00
  -0.0000000e+00
  -0.0000000e+00
  -0.0000000e+00
  -0.0000000e+00
  -0.0000000e+00
  -0.0000000e+00
  -0.0000000e+00
  -0.0000000e+00
  -0.0000000e+00
  -0.0000000e+00
  -0.0000000e+00
  -0.0000000e+00
  -0.0000000e+00
  -0.0000000e+00
  -0.0000000e+00
  -0.0000000e+00
  -0.0000000e+00
  -0.0000000e+00
  -0.0000000e+00
  -0.0000000e+00
  -0.0000000e+00
  -0.0000000e+00
  -0.0000000e+00
  -0.0000000e+00
  -0.0000000e+00
  -0.0000000e+00
  -0.0000000e+00
  -0.0000000e+00
  -0.0000000e+00
  -0.0000000e+00
  -0.0000000e+00
  -0.0000000e+00
  -0.0000000e+00
  -0.0000000e+00
  -0.0000000e+00
  -0.0000000e+00
  -0.0000000e+00
  -0.0000000e+00
  -0.0000000e+00
  -0.0000000e+00
  -0.0000000e+00
  -0.0000000e+00
  -0.0000000e+00
  -0.0000000e+00
  -0.0000000e+00
  -0.0000000e+00
  -0.0000000e+00
  -0.0000000e+00
  -0.0000000e+00
  -0.0000000e+00
  -0.0000000e+00
  -0.0000000e+00
  -0.0000000e+00
  -0.0000000e+00
  -0.0000000e+00
  -0.0000000e+00
  -0.0000000e+00
  -0.0000000e+00
  -0.0000000e+00
  -0.0000000e+00
  -0.0000000e+00
  -0.0000000e+00
  -0.0000000e+00
  -0.0000000e+00
  -0.0000000e+00
  -0.0000000e+00
  -0.0000000e+00
  -0.0000000e+00
  -0.0000000e+00
  -0.0000000e+00
  -0.0000000e+00
  -0.0000000e+00
  -0.0000000e+00
  -0.0000000e+00
  -0.0000000e+00
  -0.0000000e+00
  -0.0000000e+00
  -0.0000000e+00
  -0.0000000e+00
  -0.0000000e+00
  -0.0000000e+00
  -0.0000000e+00
  -0.0000000e+00
  -0.0000000e+00
  -0.0000000e+00
  -0.0000000e+00
  -0.0000000e+00
  -0.0000000e+00
  -0.0000000e+00
  -0.0000000e+00
  -0.0000000e+00
  -0.0000000e+00
  -0.0000000e+00
  -0.0000000e+00
  -0.0000000e+00
  -0.0000000e+00
  -0.0000000e+00
  -0.0000000e+00
  -0.0000000e+00
  -0.0000000e+00
  -0.0000000e+00
  -0.0000000e+00
  -0.0000000e+00
  -0.0000000e+00
  -0.0000000e+00
  -0.0000000e+00
  -0.0000000e+00
  -0.0000000e+00
  -0.0000000e+00
  -0.0000000e+00
  -0.0000000e+00
  -0.0000000e+00
  -0.0000000e+00
  -0.0000000e+00
  -0.0000000e+00
  -0.0000000e+00
  -0.0000000e+00
  -0.0000000e+00
  -0.0000000e+00
  -0.0000000e+00
  -0.0000000e+00
  -0.0000000e+00
  -0.0000000e+00
  -0.0000000e+00
  -0.0000000e+00
  -0.0000000e+00
  -0.0000000e+00
  -0.0000000e+00
  -0.0000000e+00
  -0.0000000e+00
  -0.0000000e+00
  -0.0000000e+00
  -0.0000000e+00
  -0.0000000e+00
  -0.0000000e+00
  -0.0000000e+00
  -0.0000000e+00
  -0.0000000e+00
  -0.0000000e+00
  -0.0000000e+00
  -0.0000000e+00
  -0.0000000e+00
  -0.0000000e+00
  -0.0000000e+00
  -0.0000000e+00
  -0.0000000e+00
  -0.0000000e+00
  -0.0000000e+00
  -0.0000000e+00
  -0.0000000e+00
  -0.0000000e+00
  -0.0000000e+00
  -0.0000000e+00
  -0.0000000e+00
  -0.0000000e+00
  -0.0000000e+00
  -0.0000000e+00
  -0.0000000e+00
  -0.0000000e+00
  -0.0000000e+00
  -0.0000000e+00
  -0.0000000e+00
  -0.0000000e+00
  -0.0000000e+00
  -0.0000000e+00
  -0.0000000e+00
  -0.0000000e+00
  -0.0000000e+00
  -0.0000000e+00
  -0.0000000e+00
  -0.0000000e+00
  -0.0000000e+00
  -0.0000000e+00
  -0.0000000e+00
  -0.0000000e+00
  -0.0000000e+00
  -0.0000000e+00
  -0.0000000e+00
  -0.0000000e+00
  -0.0000000e+00
  -0.0000000e+00
  -0.0000000e+00
  -0.0000000e+00
  -0.0000000e+00
  -0.0000000e+00
  -0.0000000e+00
  -0.0000000e+00
  -0.0000000e+00
  -0.0000000e+00
  -0.0000000e+00
  -0.0000000e+00
  -0.0000000e+00
  -0.0000000e+00
  -0.0000000e+00
  -0.0000000e+00
  -0.0000000e+00
  -0.0000000e+00
  -0.0000000e+00
  -0.0000000e+00
  -0.0000000e+00
  -0.0000000e+00
  -0.0000000e+00
  -0.0000000e+00
  -0.0000000e+00
  -0.0000000e+00
  -0.0000000e+00
  -0.0000000e+00
  -0.0000000e+00
  -0.0000000e+00
  -0.0000000e+00
  -0.0000000e+00
  -0.0000000e+00
  -0.0000000e+00
  -0.0000000e+00
  -0.0000000e+00
  -0.0000000e+00
  -0.0000000e+00
  -0.0000000e+00
  -0.0000000e+00
  -0.0000000e+00
  -0.0000000e+00
  -0.0000000e+00
  -0.0000000e+00
  -0.0000000e+00
  -0.0000000e+00
  -0.0000000e+00
  -0.0000000e+00
  -0.0000000e+00
  -0.0000000e+00
  -0.0000000e+00
  -0.0000000e+00
  -0.0000000e+00
  -0.0000000e+00
  -0.0000000e+00
  -0.0000000e+00
  -0.0000000e+00
  -0.0000000e+00
  -0.0000000e+00
  -0.0000000e+00
  -0.0000000e+00
  -0.0000000e+00
  -0.0000000e+00
  -0.0000000e+00
  -0.0000000e+00
  -0.0000000e+00
  -0.0000000e+00
  -0.0000000e+00
  -0.0000000e+00
  -0.0000000e+00
  -0.0000000e+00
  -0.0000000e+00
  -0.0000000e+00
  -0.0000000e+00
  -0.0000000e+00
  -0.0000000e+00
  -0.0000000e+00
  -0.0000000e+00
  -0.0000000e+00
  -0.0000000e+00
  -0.0000000e+00
  -0.0000000e+00
  -0.0000000e+00
  -0.0000000e+00
  -0.0000000e+00
  -0.0000000e+00
  -0.0000000e+00
  -0.0000000e+00
  -0.0000000e+00
  -0.0000000e+00
  -0.0000000e+00
  -0.0000000e+00
  -0.0000000e+00
  -0.0000000e+00
  -0.0000000e+00
  -0.0000000e+00
  -0.0000000e+00
  -0.0000000e+00
  -0.0000000e+00
  -0.0000000e+00
  -0.0000000e+00
  -0.0000000e+00
  -0.0000000e+00
  -0.0000000e+00
  -0.0000000e+00
  -0.0000000e+00
  -0.0000000e+00
  -0.0000000e+00
  -0.0000000e+00
  -0.0000000e+00
  -0.0000000e+00
  -0.0000000e+00
  -0.0000000e+00
  -0.0000000e+00
  -0.0000000e+00
  -0.0000000e+00
  -0.0000000e+00
  -0.0000000e+00
  -0.0000000e+00
  -0.0000000e+00
  -0.0000000e+00
  -0.0000000e+00
  -0.0000000e+00
  -0.0000000e+00
  -0.0000000e+00
  -0.0000000e+00
  -0.0000000e+00
  -0.0000000e+00
  -0.0000000e+00
  -0.0000000e+00
  -0.0000000e+00
  -0.0000000e+00
  -0.0000000e+00
  -0.0000000e+00
  -0.0000000e+00
  -0.0000000e+00
  -0.0000000e+00
  -0.0000000e+00
  -0.0000000e+00
  -0.0000000e+00
  -0.0000000e+00
  -0.0000000e+00
  -0.0000000e+00
  -0.0000000e+00
  -0.0000000e+00
  -0.0000000e+00
  -0.0000000e+00
  -0.0000000e+00
  -0.0000000e+00
  -0.0000000e+00
  -0.0000000e+00
  -0.0000000e+00
  -0.0000000e+00
  -0.0000000e+00
  -0.0000000e+00
  -0.0000000e+00
   0.0000000e+00
   1.7000000e-03
   3.4000000e-03
   5.1000000e-03
   6.8000000e-03
   8.5000000e-03
   1.0200000e-02
   1.1900000e-02
   1.3600000e-02
   1.5300000e-02
   1.7000000e-02
   1.8700000e-02
   2.0400000e-02
   2.2100000e-02
   2.3800000e-02
   2.5500000e-02
   2.7200000e-02
   2.8900000e-02
   3.0600000e-02
   3.2300000e-02
   3.4000000e-02
   3.5700000e-02
   3.7400000e-02
   3.9100000e-02
   4.0800000e-02
   4.2500000e-02
   4.4200000e-02
   4.5900000e-02
   4.7600000e-02
   4.9300000e-02
   5.1000000e-02
   5.2700000e-02
   5.4400000e-02
   5.6100000e-02
   5.7800000e-02
   5.9500000e-02
   6.1200000e-02
   6.2900000e-02
   6.4600000e-02
   6.6300000e-02
   6.8000000e-02
   6.9700000e-02
   7.1400000e-02
   7.3100000e-02
   7.4800000e-02
   7.6500000e-02
   7.8200000e-02
   7.9900000e-02
   8.1600000e-02
   8.3300000e-02
   8.5000000e-02
   8.6700000e-02
   8.8400000e-02
   9.0100000e-02
   9.1800000e-02
   9.3500000e-02
   9.5200000e-02
   9.6900000e-02
   9.8600000e-02
   1.0030000e-01
   1.0200000e-01
   1.0370000e-01
   1.0540000e-01
   1.0710000e-01
   1.0880000e-01
   1.1050000e-01
   1.1220000e-01
   1.1390000e-01
   1.1560000e-01
   1.1730000e-01
   1.1900000e-01
   1.2070000e-01
   1.2240000e-01
   1.2410000e-01
   1.2580000e-01
   1.2750000e-01
   1.2920000e-01
   1.3090000e-01
   1.3260000e-01
   1.3430000e-01
   1.3600000e-01
   1.3770000e-01
   1.3940000e-01
   1.4110000e-01
   1.4280000e-01
   1.4450000e-01
   1.4620000e-01
   1.4790000e-01
   1.4960000e-01
   1.5130000e-01
   1.5300000e-01
   1.5470000e-01
   1.5640000e-01
   1.5810000e-01
   1.5980000e-01
   1.6150000e-01
   1.6320000e-01
   1.6490000e-01
   1.6660000e-01
   1.6830000e-01
   1.7000000e-01
   1.7170000e-01
   1.7340000e-01
   1.7510000e-01
   1.7680000e-01
   1.7850000e-01
   1.8020000e-01
   1.8190000e-01
   1.8360000e-01
   1.8530000e-01
   1.8700000e-01
   1.8870000e-01
   1.9040000e-01
   1.9210000e-01
   1.9380000e-01
   1.9550000e-01
   1.9720000e-01
   1.9890000e-01
   2.0060000e-01
   2.0230000e-01
   2.0400000e-01
   2.0570000e-01
   2.0740000e-01
   2.0910000e-01
   2.1080000e-01
   2.1250000e-01
   2.1420000e-01
   2.1590000e-01
   2.1760000e-01
   2.1930000e-01
   2.2100000e-01
   2.2270000e-01
   2.2440000e-01
   2.2610000e-01
   2.2780000e-01
   2.2950000e-01
   2.3120000e-01
   2.3290000e-01
   2.3460000e-01
   2.3630000e-01
   2.3800000e-01
   2.3970000e-01
   2.4140000e-01
   2.4310000e-01
   2.4480000e-01
   2.4650000e-01
   2.4820000e-01
   2.4990000e-01
   2.5160000e-01
   2.5330000e-01
   2.5500000e-01
   2.5670000e-01
   2.5840000e-01
   2.6010000e-01
   2.6180000e-01
   2.6350000e-01
   2.6520000e-01
   2.6690000e-01
   2.6860000e-01
   2.7030000e-01
   2.7200000e-01
   2.7370000e-01
   2.7540000e-01
   2.7710000e-01
   2.7880000e-01
   2.8050000e-01
   2.8220000e-01
   2.8390000e-01
   2.8560000e-01
   2.8730000e-01
   2.8900000e-01
   2.9070000e-01
   2.9240000e-01
   2.9410000e-01
   2.9580000e-01
   2.9750000e-01
   2.9920000e-01
   3.0090000e-01
   3.0260000e-01
   3.0430000e-01
   3.0600000e-01
   3.0770000e-01
   3.0940000e-01
   3.1110000e-01
   3.1280000e-01
   3.1450000e-01
   3.1620000e-01
   3.1790000e-01
   3.1960000e-01
   3.2130000e-01
   3.2300000e-01
   3.2470000e-01
   3.2640000e-01
   3.2810000e-01
   3.2980000e-01
   3.3150000e-01
   3.3320000e-01
   3.3490000e-01
   3.3660000e-01
   3.3830000e-01
   3.4000000e-01
   3.4170000e-01
   3.4340000e-01
   3.4510000e-01
   3.4680000e-01
   3.4850000e-01
   3.5020000e-01
   3.5190000e-01
   3.5360000e-01
   3.5530000e-01
   3.5700000e-01
   3.5870000e-01
   3.6040000e-01
   3.6210000e-01
   3.6380000e-01
   3.6550000e-01
   3.6720000e-01
   3.6890000e-01
   3.7060000e-01
   3.7230000e-01
   3.7400000e-01
   3.7570000e-01
   3.7740000e-01
   3.7910000e-01
   3.8080000e-01
   3.8250000e-01
   3.8420000e-01
   3.8590000e-01
   3.8760000e-01
   3.8930000e-01
   3.9100000e-01
   3.9270000e-01
   3.9440000e-01
   3.9610000e-01
   3.9780000e-01
   3.9950000e-01
   4.0120000e-01
   4.0290000e-01
   4.0460000e-01
   4.0630000e-01
   4.0800000e-01
   4.0970000e-01
   4.1140000e-01
   4.1310000e-01
   4.1480000e-01
   4.1650000e-01
   4.1820000e-01
   4.1990000e-01
   4.2160000e-01
   4.2330000e-01
   4.2500000e-01
   4.2670000e-01
   4.2840000e-01
   4.3010000e-01
   4.3180000e-01
   4.3350000e-01
   4.3520000e-01
   4.3690000e-01
   4.3860000e-01
   4.4030000e-01
   4.4200000e-01
   4.4370000e-01
   4.4540000e-01
   4.4710000e-01
   4.4880000e-01
   4.5050000e-01
   4.5220000e-01
   4.5390000e-01
   4.5560000e-01
   4.5730000e-01
   4.5900000e-01
   4.6070000e-01
   4.6240000e-01
   4.6410000e-01
   4.6580000e-01
   4.6750000e-01
   4.6920000e-01
   4.7090000e-01
   4.7260000e-01
   4.7430000e-01
   4.7600000e-01
   4.7770000e-01
   4.7940000e-01
   4.8110000e-01
   4.8280000e-01
   4.8450000e-01
   4.8620000e-01
   4.8790000e-01
   4.8960000e-01
   4.9130000e-01
   4.9300000e-01
   4.9470000e-01
   4.9640000e-01
   4.9810000e-01
   4.9980000e-01
   5.0150000e-01
   5.0320000e-01
   5.0490000e-01
   5.0660000e-01
   5.0830000e-01
   5.1000000e-01
   5.1170000e-01
   5.1340000e-01
   5.1510000e-01
   5.1680000e-01
   5.1850000e-01
   5.2020000e-01
   5.2190000e-01
   5.2360000e-01
   5.2530000e-01
   5.2700000e-01
   5.2870000e-01
   5.3040000e-01
   5.3210000e-01
   5.3380000e-01
   5.3550000e-01
   5.3720000e-01
   5.3890000e-01
   5.4060000e-01
   5.4230000e-01
   5.4400000e-01
   5.4570000e-01
   5.4740000e-01
   5.4910000e-01
   5.5080000e-01
   5.5250000e-01
   5.5420000e-01
   5.5590000e-01
   5.5760000e-01
   5.5930000e-01
   5.6100000e-01
   5.6270000e-01
   5.6440000e-01
   5.6610000e-01
   5.6780000e-01
   5.6950000e-01
   5.7120000e-01
   5.7290000e-01
   5.7460000e-01
   5.7630000e-01
   5.7800000e-01
   5.7970000e-01
   5.8140000e-01
   5.8310000e-01
   5.8480000e-01
   5.8650000e-01
   5.8820000e-01
   5.8990000e-01
   5.9160000e-01
   5.9330000e-01
   5.9500000e-01
   5.9670000e-01
   5.9840000e-01
   6.0010000e-01
   6.0180000e-01
   6.0350000e-01
   6.0520000e-01
   6.0690000e-01
   6.0860000e-01
   6.1030000e-01
   6.1200000e-01
   6.1370000e-01
   6.1540000e-01
   6.1710000e-01
   6.1880000e-01
   6.2050000e-01
   6.2220000e-01
   6.2390000e-01
   6.2560000e-01
   6.2730000e-01
   6.2900000e-01
   6.3070000e-01
   6.3240000e-01
   6.3410000e-01
   6.3580000e-01
   6.3750000e-01
   6.3920000e-01
   6.4090000e-01
   6.4260000e-01
   6.4430000e-01
   6.4600000e-01
   6.4770000e-01
   6.4940000e-01
   6.5110000e-01
   6.5280000e-01
   6.5450000e-01
   6.5620000e-01
   6.5790000e-01
   6.5960000e-01
   6.6130000e-01
   6.6300000e-01
   6.6470000e-01
   6.6640000e-01
   6.6810000e-01
   6.6980000e-01
   6.7150000e-01
   6.7320000e-01
   6.7490000e-01
   6.7660000e-01
   6.7830000e-01
   6.8000000e-01
   6.8170000e-01
   6.8340000e-01
   6.8510000e-01
   6.8680000e-01
   6.8850000e-01
   6.9020000e-01
   6.9190000e-01
   6.9360000e-01
   6.9530000e-01
   6.9700000e-01
   6.9870000e-01
   7.0040000e-01
   7.0210000e-01
   7.0380000e-01
   7.0550000e-01
   7.0720000e-01
   7.0890000e-01
   7.1060000e-01
   7.1230000e-01
   7.1400000e-01
   7.1570000e-01
   7.1740000e-01
   7.1910000e-01
   7.2080000e-01
   7.2250000e-01
   7.2420000e-01
   7.2590000e-01
   7.2760000e-01
   7.2930000e-01
   7.3100000e-01
   7.3270000e-01
   7.3440000e-01
   7.3610000e-01
   7.3780000e-01
   7.3950000e-01
   7.4120000e-01
   7.4290000e-01
   7.4460000e-01
   7.4630000e-01
   7.4800000e-01
   7.4970000e-01
   7.5140000e-01
   7.5310000e-01
   7.5480000e-01
   7.5650000e-01
   7.5820000e-01
   7.5990000e-01
   7.6160000e-01
   7.6330000e-01
   7.6500000e-01
   7.6670000e-01
   7.6840000e-01
   7.7010000e-01
   7.7180000e-01
   7.7350000e-01
   7.7520000e-01
   7.7690000e-01
   7.7860000e-01
   7.8030000e-01
   7.8200000e-01
   7.8370000e-01
   7.8540000e-01
   7.8710000e-01
   7.8880000e-01
   7.9050000e-01
   7.9220000e-01
   7.9390000e-01
   7.9560000e-01
   7.9730000e-01
   7.9900000e-01
   8.0070000e-01
   8.0240000e-01
   8.0410000e-01
   8.0580000e-01
   8.0750000e-01
   8.0920000e-01
   8.1090000e-01
   8.1260000e-01
   8.1430000e-01
   8.1600000e-01
   8.1770000e-01
   8.1940000e-01
   8.2110000e-01
   8.2280000e-01
   8.2450000e-01
   8.2620000e-01
   8.2790000e-01
   8.2960000e-01
   8.3130000e-01
   8.3300000e-01
   8.3470000e-01
   8.3640000e-01
   8.3810000e-01
   8.3980000e-01
   8.4150000e-01
   8.4320000e-01
   8.4490000e-01
   8.4660000e-01
   8.4830000e-01
   8.5000000e-01
   8.5170000e-01
   8.5340000e-01
   8.5510000e-01
   8.5680000e-01
   8.5850000e-01
   8.6020000e-01
   8.6190000e-01
   8.6360000e-01
   8.6530000e-01
   8.6700000e-01
   8.6870000e-01
   8.7040000e-01
   8.7210000e-01
   8.7380000e-01
   8.7550000e-01
   8.7720000e-01
   8.7890000e-01
   8.8060000e-01
   8.8230000e-01
   8.8400000e-01
   8.8570000e-01
   8.8740000e-01
   8.8910000e-01
   8.9080000e-01
   8.9250000e-01
   8.9420000e-01
   8.9590000e-01
   8.9760000e-01
   8.9930000e-01
   9.0100000e-01
   9.0270000e-01
   9.0440000e-01
   9.0610000e-01
   9.0780000e-01
   9.0950000e-01
   9.1120000e-01
   9.1290000e-01
   9.1460000e-01
   9.1630000e-01
   9.1800000e-01
   9.1970000e-01
   9.2140000e-01
   9.2310000e-01
   9.2480000e-01
   9.2650000e-01
   9.2820000e-01
   9.2990000e-01
   9.3160000e-01
   9.3330000e-01
   9.3500000e-01
   9.3670000e-01
   9.3840000e-01
   9.4010000e-01
   9.4180000e-01
   9.4350000e-01
   9.4520000e-01
   9.4690000e-01
   9.4860000e-01
   9.5030000e-01
   9.5200000e-01
   9.5370000e-01
   9.5540000e-01
   9.5710000e-01
   9.5880000e-01
   9.6050000e-01
   9.6220000e-01
   9.6390000e-01
   9.6560000e-01
   9.6730000e-01
   9.6900000e-01
   9.7070000e-01
   9.7240000e-01
   9.7410000e-01
   9.7580000e-01
   9.7750000e-01
   9.7920000e-01
   9.8090000e-01
   9.8260000e-01
   9.8430000e-01
   9.8600000e-01
   9.8770000e-01
   9.8940000e-01
   9.9110000e-01
   9.9280000e-01
   9.9450000e-01
   9.9620000e-01
   9.9790000e-01
   9.9960000e-01
   1.0013000e+00
   1.0030000e+00
   1.0047000e+00
   1.0064000e+00
   1.0081000e+00
   1.0098000e+00
   1.0115000e+00
   1.0132000e+00
   1.0149000e+00
   1.0166000e+00
   1.0183000e+00
   1.0200000e+00
   1.0217000e+00
   1.0234000e+00
   1.0251000e+00
   1.0268000e+00
   1.0285000e+00
   1.0302000e+00
   1.0319000e+00
   1.0336000e+00
   1.0353000e+00
   1.0370000e+00
   1.0387000e+00
   1.0404000e+00
   1.0421000e+00
   1.0438000e+00
   1.0455000e+00
   1.0472000e+00
   1.0489000e+00
   1.0506000e+00
   1.0523000e+00
   1.0540000e+00
   1.0557000e+00
   1.0574000e+00
   1.0591000e+00
   1.0608000e+00
   1.0625000e+00
   1.0642000e+00
   1.0659000e+00
   1.0676000e+00
   1.0693000e+00
   1.0710000e+00
   1.0727000e+00
   1.0744000e+00
   1.0761000e+00
   1.0778000e+00
   1.0795000e+00
   1.0812000e+00
   1.0829000e+00
   1.0846000e+00
   1.0863000e+00
   1.0880000e+00
   1.0897000e+00
   1.0914000e+00
   1.0931000e+00
   1.0948000e+00
   1.0965000e+00
   1.0982000e+00
   1.0999000e+00
   1.1016000e+00
   1.1033000e+00
   1.1050000e+00
   1.1067000e+00
   1.1084000e+00
   1.1101000e+00
   1.1118000e+00
   1.1135000e+00
   1.1152000e+00
   1.1169000e+00
   1.1186000e+00
   1.1203000e+00
   1.1220000e+00
   1.1237000e+00
   1.1254000e+00
   1.1271000e+00
   1.1288000e+00
   1.1305000e+00
   1.1322000e+00
   1.1339000e+00
   1.1356000e+00
   1.1373000e+00
   1.1390000e+00
   1.1407000e+00
   1.1424000e+00
   1.1441000e+00
   1.1458000e+00
   1.1475000e+00
   1.1492000e+00
   1.1509000e+00
   1.1526000e+00
   1.1543000e+00
   1.1560000e+00
   1.1577000e+00
   1.1594000e+00
   1.1611000e+00
   1.1628000e+00
   1.1645000e+00
   1.1662000e+00
   1.1679000e+00
   1.1696000e+00
   1.1713000e+00
   1.1730000e+00
   1.1747000e+00
   1.1764000e+00
   1.1781000e+00
   1.1798000e+00
   1.1815000e+00
   1.1832000e+00
   1.1849000e+00
   1.1866000e+00
   1.1883000e+00
   1.1900000e+00
   1.1917000e+00
   1.1934000e+00
   1.1951000e+00
   1.1968000e+00
   1.1985000e+00
   1.2002000e+00
   1.2019000e+00
   1.2036000e+00
   1.2053000e+00
   1.2070000e+00
   1.2087000e+00
   1.2104000e+00
   1.2121000e+00
   1.2138000e+00
   1.2155000e+00
   1.2172000e+00
   1.2189000e+00
   1.2206000e+00
   1.2223000e+00
   1.2240000e+00
   1.2257000e+00
   1.2274000e+00
   1.2291000e+00
   1.2308000e+00
   1.2325000e+00
   1.2342000e+00
   1.2359000e+00
   1.2376000e+00
   1.2393000e+00
   1.2410000e+00
   1.2427000e+00
   1.2444000e+00
   1.2461000e+00
   1.2478000e+00
   1.2495000e+00
   1.2512000e+00
   1.2529000e+00
   1.2546000e+00
   1.2563000e+00
   1.2580000e+00
   1.2597000e+00
   1.2614000e+00
   1.2631000e+00
   1.2648000e+00
   1.2665000e+00
   1.2682000e+00
   1.2699000e+00
   1.2716000e+00
   1.2733000e+00
   1.2750000e+00
   1.2767000e+00
   1.2784000e+00
   1.2801000e+00
   1.2818000e+00
   1.2835000e+00
   1.2852000e+00
   1.2869000e+00
   1.2886000e+00
   1.2903000e+00
   1.2920000e+00
   1.2937000e+00
   1.2954000e+00
   1.2971000e+00
   1.2988000e+00
   1.3005000e+00
   1.3022000e+00
   1.3039000e+00
   1.3056000e+00
   1.3073000e+00
   1.3090000e+00
   1.3107000e+00
   1.3124000e+00
   1.3141000e+00
   1.3158000e+00
   1.3175000e+00
   1.3192000e+00
   1.3209000e+00
   1.3226000e+00
   1.3243000e+00
   1.3260000e+00
   1.3277000e+00
   1.3294000e+00
   1.3311000e+00
   1.3328000e+00
   1.3345000e+00
   1.3362000e+00
   1.3379000e+00
   1.3396000e+00
   1.3413000e+00
   1.3430000e+00
   1.3447000e+00
   1.3464000e+00
   1.3481000e+00
   1.3498000e+00
   1.3515000e+00
   1.3532000e+00
   1.3549000e+00
   1.3566000e+00
   1.3583000e+00
   1.3600000e+00
   1.3617000e+00
   1.3634000e+00
   1.3651000e+00
   1.3668000e+00
   1.3685000e+00
   1.3702000e+00
   1.3719000e+00
   1.3736000e+00
   1.3753000e+00
   1.3770000e+00
   1.3787000e+00
   1.3804000e+00
   1.3821000e+00
   1.3838000e+00
   1.3855000e+00
   1.3872000e+00
   1.3889000e+00
   1.3906000e+00
   1.3923000e+00
   1.3940000e+00
   1.3957000e+00
   1.3974000e+00
   1.3991000e+00
   1.4008000e+00
   1.4025000e+00
   1.4042000e+00
   1.4059000e+00
   1.4076000e+00
   1.4093000e+00
   1.4110000e+00
   1.4127000e+00
   1.4144000e+00
   1.4161000e+00
   1.4178000e+00
   1.4195000e+00
   1.4212000e+00
   1.4229000e+00
   1.4246000e+00
   1.4263000e+00
   1.4280000e+00
   1.4297000e+00
   1.4314000e+00
   1.4331000e+00
   1.4348000e+00
   1.4365000e+00
   1.4382000e+00
   1.4399000e+00
   1.4416000e+00
   1.4433000e+00
   1.4450000e+00
   1.4467000e+00
   1.4484000e+00
   1.4501000e+00
   1.4518000e+00
   1.4535000e+00
   1.4552000e+00
   1.4569000e+00
   1.4586000e+00
   1.4603000e+00
   1.4620000e+00
   1.4637000e+00
   1.4654000e+00
   1.4671000e+00
   1.4688000e+00
   1.4705000e+00
   1.4722000e+00
   1.4739000e+00
   1.4756000e+00
   1.4773000e+00
   1.4790000e+00
   1.4807000e+00
   1.4824000e+00
   1.4841000e+00
   1.4858000e+00
   1.4875000e+00
   1.4892000e+00
   1.4909000e+00
   1.4926000e+00
   1.4943000e+00
   1.4960000e+00
   1.4977000e+00
   1.4994000e+00
   1.5011000e+00
   1.5028000e+00
   1.5045000e+00
   1.5062000e+00
   1.5079000e+00
   1.5096000e+00
   1.5113000e+00
   1.5130000e+00
   1.5147000e+00
   1.5164000e+00
   1.5181000e+00
   1.5198000e+00
   1.5215000e+00
   1.5232000e+00
   1.5249000e+00
   1.5266000e+00
   1.5283000e+00
   1.5300000e+00
   1.5317000e+00
   1.5334000e+00
   1.5351000e+00
   1.5368000e+00
   1.5385000e+00
   1.5402000e+00
   1.5419000e+00
   1.5436000e+00
   1.5453000e+00
   1.5470000e+00
   1.5487000e+00
   1.5504000e+00
   1.5521000e+00
   1.5538000e+00
   1.5555000e+00
   1.5572000e+00
   1.5589000e+00
   1.5606000e+00
   1.5623000e+00
   1.5640000e+00
   1.5657000e+00
   1.5674000e+00
   1.5691000e+00
   1.5708000e+00
   1.5725000e+00
   1.5742000e+00
   1.5759000e+00
   1.5776000e+00
   1.5793000e+00
   1.5810000e+00
   1.5827000e+00
   1.5844000e+00
   1.5861000e+00
   1.5878000e+00
   1.5895000e+00
   1.5912000e+00
   1.5929000e+00
   1.5946000e+00
   1.5963000e+00
   1.5980000e+00
   1.5997000e+00
   1.6014000e+00
   1.6031000e+00
   1.6048000e+00
   1.6065000e+00
   1.6082000e+00
   1.6099000e+00
   1.6116000e+00
   1.6133000e+00
   1.6150000e+00
   1.6167000e+00
   1.6184000e+00
   1.6201000e+00
   1.6218000e+00
   1.6235000e+00
   1.6252000e+00
   1.6269000e+00
   1.6286000e+00
   1.6303000e+00
   1.6320000e+00
   1.6337000e+00
   1.6354000e+00
   1.6371000e+00
   1.6388000e+00
   1.6405000e+00
   1.6422000e+00
   1.6439000e+00
   1.6456000e+00
   1.6473000e+00
   1.6490000e+00
   1.6507000e+00
   1.6524000e+00
   1.6541000e+00
   1.6558000e+00
   1.6575000e+00
   1.6592000e+00
   1.6609000e+00
   1.6626000e+00
   1.6643000e+00
   1.6660000e+00
   1.6677000e+00
   1.6694000e+00
   1.6711000e+00
   1.6728000e+00
   1.6745000e+00
   1.6762000e+00
   1.6779000e+00
   1.6796000e+00
   1.6813000e+00
   1.6830000e+00
   1.6847000e+00
   1.6864000e+00
   1.6881000e+00
   1.6898000e+00
   1.6915000e+00
   1.6932000e+00
   1.6949000e+00
   1.6966000e+00
   1.6983000e+00
   1.7000000e+00
   1.6983000e+00
   1.6966000e+00
   1.6949000e+00
   1.6932000e+00
   1.6915000e+00
   1.6898000e+00
   1.6881000e+00
   1.6864000e+00
   1.6847000e+00
   1.6830000e+00
   1.6813000e+00
   1.6796000e+00
   1.6779000e+00
   1.6762000e+00
   1.6745000e+00
   1.6728000e+00
   1.6711000e+00
   1.6694000e+00
   1.6677000e+00
   1.6660000e+00
   1.6643000e+00
   1.6626000e+00
   1.6609000e+00
   1.6592000e+00
   1.6575000e+00
   1.6558000e+00
   1.6541000e+00
   1.6524000e+00
   1.6507000e+00
   1.6490000e+00
   1.6473000e+00
   1.6456000e+00
   1.6439000e+00
   1.6422000e+00
   1.6405000e+00
   1.6388000e+00
   1.6371000e+00
   1.6354000e+00
   1.6337000e+00
   1.6320000e+00
   1.6303000e+00
   1.6286000e+00
   1.6269000e+00
   1.6252000e+00
   1.6235000e+00
   1.6218000e+00
   1.6201000e+00
   1.6184000e+00
   1.6167000e+00
   1.6150000e+00
   1.6133000e+00
   1.6116000e+00
   1.6099000e+00
   1.6082000e+00
   1.6065000e+00
   1.6048000e+00
   1.6031000e+00
   1.6014000e+00
   1.5997000e+00
   1.5980000e+00
   1.5963000e+00
   1.5946000e+00
   1.5929000e+00
   1.5912000e+00
   1.5895000e+00
   1.5878000e+00
   1.5861000e+00
   1.5844000e+00
   1.5827000e+00
   1.5810000e+00
   1.5793000e+00
   1.5776000e+00
   1.5759000e+00
   1.5742000e+00
   1.5725000e+00
   1.5708000e+00
   1.5691000e+00
   1.5674000e+00
   1.5657000e+00
   1.5640000e+00
   1.5623000e+00
   1.5606000e+00
   1.5589000e+00
   1.5572000e+00
   1.5555000e+00
   1.5538000e+00
   1.5521000e+00
   1.5504000e+00
   1.5487000e+00
   1.5470000e+00
   1.5453000e+00
   1.5436000e+00
   1.5419000e+00
   1.5402000e+00
   1.5385000e+00
   1.5368000e+00
   1.5351000e+00
   1.5334000e+00
   1.5317000e+00
   1.5300000e+00
   1.5283000e+00
   1.5266000e+00
   1.5249000e+00
   1.5232000e+00
   1.5215000e+00
   1.5198000e+00
   1.5181000e+00
   1.5164000e+00
   1.5147000e+00
   1.5130000e+00
   1.5113000e+00
   1.5096000e+00
   1.5079000e+00
   1.5062000e+00
   1.5045000e+00
   1.5028000e+00
   1.5011000e+00
   1.4994000e+00
   1.4977000e+00
   1.4960000e+00
   1.4943000e+00
   1.4926000e+00
   1.4909000e+00
   1.4892000e+00
   1.4875000e+00
   1.4858000e+00
   1.4841000e+00
   1.4824000e+00
   1.4807000e+00
   1.4790000e+00
   1.4773000e+00
   1.4756000e+00
   1.4739000e+00
   1.4722000e+00
   1.4705000e+00
   1.4688000e+00
   1.4671000e+00
   1.4654000e+00
   1.4637000e+00
   1.4620000e+00
   1.4603000e+00
   1.4586000e+00
   1.4569000e+00
   1.4552000e+00
   1.4535000e+00
   1.4518000e+00
   1.4501000e+00
   1.4484000e+00
   1.4467000e+00
   1.4450000e+00
   1.4433000e+00
   1.4416000e+00
   1.4399000e+00
   1.4382000e+00
   1.4365000e+00
   1.4348000e+00
   1.4331000e+00
   1.4314000e+00
   1.4297000e+00
   1.4280000e+00
   1.4263000e+00
   1.4246000e+00
   1.4229000e+00
   1.4212000e+00
   1.4195000e+00
   1.4178000e+00
   1.4161000e+00
   1.4144000e+00
   1.4127000e+00
   1.4110000e+00
   1.4093000e+00
   1.4076000e+00
   1.4059000e+00
   1.4042000e+00
   1.4025000e+00
   1.4008000e+00
   1.3991000e+00
   1.3974000e+00
   1.3957000e+00
   1.3940000e+00
   1.3923000e+00
   1.3906000e+00
   1.3889000e+00
   1.3872000e+00
   1.3855000e+00
   1.3838000e+00
   1.3821000e+00
   1.3804000e+00
   1.3787000e+00
   1.3770000e+00
   1.3753000e+00
   1.3736000e+00
   1.3719000e+00
   1.3702000e+00
   1.3685000e+00
   1.3668000e+00
   1.3651000e+00
   1.3634000e+00
   1.3617000e+00
   1.3600000e+00
   1.3583000e+00
   1.3566000e+00
   1.3549000e+00
   1.3532000e+00
   1.3515000e+00
   1.3498000e+00
   1.3481000e+00
   1.3464000e+00
   1.3447000e+00
   1.3430000e+00
   1.3413000e+00
   1.3396000e+00
   1.3379000e+00
   1.3362000e+00
   1.3345000e+00
   1.3328000e+00
   1.3311000e+00
   1.3294000e+00
   1.3277000e+00
   1.3260000e+00
   1.3243000e+00
   1.3226000e+00
   1.3209000e+00
   1.3192000e+00
   1.3175000e+00
   1.3158000e+00
   1.3141000e+00
   1.3124000e+00
   1.3107000e+00
   1.3090000e+00
   1.3073000e+00
   1.3056000e+00
   1.3039000e+00
   1.3022000e+00
   1.3005000e+00
   1.2988000e+00
   1.2971000e+00
   1.2954000e+00
   1.2937000e+00
   1.2920000e+00
   1.2903000e+00
   1.2886000e+00
   1.2869000e+00
   1.2852000e+00
   1.2835000e+00
   1.2818000e+00
   1.2801000e+00
   1.2784000e+00
   1.2767000e+00
   1.2750000e+00
   1.2733000e+00
   1.2716000e+00
   1.2699000e+00
   1.2682000e+00
   1.2665000e+00
   1.2648000e+00
   1.2631000e+00
   1.2614000e+00
   1.2597000e+00
   1.2580000e+00
   1.2563000e+00
   1.2546000e+00
   1.2529000e+00
   1.2512000e+00
   1.2495000e+00
   1.2478000e+00
   1.2461000e+00
   1.2444000e+00
   1.2427000e+00
   1.2410000e+00
   1.2393000e+00
   1.2376000e+00
   1.2359000e+00
   1.2342000e+00
   1.2325000e+00
   1.2308000e+00
   1.2291000e+00
   1.2274000e+00
   1.2257000e+00
   1.2240000e+00
   1.2223000e+00
   1.2206000e+00
   1.2189000e+00
   1.2172000e+00
   1.2155000e+00
   1.2138000e+00
   1.2121000e+00
   1.2104000e+00
   1.2087000e+00
   1.2070000e+00
   1.2053000e+00
   1.2036000e+00
   1.2019000e+00
   1.2002000e+00
   1.1985000e+00
   1.1968000e+00
   1.1951000e+00
   1.1934000e+00
   1.1917000e+00
   1.1900000e+00
   1.1883000e+00
   1.1866000e+00
   1.1849000e+00
   1.1832000e+00
   1.1815000e+00
   1.1798000e+00
   1.1781000e+00
   1.1764000e+00
   1.1747000e+00
   1.1730000e+00
   1.1713000e+00
   1.1696000e+00
   1.1679000e+00
   1.1662000e+00
   1.1645000e+00
   1.1628000e+00
   1.1611000e+00
   1.1594000e+00
   1.1577000e+00
   1.1560000e+00
   1.1543000e+00
   1.1526000e+00
   1.1509000e+00
   1.1492000e+00
   1.1475000e+00
   1.1458000e+00
   1.1441000e+00
   1.1424000e+00
   1.1407000e+00
   1.1390000e+00
   1.1373000e+00
   1.1356000e+00
   1.1339000e+00
   1.1322000e+00
   1.1305000e+00
   1.1288000e+00
   1.1271000e+00
   1.1254000e+00
   1.1237000e+00
   1.1220000e+00
   1.1203000e+00
   1.1186000e+00
   1.1169000e+00
   1.1152000e+00
   1.1135000e+00
   1.1118000e+00
   1.1101000e+00
   1.1084000e+00
   1.1067000e+00
   1.1050000e+00
   1.1033000e+00
   1.1016000e+00
   1.0999000e+00
   1.0982000e+00
   1.0965000e+00
   1.0948000e+00
   1.0931000e+00
   1.0914000e+00
   1.0897000e+00
   1.0880000e+00
   1.0863000e+00
   1.0846000e+00
   1.0829000e+00
   1.0812000e+00
   1.0795000e+00
   1.0778000e+00
   1.0761000e+00
   1.0744000e+00
   1.0727000e+00
   1.0710000e+00
   1.0693000e+00
   1.0676000e+00
   1.0659000e+00
   1.0642000e+00
   1.0625000e+00
   1.0608000e+00
   1.0591000e+00
   1.0574000e+00
   1.0557000e+00
   1.0540000e+00
   1.0523000e+00
   1.0506000e+00
   1.0489000e+00
   1.0472000e+00
   1.0455000e+00
   1.0438000e+00
   1.0421000e+00
   1.0404000e+00
   1.0387000e+00
   1.0370000e+00
   1.0353000e+00
   1.0336000e+00
   1.0319000e+00
   1.0302000e+00
   1.0285000e+00
   1.0268000e+00
   1.0251000e+00
   1.0234000e+00
   1.0217000e+00
   1.0200000e+00
   1.0183000e+00
   1.0166000e+00
   1.0149000e+00
   1.0132000e+00
   1.0115000e+00
   1.0098000e+00
   1.0081000e+00
   1.0064000e+00
   1.0047000e+00
   1.0030000e+00
   1.0013000e+00
   9.9960000e-01
   9.9790000e-01
   9.9620000e-01
   9.9450000e-01
   9.9280000e-01
   9.9110000e-01
   9.8940000e-01
   9.8770000e-01
   9.8600000e-01
   9.8430000e-01
   9.8260000e-01
   9.8090000e-01
   9.7920000e-01
   9.7750000e-01
   9.7580000e-01
   9.7410000e-01
   9.7240000e-01
   9.7070000e-01
   9.6900000e-01
   9.6730000e-01
   9.6560000e-01
   9.6390000e-01
   9.6220000e-01
   9.6050000e-01
   9.5880000e-01
   9.5710000e-01
   9.5540000e-01
   9.5370000e-01
   9.5200000e-01
   9.5030000e-01
   9.4860000e-01
   9.4690000e-01
   9.4520000e-01
   9.4350000e-01
   9.4180000e-01
   9.4010000e-01
   9.3840000e-01
   9.3670000e-01
   9.3500000e-01
   9.3330000e-01
   9.3160000e-01
   9.2990000e-01
   9.2820000e-01
   9.2650000e-01
   9.2480000e-01
   9.2310000e-01
   9.2140000e-01
   9.1970000e-01
   9.1800000e-01
   9.1630000e-01
   9.1460000e-01
   9.1290000e-01
   9.1120000e-01
   9.0950000e-01
   9.0780000e-01
   9.0610000e-01
   9.0440000e-01
   9.0270000e-01
   9.0100000e-01
   8.9930000e-01
   8.9760000e-01
   8.9590000e-01
   8.9420000e-01
   8.9250000e-01
   8.9080000e-01
   8.8910000e-01
   8.8740000e-01
   8.8570000e-01
   8.8400000e-01
   8.8230000e-01
   8.8060000e-01
   8.7890000e-01
   8.7720000e-01
   8.7550000e-01
   8.7380000e-01
   8.7210000e-01
   8.7040000e-01
   8.6870000e-01
   8.6700000e-01
   8.6530000e-01
   8.6360000e-01
   8.6190000e-01
   8.6020000e-01
   8.5850000e-01
   8.5680000e-01
   8.5510000e-01
   8.5340000e-01
   8.5170000e-01
   8.5000000e-01
   8.4830000e-01
   8.4660000e-01
   8.4490000e-01
   8.4320000e-01
   8.4150000e-01
   8.3980000e-01
   8.3810000e-01
   8.3640000e-01
   8.3470000e-01
   8.3300000e-01
   8.3130000e-01
   8.2960000e-01
   8.2790000e-01
   8.2620000e-01
   8.2450000e-01
   8.2280000e-01
   8.2110000e-01
   8.1940000e-01
   8.1770000e-01
   8.1600000e-01
   8.1430000e-01
   8.1260000e-01
   8.1090000e-01
   8.0920000e-01
   8.0750000e-01
   8.0580000e-01
   8.0410000e-01
   8.0240000e-01
   8.0070000e-01
   7.9900000e-01
   7.9730000e-01
   7.9560000e-01
   7.9390000e-01
   7.9220000e-01
   7.9050000e-01
   7.8880000e-01
   7.8710000e-01
   7.8540000e-01
   7.8370000e-01
   7.8200000e-01
   7.8030000e-01
   7.7860000e-01
   7.7690000e-01
   7.7520000e-01
   7.7350000e-01
   7.7180000e-01
   7.7010000e-01
   7.6840000e-01
   7.6670000e-01
   7.6500000e-01
   7.6330000e-01
   7.6160000e-01
   7.5990000e-01
   7.5820000e-01
   7.5650000e-01
   7.5480000e-01
   7.5310000e-01
   7.5140000e-01
   7.4970000e-01
   7.4800000e-01
   7.4630000e-01
   7.4460000e-01
   7.4290000e-01
   7.4120000e-01
   7.3950000e-01
   7.3780000e-01
   7.3610000e-01
   7.3440000e-01
   7.3270000e-01
   7.3100000e-01
   7.2930000e-01
   7.2760000e-01
   7.2590000e-01
   7.2420000e-01
   7.2250000e-01
   7.2080000e-01
   7.1910000e-01
   7.1740000e-01
   7.1570000e-01
   7.1400000e-01
   7.1230000e-01
   7.1060000e-01
   7.0890000e-01
   7.0720000e-01
   7.0550000e-01
   7.0380000e-01
   7.0210000e-01
   7.0040000e-01
   6.9870000e-01
   6.9700000e-01
   6.9530000e-01
   6.9360000e-01
   6.9190000e-01
   6.9020000e-01
   6.8850000e-01
   6.8680000e-01
   6.8510000e-01
   6.8340000e-01
   6.8170000e-01
   6.8000000e-01
   6.7830000e-01
   6.7660000e-01
   6.7490000e-01
   6.7320000e-01
   6.7150000e-01
   6.6980000e-01
   6.6810000e-01
   6.6640000e-01
   6.6470000e-01
   6.6300000e-01
   6.6130000e-01
   6.5960000e-01
   6.5790000e-01
   6.5620000e-01
   6.5450000e-01
   6.5280000e-01
   6.5110000e-01
   6.4940000e-01
   6.4770000e-01
   6.4600000e-01
   6.4430000e-01
   6.4260000e-01
   6.4090000e-01
   6.3920000e-01
   6.3750000e-01
   6.3580000e-01
   6.3410000e-01
   6.3240000e-01
   6.3070000e-01
   6.2900000e-01
   6.2730000e-01
   6.2560000e-01
   6.2390000e-01
   6.2220000e-01
   6.2050000e-01
   6.1880000e-01
   6.1710000e-01
   6.1540000e-01
   6.1370000e-01
   6.1200000e-01
   6.1030000e-01
   6.0860000e-01
   6.0690000e-01
   6.0520000e-01
   6.0350000e-01
   6.0180000e-01
   6.0010000e-01
   5.9840000e-01
   5.9670000e-01
   5.9500000e-01
   5.9330000e-01
   5.9160000e-01
   5.8990000e-01
   5.8820000e-01
   5.8650000e-01
   5.8480000e-01
   5.8310000e-01
   5.8140000e-01
   5.7970000e-01
   5.7800000e-01
   5.7630000e-01
   5.7460000e-01
   5.7290000e-01
   5.7120000e-01
   5.6950000e-01
   5.6780000e-01
   5.6610000e-01
   5.6440000e-01
   5.6270000e-01
   5.6100000e-01
   5.5930000e-01
   5.5760000e-01
   5.5590000e-01
   5.5420000e-01
   5.5250000e-01
   5.5080000e-01
   5.4910000e-01
   5.4740000e-01
   5.4570000e-01
   5.4400000e-01
   5.4230000e-01
   5.4060000e-01
   5.3890000e-01
   5.3720000e-01
   5.3550000e-01
   5.3380000e-01
   5.3210000e-01
   5.3040000e-01
   5.2870000e-01
   5.2700000e-01
   5.2530000e-01
   5.2360000e-01
   5.2190000e-01
   5.2020000e-01
   5.1850000e-01
   5.1680000e-01
   5.1510000e-01
   5.1340000e-01
   5.1170000e-01
   5.1000000e-01
   5.0830000e-01
   5.0660000e-01
   5.0490000e-01
   5.0320000e-01
   5.0150000e-01
   4.9980000e-01
   4.9810000e-01
   4.9640000e-01
   4.9470000e-01
   4.9300000e-01
   4.9130000e-01
   4.8960000e-01
   4.8790000e-01
   4.8620000e-01
   4.8450000e-01
   4.8280000e-01
   4.8110000e-01
   4.7940000e-01
   4.7770000e-01
   4.7600000e-01
   4.7430000e-01
   4.7260000e-01
   4.7090000e-01
   4.6920000e-01
   4.6750000e-01
   4.6580000e-01
   4.6410000e-01
   4.6240000e-01
   4.6070000e-01
   4.5900000e-01
   4.5730000e-01
   4.5560000e-01
   4.5390000e-01
   4.5220000e-01
   4.5050000e-01
   4.4880000e-01
   4.4710000e-01
   4.4540000e-01
   4.4370000e-01
   4.4200000e-01
   4.4030000e-01
   4.3860000e-01
   4.3690000e-01
   4.3520000e-01
   4.3350000e-01
   4.3180000e-01
   4.3010000e-01
   4.2840000e-01
   4.2670000e-01
   4.2500000e-01
   4.2330000e-01
   4.2160000e-01
   4.1990000e-01
   4.1820000e-01
   4.1650000e-01
   4.1480000e-01
   4.1310000e-01
   4.1140000e-01
   4.0970000e-01
   4.0800000e-01
   4.0630000e-01
   4.0460000e-01
   4.0290000e-01
   4.0120000e-01
   3.9950000e-01
   3.9780000e-01
   3.9610000e-01
   3.9440000e-01
   3.9270000e-01
   3.9100000e-01
   3.8930000e-01
   3.8760000e-01
   3.8590000e-01
   3.8420000e-01
   3.8250000e-01
   3.8080000e-01
   3.7910000e-01
   3.7740000e-01
   3.7570000e-01
   3.7400000e-01
   3.7230000e-01
   3.7060000e-01
   3.6890000e-01
   3.6720000e-01
   3.6550000e-01
   3.6380000e-01
   3.6210000e-01
   3.6040000e-01
   3.5870000e-01
   3.5700000e-01
   3.5530000e-01
   3.5360000e-01
   3.5190000e-01
   3.5020000e-01
   3.4850000e-01
   3.4680000e-01
   3.4510000e-01
   3.4340000e-01
   3.4170000e-01
   3.4000000e-01
   3.3830000e-01
   3.3660000e-01
   3.3490000e-01
   3.3320000e-01
   3.3150000e-01
   3.2980000e-01
   3.2810000e-01
   3.2640000e-01
   3.2470000e-01
   3.2300000e-01
   3.2130000e-01
   3.1960000e-01
   3.1790000e-01
   3.1620000e-01
   3.1450000e-01
   3.1280000e-01
   3.1110000e-01
   3.0940000e-01
   3.0770000e-01
   3.0600000e-01
   3.0430000e-01
   3.0260000e-01
   3.0090000e-01
   2.9920000e-01
   2.9750000e-01
   2.9580000e-01
   2.9410000e-01
   2.9240000e-01
   2.9070000e-01
   2.8900000e-01
   2.8730000e-01
   2.8560000e-01
   2.8390000e-01
   2.8220000e-01
   2.8050000e-01
   2.7880000e-01
   2.7710000e-01
   2.7540000e-01
   2.7370000e-01
   2.7200000e-01
   2.7030000e-01
   2.6860000e-01
   2.6690000e-01
   2.6520000e-01
   2.6350000e-01
   2.6180000e-01
   2.6010000e-01
   2.5840000e-01
   2.5670000e-01
   2.5500000e-01
   2.5330000e-01
   2.5160000e-01
   2.4990000e-01
   2.4820000e-01
   2.4650000e-01
   2.4480000e-01
   2.4310000e-01
   2.4140000e-01
   2.3970000e-01
   2.3800000e-01
   2.3630000e-01
   2.3460000e-01
   2.3290000e-01
   2.3120000e-01
   2.2950000e-01
   2.2780000e-01
   2.2610000e-01
   2.2440000e-01
   2.2270000e-01
   2.2100000e-01
   2.1930000e-01
   2.1760000e-01
   2.1590000e-01
   2.1420000e-01
   2.1250000e-01
   2.1080000e-01
   2.0910000e-01
   2.0740000e-01
   2.0570000e-01
   2.0400000e-01
   2.0230000e-01
   2.0060000e-01
   1.9890000e-01
   1.9720000e-01
   1.9550000e-01
   1.9380000e-01
   1.9210000e-01
   1.9040000e-01
   1.8870000e-01
   1.8700000e-01
   1.8530000e-01
   1.8360000e-01
   1.8190000e-01
   1.8020000e-01
   1.7850000e-01
   1.7680000e-01
   1.7510000e-01
   1.7340000e-01
   1.7170000e-01
   1.7000000e-01
   1.6830000e-01
   1.6660000e-01
   1.6490000e-01
   1.6320000e-01
   1.6150000e-01
   1.5980000e-01
   1.5810000e-01
   1.5640000e-01
   1.5470000e-01
   1.5300000e-01
   1.5130000e-01
   1.4960000e-01
   1.4790000e-01
   1.4620000e-01
   1.4450000e-01
   1.4280000e-01
   1.4110000e-01
   1.3940000e-01
   1.3770000e-01
   1.3600000e-01
   1.3430000e-01
   1.3260000e-01
   1.3090000e-01
   1.2920000e-01
   1.2750000e-01
   1.2580000e-01
   1.2410000e-01
   1.2240000e-01
   1.2070000e-01
   1.1900000e-01
   1.1730000e-01
   1.1560000e-01
   1.1390000e-01
   1.1220000e-01
   1.1050000e-01
   1.0880000e-01
   1.0710000e-01
   1.0540000e-01
   1.0370000e-01
   1.0200000e-01
   1.0030000e-01
   9.8600000e-02
   9.6900000e-02
   9.5200000e-02
   9.3500000e-02
   9.1800000e-02
   9.0100000e-02
   8.8400000e-02
   8.6700000e-02
   8.5000000e-02
   8.3300000e-02
   8.1600000e-02
   7.9900000e-02
   7.8200000e-02
   7.6500000e-02
   7.4800000e-02
   7.3100000e-02
   7.1400000e-02
   6.9700000e-02
   6.8000000e-02
   6.6300000e-02
   6.4600000e-02
   6.2900000e-02
   6.1200000e-02
   5.9500000e-02
   5.7800000e-02
   5.6100000e-02
   5.4400000e-02
   5.2700000e-02
   5.1000000e-02
   4.9300000e-02
   4.7600000e-02
   4.5900000e-02
   4.4200000e-02
   4.2500000e-02
   4.0800000e-02
   3.9100000e-02
   3.7400000e-02
   3.5700000e-02
   3.4000000e-02
   3.2300000e-02
   3.0600000e-02
   2.8900000e-02
   2.7200000e-02
   2.5500000e-02
   2.3800000e-02
   2.2100000e-02
   2.0400000e-02
   1.8700000e-02
   1.7000000e-02
   1.5300000e-02
   1.3600000e-02
   1.1900000e-02
   1.0200000e-02
   8.5000000e-03
   6.8000000e-03
   5.1000000e-03
   3.4000000e-03
   1.7000000e-03
   0.0000000e+00
  -0.0000000e+00
  -0.0000000e+00
  -0.0000000e+00
  -0.0000000e+00
  -0.0000000e+00
  -0.0000000e+00
  -0.0000000e+00
  -0.0000000e+00
  -0.0000000e+00
  -0.0000000e+00
  -0.0000000e+00
  -0.0000000e+00
  -0.0000000e+00
  -0.0000000e+00
  -0.0000000e+00
  -0.0000000e+00
  -0.0000000e+00
  -0.0000000e+00
  -0.0000000e+00
  -0.0000000e+00
  -0.0000000e+00
  -0.0000000e+00
  -0.0000000e+00
  -0.0000000e+00
  -0.0000000e+00
  -0.0000000e+00
  -0.0000000e+00
  -0.0000000e+00
  -0.0000000e+00
  -0.0000000e+00
  -0.0000000e+00
  -0.0000000e+00
  -0.0000000e+00
  -0.0000000e+00
  -0.0000000e+00
  -0.0000000e+00
  -0.0000000e+00
  -0.0000000e+00
  -0.0000000e+00
  -0.0000000e+00
  -0.0000000e+00
  -0.0000000e+00
  -0.0000000e+00
  -0.0000000e+00
  -0.0000000e+00
  -0.0000000e+00
  -0.0000000e+00
  -0.0000000e+00
  -0.0000000e+00
  -0.0000000e+00
  -0.0000000e+00
  -0.0000000e+00
  -0.0000000e+00
  -0.0000000e+00
  -0.0000000e+00
  -0.0000000e+00
  -0.0000000e+00
  -0.0000000e+00
  -0.0000000e+00
  -0.0000000e+00
  -0.0000000e+00
  -0.0000000e+00
  -0.0000000e+00
  -0.0000000e+00
  -0.0000000e+00
  -0.0000000e+00
  -0.0000000e+00
  -0.0000000e+00
  -0.0000000e+00
  -0.0000000e+00
  -0.0000000e+00
  -0.0000000e+00
  -0.0000000e+00
  -0.0000000e+00
  -0.0000000e+00
  -0.0000000e+00
  -0.0000000e+00
  -0.0000000e+00
  -0.0000000e+00
  -0.0000000e+00
  -0.0000000e+00
  -0.0000000e+00
  -0.0000000e+00
  -0.0000000e+00
  -0.0000000e+00
  -0.0000000e+00
  -0.0000000e+00
  -0.0000000e+00
  -0.0000000e+00
  -0.0000000e+00
  -0.0000000e+00
  -0.0000000e+00
  -0.0000000e+00
  -0.0000000e+00
  -0.0000000e+00
  -0.0000000e+00
  -0.0000000e+00
  -0.0000000e+00
  -0.0000000e+00
  -0.0000000e+00
  -0.0000000e+00
  -0.0000000e+00
  -0.0000000e+00
  -0.0000000e+00
  -0.0000000e+00
  -0.0000000e+00
  -0.0000000e+00
  -0.0000000e+00
  -0.0000000e+00
  -0.0000000e+00
  -0.0000000e+00
  -0.0000000e+00
  -0.0000000e+00
  -0.0000000e+00
  -0.0000000e+00
  -0.0000000e+00
  -0.0000000e+00
  -0.0000000e+00
  -0.0000000e+00
  -0.0000000e+00
  -0.0000000e+00
  -0.0000000e+00
  -0.0000000e+00
  -0.0000000e+00
  -0.0000000e+00
  -0.0000000e+00
  -0.0000000e+00
  -0.0000000e+00
  -0.0000000e+00
  -0.0000000e+00
  -0.0000000e+00
  -0.0000000e+00
  -0.0000000e+00
  -0.0000000e+00
  -0.0000000e+00
  -0.0000000e+00
  -0.0000000e+00
  -0.0000000e+00
  -0.0000000e+00
  -0.0000000e+00
  -0.0000000e+00
  -0.0000000e+00
  -0.0000000e+00
  -0.0000000e+00
  -0.0000000e+00
  -0.0000000e+00
  -0.0000000e+00
  -0.0000000e+00
  -0.0000000e+00
  -0.0000000e+00
  -0.0000000e+00
  -0.0000000e+00
  -0.0000000e+00
  -0.0000000e+00
  -0.0000000e+00
  -0.0000000e+00
  -0.0000000e+00
  -0.0000000e+00
  -0.0000000e+00
  -0.0000000e+00
  -0.0000000e+00
  -0.0000000e+00
  -0.0000000e+00
  -0.0000000e+00
  -0.0000000e+00
  -0.0000000e+00
  -0.0000000e+00
  -0.0000000e+00
  -0.0000000e+00
  -0.0000000e+00
  -0.0000000e+00
  -0.0000000e+00
  -0.0000000e+00
  -0.0000000e+00
  -0.0000000e+00
  -0.0000000e+00
  -0.0000000e+00
  -0.0000000e+00
  -0.0000000e+00
  -0.0000000e+00
  -0.0000000e+00
  -0.0000000e+00
  -0.0000000e+00
  -0.0000000e+00
  -0.0000000e+00
  -0.0000000e+00
  -0.0000000e+00
  -0.0000000e+00
  -0.0000000e+00
  -0.0000000e+00
  -0.0000000e+00
  -0.0000000e+00
  -0.0000000e+00
  -0.0000000e+00
  -0.0000000e+00
  -0.0000000e+00
  -0.0000000e+00
  -0.0000000e+00
  -0.0000000e+00
  -0.0000000e+00
  -0.0000000e+00
  -0.0000000e+00
  -0.0000000e+00
  -0.0000000e+00
  -0.0000000e+00
  -0.0000000e+00
  -0.0000000e+00
  -0.0000000e+00
  -0.0000000e+00
  -0.0000000e+00
  -0.0000000e+00
  -0.0000000e+00
  -0.0000000e+00
  -0.0000000e+00
  -0.0000000e+00
  -0.0000000e+00
  -0.0000000e+00
  -0.0000000e+00
  -0.0000000e+00
  -0.0000000e+00
  -0.0000000e+00
  -0.0000000e+00
  -0.0000000e+00
  -0.0000000e+00
  -0.0000000e+00
  -0.0000000e+00
  -0.0000000e+00
  -0.0000000e+00
  -0.0000000e+00
  -0.0000000e+00
  -0.0000000e+00
  -0.0000000e+00
  -0.0000000e+00
  -0.0000000e+00
  -0.0000000e+00
  -0.0000000e+00
  -0.0000000e+00
  -0.0000000e+00
  -0.0000000e+00
  -0.0000000e+00
  -0.0000000e+00
  -0.0000000e+00
  -0.0000000e+00
  -0.0000000e+00
  -0.0000000e+00
  -0.0000000e+00
  -0.0000000e+00
  -0.0000000e+00
  -0.0000000e+00
   0.0000000e+00
   0.0000000e+00
   0.0000000e+00
   0.0000000e+00
   0.0000000e+00
   0.0000000e+00
   0.0000000e+00
   0.0000000e+00
   0.0000000e+00
   0.0000000e+00
   0.0000000e+00
   0.0000000e+00
   0.0000000e+00
   0.0000000e+00
   0.0000000e+00
   0.0000000e+00
   0.0000000e+00
   0.0000000e+00
   0.0000000e+00
   0.0000000e+00
   0.0000000e+00
   0.0000000e+00
   0.0000000e+00
   0.0000000e+00
   0.0000000e+00
   0.0000000e+00
   0.0000000e+00
   0.0000000e+00
   0.0000000e+00
   0.0000000e+00
   0.0000000e+00
   0.0000000e+00
   0.0000000e+00
   0.0000000e+00
   0.0000000e+00
   0.0000000e+00
   0.0000000e+00
   0.0000000e+00
   0.0000000e+00
   0.0000000e+00
   0.0000000e+00
   0.0000000e+00
   0.0000000e+00
   0.0000000e+00
   0.0000000e+00
   0.0000000e+00
   0.0000000e+00
   0.0000000e+00
   0.0000000e+00
   0.0000000e+00
   0.0000000e+00
   0.0000000e+00
   0.0000000e+00
   0.0000000e+00
   0.0000000e+00
   0.0000000e+00
   0.0000000e+00
   0.0000000e+00
   0.0000000e+00
   0.0000000e+00
   0.0000000e+00
   0.0000000e+00
   0.0000000e+00
   0.0000000e+00
   0.0000000e+00
   0.0000000e+00
   0.0000000e+00
   0.0000000e+00
   0.0000000e+00
   0.0000000e+00
   0.0000000e+00
   0.0000000e+00
   0.0000000e+00
   0.0000000e+00
   0.0000000e+00
   0.0000000e+00
   0.0000000e+00
   0.0000000e+00
   0.0000000e+00
   0.0000000e+00
   0.0000000e+00
   0.0000000e+00
   0.0000000e+00
   0.0000000e+00
   0.0000000e+00
   0.0000000e+00
   0.0000000e+00
   0.0000000e+00
   0.0000000e+00
   0.0000000e+00
   0.0000000e+00
   0.0000000e+00
   0.0000000e+00
   0.0000000e+00
   0.0000000e+00
   0.0000000e+00
   0.0000000e+00
   0.0000000e+00
   0.0000000e+00
   0.0000000e+00
   0.0000000e+00
   0.0000000e+00
   0.0000000e+00
   0.0000000e+00
   0.0000000e+00
   0.0000000e+00
   0.0000000e+00
   0.0000000e+00
   0.0000000e+00
   0.0000000e+00
   0.0000000e+00
   0.0000000e+00
   0.0000000e+00
   0.0000000e+00
   0.0000000e+00
   0.0000000e+00
   0.0000000e+00
   0.0000000e+00
   0.0000000e+00
   0.0000000e+00
   0.0000000e+00
   0.0000000e+00
   0.0000000e+00
   0.0000000e+00
   0.0000000e+00
   0.0000000e+00
   0.0000000e+00
   0.0000000e+00
   0.0000000e+00
   0.0000000e+00
   0.0000000e+00
   0.0000000e+00
   0.0000000e+00
   0.0000000e+00
   0.0000000e+00
   0.0000000e+00
   0.0000000e+00
   0.0000000e+00
   0.0000000e+00
   0.0000000e+00
   0.0000000e+00
   0.0000000e+00
   0.0000000e+00
   0.0000000e+00
   0.0000000e+00
   0.0000000e+00
   0.0000000e+00
   0.0000000e+00
   0.0000000e+00
   0.0000000e+00
   0.0000000e+00
   0.0000000e+00
   0.0000000e+00
   0.0000000e+00
   0.0000000e+00
   0.0000000e+00
   0.0000000e+00
   0.0000000e+00
   0.0000000e+00
   0.0000000e+00
   0.0000000e+00
   0.0000000e+00
   0.0000000e+00
   0.0000000e+00
   0.0000000e+00
   0.0000000e+00
   0.0000000e+00
   0.0000000e+00
   0.0000000e+00
   0.0000000e+00
   0.0000000e+00
   0.0000000e+00
   0.0000000e+00
   0.0000000e+00
   0.0000000e+00
   0.0000000e+00
   0.0000000e+00
   0.0000000e+00
   0.0000000e+00
   0.0000000e+00
   0.0000000e+00
   0.0000000e+00
   0.0000000e+00
   0.0000000e+00
   0.0000000e+00
   0.0000000e+00
   0.0000000e+00
   0.0000000e+00
   0.0000000e+00
   0.0000000e+00
   0.0000000e+00
   0.0000000e+00
   0.0000000e+00
   0.0000000e+00
   0.0000000e+00
   0.0000000e+00
   0.0000000e+00
   0.0000000e+00
   0.0000000e+00
   0.0000000e+00
   0.0000000e+00
   0.0000000e+00
   0.0000000e+00
   0.0000000e+00
   0.0000000e+00
   0.0000000e+00
   0.0000000e+00
   0.0000000e+00
   0.0000000e+00
   0.0000000e+00
   0.0000000e+00
   0.0000000e+00
   0.0000000e+00
   0.0000000e+00
   0.0000000e+00
   0.0000000e+00
   0.0000000e+00
   0.0000000e+00
   0.0000000e+00
   0.0000000e+00
   0.0000000e+00
   0.0000000e+00
   0.0000000e+00
   0.0000000e+00
   0.0000000e+00
   0.0000000e+00
   0.0000000e+00
   0.0000000e+00
   0.0000000e+00
   0.0000000e+00
   0.0000000e+00
   0.0000000e+00
   0.0000000e+00
   0.0000000e+00
   0.0000000e+00
   0.0000000e+00
   0.0000000e+00
   0.0000000e+00
   0.0000000e+00
   0.0000000e+00
   0.0000000e+00
   0.0000000e+00
   0.0000000e+00
   0.0000000e+00
   0.0000000e+00
   0.0000000e+00
   0.0000000e+00
   0.0000000e+00
   0.0000000e+00
   0.0000000e+00
   1.4000000e+00
   1.4000000e+00
   1.4000000e+00
   1.4000000e+00
   1.4000000e+00
   1.4000000e+00
   1.4000000e+00
   1.4000000e+00
   1.4000000e+00
   1.4000000e+00
   1.4000000e+00
   1.4000000e+00
   1.4000000e+00
   1.4000000e+00
   1.4000000e+00
   1.4000000e+00
   1.4000000e+00
   1.4000000e+00
   1.4000000e+00
   1.4000000e+00
   1.4000000e+00
   1.4000000e+00
   1.4000000e+00
   1.4000000e+00
   1.4000000e+00
   1.4000000e+00
   1.4000000e+00
   1.4000000e+00
   1.4000000e+00
   1.4000000e+00
   1.4000000e+00
   1.4000000e+00
   1.4000000e+00
   1.4000000e+00
   1.4000000e+00
   1.4000000e+00
   1.4000000e+00
   1.4000000e+00
   1.4000000e+00
   1.4000000e+00
   1.4000000e+00
   1.4000000e+00
   1.4000000e+00
   1.4000000e+00
   1.4000000e+00
   1.4000000e+00
   1.4000000e+00
   1.4000000e+00
   1.4000000e+00
   1.4000000e+00
   1.4000000e+00
   1.4000000e+00
   1.4000000e+00
   1.4000000e+00
   1.4000000e+00
   1.4000000e+00
   1.4000000e+00
   1.4000000e+00
   1.4000000e+00
   1.4000000e+00
   1.4000000e+00
   1.4000000e+00
   1.4000000e+00
   1.4000000e+00
   1.4000000e+00
   1.4000000e+00
   1.4000000e+00
   1.4000000e+00
   1.4000000e+00
   1.4000000e+00
   1.4000000e+00
   1.4000000e+00
   1.4000000e+00
   1.4000000e+00
   1.4000000e+00
   1.4000000e+00
   1.4000000e+00
   1.4000000e+00
   1.4000000e+00
   1.4000000e+00
   1.4000000e+00
   1.4000000e+00
   1.4000000e+00
   1.4000000e+00
   1.4000000e+00
   1.4000000e+00
   1.4000000e+00
   1.4000000e+00
   1.4000000e+00
   1.4000000e+00
   1.4000000e+00
   1.4000000e+00
   1.4000000e+00
   1.4000000e+00
   1.4000000e+00
   1.4000000e+00
   1.4000000e+00
   1.4000000e+00
   1.4000000e+00
   1.4000000e+00
   1.4000000e+00
   1.4000000e+00
   1.4000000e+00
   1.4000000e+00
   1.4000000e+00
   1.4000000e+00
   1.4000000e+00
   1.4000000e+00
   1.4000000e+00
   1.4000000e+00
   1.4000000e+00
   1.4000000e+00
   1.4000000e+00
   1.4000000e+00
   1.4000000e+00
   1.4000000e+00
   1.4000000e+00
   1.4000000e+00
   1.4000000e+00
   1.4000000e+00
   1.4000000e+00
   1.4000000e+00
   1.4000000e+00
   1.4000000e+00
   1.4000000e+00
   1.4000000e+00
   1.4000000e+00
   1.4000000e+00
   1.4000000e+00
   1.4000000e+00
   1.4000000e+00
   1.4000000e+00
   1.4000000e+00
   1.4000000e+00
   1.4000000e+00
   1.4000000e+00
   1.4000000e+00
   1.4000000e+00
   1.4000000e+00
   1.4000000e+00
   1.4000000e+00
   1.4000000e+00
   1.4000000e+00
   1.4000000e+00
   1.4000000e+00
   1.4000000e+00
   1.4000000e+00
   1.4000000e+00
   1.4000000e+00
   1.4000000e+00
   1.4000000e+00
   1.4000000e+00
   1.4000000e+00
   1.4000000e+00
   1.4000000e+00
   1.4000000e+00
   1.4000000e+00
   1.4000000e+00
   1.4000000e+00
   1.4000000e+00
   1.4000000e+00
   1.4000000e+00
   1.4000000e+00
   1.4000000e+00
   1.4000000e+00
   1.4000000e+00
   1.4000000e+00
   1.4000000e+00
   1.4000000e+00
   1.4000000e+00
   1.4000000e+00
   1.4000000e+00
   1.4000000e+00
   1.4000000e+00
   1.4000000e+00
   1.4000000e+00
   1.4000000e+00
   1.4000000e+00
   1.4000000e+00
   1.4000000e+00
   1.4000000e+00
   1.4000000e+00
   1.4000000e+00
   1.4000000e+00
   1.4000000e+00
   1.4000000e+00
   1.4000000e+00
   1.4000000e+00
   1.4000000e+00
   1.4000000e+00
   1.4000000e+00
   1.4000000e+00
   1.4000000e+00
   1.4000000e+00
   1.4000000e+00
   1.4000000e+00
   1.4000000e+00
   1.4000000e+00
   1.4000000e+00
   1.4000000e+00
   1.4000000e+00
   1.4000000e+00
   1.4000000e+00
   1.4000000e+00
   1.4000000e+00
   1.4000000e+00
   1.4000000e+00
   1.4000000e+00
   1.4000000e+00
   1.4000000e+00
   1.4000000e+00
   1.4000000e+00
   1.4000000e+00
   1.4000000e+00
   1.4000000e+00
   1.4000000e+00
   1.4000000e+00
   1.4000000e+00
   1.4000000e+00
   1.4000000e+00
   1.4000000e+00
   1.4000000e+00
   1.4000000e+00
   1.4000000e+00
   1.4000000e+00
   1.4000000e+00
   1.4000000e+00
   1.4000000e+00
   1.4000000e+00
   1.4000000e+00
   1.4000000e+00
   1.4000000e+00
   1.4000000e+00
   1.4000000e+00
   1.4000000e+00
   1.4000000e+00
   1.4000000e+00
   1.4000000e+00
   1.4000000e+00
   1.4000000e+00
   1.4000000e+00
   1.4000000e+00
   1.4000000e+00
   1.4000000e+00
   1.4000000e+00
   1.4000000e+00
   1.4000000e+00
   1.4000000e+00
   1.4000000e+00
   1.4000000e+00
   1.4000000e+00
   1.4000000e+00
   1.4000000e+00
   1.4000000e+00
   1.4000000e+00
   1.4000000e+00
   1.4000000e+00
   1.4000000e+00
   1.4000000e+00
   1.4000000e+00
   1.4000000e+00
   1.4000000e+00
   1.4000000e+00
   1.4000000e+00
   1.4000000e+00
   1.4000000e+00
   1.4000000e+00
   1.4000000e+00
   1.4000000e+00
   1.4000000e+00
   1.4000000e+00
   1.4000000e+00
   1.4000000e+00
   1.4000000e+00
   1.4000000e+00
   1.4000000e+00
   1.4000000e+00
   1.4000000e+00
   1.4000000e+00
   1.4000000e+00
   1.4000000e+00
   1.4000000e+00
   1.4000000e+00
   1.4000000e+00
   1.4000000e+00
   1.4000000e+00
   1.4000000e+00
   1.4000000e+00
   1.4000000e+00
   1.4000000e+00
   1.4000000e+00
   1.4000000e+00
   1.4000000e+00
   1.4000000e+00
   1.4000000e+00
   1.4000000e+00
   1.4000000e+00
   1.4000000e+00
   1.4000000e+00
   1.4000000e+00
   1.4000000e+00
   1.4000000e+00
   1.4000000e+00
   1.4000000e+00
   1.4000000e+00
   1.4000000e+00
   1.4000000e+00
   1.4000000e+00
   1.4000000e+00
   1.4000000e+00
   1.4000000e+00
   1.4000000e+00
   1.4000000e+00
   1.4000000e+00
   1.4000000e+00
   1.4000000e+00
   1.4000000e+00
   1.4000000e+00
   1.4000000e+00
   1.4000000e+00
   1.4000000e+00
   1.4000000e+00
   1.4000000e+00
   1.4000000e+00
   1.4000000e+00
   1.4000000e+00
   1.4000000e+00
   1.4000000e+00
   1.4000000e+00
   1.4000000e+00
   1.4000000e+00
   1.4000000e+00
   1.4000000e+00
   1.4000000e+00
   1.4000000e+00
   1.4000000e+00
   1.4000000e+00
   1.4000000e+00
   1.4000000e+00
   1.4000000e+00
   1.4000000e+00
   1.4000000e+00
   1.4000000e+00
   1.4000000e+00
   1.4000000e+00
   1.4000000e+00
   1.4000000e+00
   1.4000000e+00
   1.4000000e+00
   1.4000000e+00
   1.4000000e+00
   1.4000000e+00
   1.4000000e+00
   1.4000000e+00
   1.4000000e+00
   1.4000000e+00
   1.4000000e+00
   1.4000000e+00
   1.4000000e+00
   1.4000000e+00
   1.4000000e+00
   1.4000000e+00
   1.4000000e+00
   1.4000000e+00
   1.4000000e+00
   1.4000000e+00
   1.4000000e+00
   1.4000000e+00
   1.4000000e+00
   1.4000000e+00
   1.4000000e+00
   1.4000000e+00
   1.4000000e+00
   1.4000000e+00
   1.4000000e+00
   1.4000000e+00
   1.4000000e+00
   1.4000000e+00
   1.4000000e+00
   1.4000000e+00
   1.4000000e+00
   1.4000000e+00
   1.4000000e+00
   1.4000000e+00
   1.4000000e+00
   1.4000000e+00
   1.4000000e+00
   1.4000000e+00
   1.4000000e+00
   1.4000000e+00
   1.4000000e+00
   1.4000000e+00
   1.4000000e+00
   1.4000000e+00
   1.4000000e+00
   1.4000000e+00
   1.4000000e+00
   1.4000000e+00
   1.4000000e+00
   1.4000000e+00
   1.4000000e+00
   1.4000000e+00
   1.4000000e+00
   1.4000000e+00
   1.4000000e+00
   1.4000000e+00
   1.4000000e+00
   1.4000000e+00
   1.4000000e+00
   1.4000000e+00
   1.4000000e+00
   1.4000000e+00
   1.4000000e+00
   1.4000000e+00
   1.4000000e+00
   1.4000000e+00
   1.4000000e+00
   1.4000000e+00
   1.4000000e+00
   1.4000000e+00
   1.4000000e+00
   1.4000000e+00
   1.4000000e+00
   1.4000000e+00
   1.4000000e+00
   1.4000000e+00
   1.4000000e+00
   1.4000000e+00
   1.4000000e+00
   1.4000000e+00
   1.4000000e+00
   1.4000000e+00
   1.4000000e+00
   1.4000000e+00
   1.4000000e+00
   1.4000000e+00
   1.4000000e+00
   1.4000000e+00
   1.4000000e+00
   1.4000000e+00
   1.4000000e+00
   1.4000000e+00
   1.4000000e+00
   1.4000000e+00
   1.4000000e+00
   1.4000000e+00
   1.4000000e+00
   1.4000000e+00
   1.4000000e+00
   1.4000000e+00
   1.4000000e+00
   1.4000000e+00
   1.4000000e+00
   1.4000000e+00
   1.4000000e+00
   1.4000000e+00
   1.4000000e+00
   1.4000000e+00
   1.4000000e+00
   1.4000000e+00
   1.4000000e+00
   1.4000000e+00
   1.4000000e+00
   1.4000000e+00
   1.4000000e+00
   1.4000000e+00
   1.4000000e+00
   1.4000000e+00
   1.4000000e+00
   1.4000000e+00
   1.4000000e+00
   1.4000000e+00
   1.4000000e+00
   1.4000000e+00
   1.4000000e+00
   1.4000000e+00
   1.4000000e+00
   1.4000000e+00
   1.4000000e+00
   1.4000000e+00
   1.4000000e+00
   1.4000000e+00
   1.4000000e+00
   1.4000000e+00
   1.4000000e+00
   1.4000000e+00
   1.4000000e+00
   1.4000000e+00
   1.4000000e+00
   1.4000000e+00
   1.4000000e+00
   1.4000000e+00
   1.4000000e+00
   1.4000000e+00
   1.4000000e+00
   1.4000000e+00
   1.4000000e+00
   1.4000000e+00
   1.4000000e+00
   1.4000000e+00
   1.4000000e+00
   1.4000000e+00
   1.4000000e+00
   1.4000000e+00
   1.4000000e+00
   1.4000000e+00
   1.4000000e+00
   1.4000000e+00
   1.4000000e+00
   1.4000000e+00
   1.4000000e+00
   1.4000000e+00
   1.4000000e+00
   1.4000000e+00
   1.4000000e+00
   1.4000000e+00
   1.4000000e+00
   1.4000000e+00
   1.4000000e+00
   1.4000000e+00
   1.4000000e+00
   1.4000000e+00
   1.4000000e+00
   1.4000000e+00
   1.4000000e+00
   1.4000000e+00
   1.4000000e+00
   1.4000000e+00
   1.4000000e+00
   1.4000000e+00
   1.4000000e+00
   1.4000000e+00
   1.4000000e+00
   1.4000000e+00
   1.4000000e+00
   1.4000000e+00
   1.4000000e+00
   1.4000000e+00
   1.4000000e+00
   1.4000000e+00
   1.4000000e+00
   1.4000000e+00
   1.4000000e+00
   1.4000000e+00
   1.4000000e+00
   1.4000000e+00
   1.4000000e+00
   1.4000000e+00
   1.4000000e+00
   1.4000000e+00
   1.4000000e+00
   1.4000000e+00
   1.4000000e+00
   1.4000000e+00
   1.4000000e+00
   1.4000000e+00
   1.4000000e+00
   1.4000000e+00
   1.4000000e+00
   1.4000000e+00
   1.4000000e+00
   1.4000000e+00
   1.4000000e+00
   1.4000000e+00
   1.4000000e+00
   1.4000000e+00
   1.4000000e+00
   1.4000000e+00
   1.4000000e+00
   1.4000000e+00
   1.4000000e+00
   1.4000000e+00
   1.4000000e+00
   1.4000000e+00
   1.4000000e+00
   1.4000000e+00
   1.4000000e+00
   1.4000000e+00
   1.4000000e+00
   1.4000000e+00
   1.4000000e+00
   1.4000000e+00
   1.4000000e+00
   1.4000000e+00
   1.4000000e+00
   1.4000000e+00
   1.4000000e+00
   1.4000000e+00
   1.4000000e+00
   1.4000000e+00
   1.4000000e+00
   1.4000000e+00
   1.4000000e+00
   1.4000000e+00
   1.4000000e+00
   1.4000000e+00
   1.4000000e+00
   1.4000000e+00
   1.4000000e+00
   1.4000000e+00
   1.4000000e+00
   1.4000000e+00
   1.4000000e+00
   1.4000000e+00
   1.4000000e+00
   1.4000000e+00
   1.4000000e+00
   1.4000000e+00
   1.4000000e+00
   1.4000000e+00
   1.4000000e+00
   1.4000000e+00
   1.4000000e+00
   1.4000000e+00
   1.4000000e+00
   1.4000000e+00
   1.4000000e+00
   1.4000000e+00
   1.4000000e+00
   1.4000000e+00
   1.4000000e+00
   1.4000000e+00
   1.4000000e+00
   1.4000000e+00
   1.4000000e+00
   1.4000000e+00
   1.4000000e+00
   1.4000000e+00
   1.4000000e+00
   1.4000000e+00
   1.4000000e+00
   1.4000000e+00
   1.4000000e+00
   1.4000000e+00
   1.4000000e+00
   1.4000000e+00
   1.4000000e+00
   1.4000000e+00
   1.4000000e+00
   1.4000000e+00
   1.4000000e+00
   1.4000000e+00
   1.4000000e+00
   1.4000000e+00
   1.4000000e+00
   1.4000000e+00
   1.4000000e+00
   1.4000000e+00
   1.4000000e+00
   1.4000000e+00
   1.4000000e+00
   1.4000000e+00
   1.4000000e+00
   1.4000000e+00
   1.4000000e+00
   1.4000000e+00
   1.4000000e+00
   1.4000000e+00
   1.4000000e+00
   1.4000000e+00
   1.4000000e+00
   1.4000000e+00
   1.4000000e+00
   1.4000000e+00
   1.4000000e+00
   1.4000000e+00
   1.4000000e+00
   1.4000000e+00
   1.4000000e+00
   1.4000000e+00
   1.4000000e+00
   1.4000000e+00
   1.4000000e+00
   1.4000000e+00
   1.4000000e+00
   1.4000000e+00
   1.4000000e+00
   1.4000000e+00
   1.4000000e+00
   1.4000000e+00
   1.4000000e+00
   1.4000000e+00
   1.4000000e+00
   1.4000000e+00
   1.4000000e+00
   1.4000000e+00
   1.4000000e+00
   1.4000000e+00
   1.4000000e+00
   1.4000000e+00
   1.4000000e+00
   1.4000000e+00
   1.4000000e+00
   1.4000000e+00
   1.4000000e+00
   1.4000000e+00
   1.4000000e+00
   1.4000000e+00
   1.4000000e+00
   1.4000000e+00
   1.4000000e+00
   1.4000000e+00
   1.4000000e+00
   1.4000000e+00
   1.4000000e+00
   1.4000000e+00
   1.4000000e+00
   1.4000000e+00
   1.4000000e+00
   1.4000000e+00
   1.4000000e+00
   1.4000000e+00
   1.4000000e+00
   1.4000000e+00
   1.4000000e+00
   1.4000000e+00
   1.4000000e+00
   1.4000000e+00
   1.4000000e+00
   1.4000000e+00
   1.4000000e+00
   1.4000000e+00
   1.4000000e+00
   1.4000000e+00
   1.4000000e+00
   1.4000000e+00
   1.4000000e+00
   1.4000000e+00
   1.4000000e+00
   1.4000000e+00
   1.4000000e+00
   1.4000000e+00
   1.4000000e+00
   1.4000000e+00
   1.4000000e+00
   1.4000000e+00
   1.4000000e+00
   1.4000000e+00
   1.4000000e+00
   1.4000000e+00
   1.4000000e+00
   1.4000000e+00
   1.4000000e+00
   1.4000000e+00
   1.4000000e+00
   1.4000000e+00
   1.4000000e+00
   1.4000000e+00
   1.4000000e+00
   1.4000000e+00
   1.4000000e+00
   1.4000000e+00
   1.4000000e+00
   1.4000000e+00
   1.4000000e+00
   1.4000000e+00
   1.4000000e+00
   1.4000000e+00
   1.4000000e+00
   1.4000000e+00
   1.4000000e+00
   1.4000000e+00
   1.4000000e+00
   1.4000000e+00
   1.4000000e+00
   1.4000000e+00
   1.4000000e+00
   1.4000000e+00
   1.4000000e+00
   1.4000000e+00
   1.4000000e+00
   1.4000000e+00
   1.4000000e+00
   1.4000000e+00
   1.4000000e+00
   1.4000000e+00
   1.4000000e+00
   1.4000000e+00
   1.4000000e+00
   1.4000000e+00
   1.4000000e+00
   1.4000000e+00
   1.4000000e+00
   1.4000000e+00
   1.4000000e+00
   1.4000000e+00
   1.4000000e+00
   1.4000000e+00
   1.4000000e+00
   1.4000000e+00
   1.4000000e+00
   1.4000000e+00
   1.4000000e+00
   1.4000000e+00
   1.4000000e+00
   1.4000000e+00
   1.4000000e+00
   1.4000000e+00
   1.4000000e+00
   1.4000000e+00
   1.4000000e+00
   1.4000000e+00
   1.4000000e+00
   1.4000000e+00
   1.4000000e+00
   1.4000000e+00
   1.4000000e+00
   1.4000000e+00
   1.4000000e+00
   1.4000000e+00
   1.4000000e+00
   1.4000000e+00
   1.4000000e+00
   1.4000000e+00
   1.4000000e+00
   1.4000000e+00
   1.4000000e+00
   1.4000000e+00
   1.4000000e+00
   1.4000000e+00
   1.4000000e+00
   1.4000000e+00
   1.4000000e+00
   1.4000000e+00
   1.4000000e+00
   1.4000000e+00
   1.4000000e+00
   1.4000000e+00
   1.4000000e+00
   1.4000000e+00
   1.4000000e+00
   1.4000000e+00
   1.4000000e+00
   1.4000000e+00
   1.4000000e+00
   1.4000000e+00
   1.4000000e+00
   1.4000000e+00
   1.4000000e+00
   1.4000000e+00
   1.4000000e+00
   1.4000000e+00
   1.4000000e+00
   1.4000000e+00
   1.4000000e+00
   1.4000000e+00
   1.4000000e+00
   1.4000000e+00
   1.4000000e+00
   1.4000000e+00
   1.4000000e+00
   1.4000000e+00
   1.4000000e+00
   1.4000000e+00
   1.4000000e+00
   1.4000000e+00
   1.4000000e+00
   1.4000000e+00
   1.4000000e+00
   1.4000000e+00
   1.4000000e+00
   1.4000000e+00
   1.4000000e+00
   1.4000000e+00
   1.4000000e+00
   1.4000000e+00
   1.4000000e+00
   1.4000000e+00
   1.4000000e+00
   1.4000000e+00
   1.4000000e+00
   1.4000000e+00
   1.4000000e+00
   1.4000000e+00
   1.4000000e+00
   1.4000000e+00
   1.4000000e+00
   1.4000000e+00
   1.4000000e+00
   1.4000000e+00
   1.4000000e+00
   1.4000000e+00
   1.4000000e+00
   1.4000000e+00
   1.4000000e+00
   1.4000000e+00
   1.4000000e+00
   1.4000000e+00
   1.4000000e+00
   1.4000000e+00
   1.4000000e+00
   1.4000000e+00
   1.4000000e+00
   1.4000000e+00
   1.4000000e+00
   1.4000000e+00
   1.4000000e+00
   1.4000000e+00
   1.4000000e+00
   1.4000000e+00
   1.4000000e+00
   1.4000000e+00
   1.4000000e+00
   1.4000000e+00
   1.4000000e+00
   1.4000000e+00
   1.4000000e+00
   1.4000000e+00
   1.4000000e+00
   1.4000000e+00
   1.4000000e+00
   1.4000000e+00
   1.4000000e+00
   1.4000000e+00
   1.4000000e+00
   1.4000000e+00
   1.4000000e+00
   1.4000000e+00
   1.4000000e+00
   1.4000000e+00
   1.4000000e+00
   1.4000000e+00
   1.4000000e+00
   1.4000000e+00
   1.4000000e+00
   1.4000000e+00
   1.4000000e+00
   1.4000000e+00
   1.4000000e+00
   1.4000000e+00
   1.4000000e+00
   1.4000000e+00
   1.4000000e+00
   1.4000000e+00
   1.4000000e+00
   1.4000000e+00
   1.4000000e+00
   1.4000000e+00
   1.4000000e+00
   1.4000000e+00
   1.4000000e+00
   1.4000000e+00
   1.4000000e+00
   1.4000000e+00
   1.4000000e+00
   1.4000000e+00
   1.4000000e+00
   1.4000000e+00
   1.4000000e+00
   1.4000000e+00
   1.4000000e+00
   1.4000000e+00
   1.4000000e+00
   1.4000000e+00
   1.4000000e+00
   1.4000000e+00
   1.4000000e+00
   1.4000000e+00
   1.4000000e+00
   1.4000000e+00
   1.4000000e+00
   1.4000000e+00
   1.4000000e+00
   1.4000000e+00
   1.4000000e+00
   1.4000000e+00
   1.4000000e+00
   1.4000000e+00
   1.4000000e+00
   1.4000000e+00
   1.4000000e+00
   1.4000000e+00
   1.4000000e+00
   1.4000000e+00
   1.4000000e+00
   1.4000000e+00
   1.4000000e+00
   1.4000000e+00
   1.4000000e+00
   1.4000000e+00
   1.4000000e+00
   1.4000000e+00
   1.4000000e+00
   1.4000000e+00
   1.4000000e+00
   1.4000000e+00
   1.4000000e+00
   1.4000000e+00
   1.4000000e+00
   1.4000000e+00
   1.4000000e+00
   1.4000000e+00
   1.4000000e+00
   1.4000000e+00
   1.4000000e+00
   1.4000000e+00
   1.4000000e+00
   1.4000000e+00
   1.4000000e+00
   1.4000000e+00
   1.4000000e+00
   1.4000000e+00
   1.4000000e+00
   1.4000000e+00
   1.4000000e+00
   1.4000000e+00
   1.4000000e+00
   1.4000000e+00
   1.4000000e+00
   1.4000000e+00
   1.4000000e+00
   1.4000000e+00
   1.4000000e+00
   1.4000000e+00
   1.4000000e+00
   1.4000000e+00
   1.4000000e+00
   1.4000000e+00
   1.4000000e+00
   1.4000000e+00
   1.4000000e+00
   1.4000000e+00
   1.4000000e+00
   1.4000000e+00
   1.4000000e+00
   1.4000000e+00
   1.4000000e+00
   1.4000000e+00
   1.4000000e+00
   1.4000000e+00
   1.4000000e+00
   1.4000000e+00
   1.4000000e+00
   1.4000000e+00
   1.4000000e+00
   1.4000000e+00
   1.4000000e+00
   1.4000000e+00
   1.4000000e+00
   1.4000000e+00
   1.4000000e+00
   1.4000000e+00
   1.4000000e+00
   1.4000000e+00
   1.4000000e+00
   1.4000000e+00
   1.4000000e+00
   1.4000000e+00
   1.4000000e+00
   1.4000000e+00
   1.4000000e+00
   1.4000000e+00
   1.4000000e+00
   1.4000000e+00
   1.4000000e+00
   1.4000000e+00
   1.4000000e+00
   1.4000000e+00
   1.4000000e+00
   1.4000000e+00
   1.4000000e+00
   1.4000000e+00
   1.4000000e+00
   1.4000000e+00
   1.4000000e+00
   1.4000000e+00
   1.4000000e+00
   1.4000000e+00
   1.4000000e+00
   1.4000000e+00
   1.4000000e+00
   1.4000000e+00
   1.4000000e+00
   1.4000000e+00
   1.4000000e+00
   1.4000000e+00
   1.4000000e+00
   1.4000000e+00
   1.4000000e+00
   1.4000000e+00
   1.4000000e+00
   1.4000000e+00
   1.4000000e+00
   1.4000000e+00
   1.4000000e+00
   1.4000000e+00
   1.4000000e+00
   1.4000000e+00
   1.4000000e+00
   1.4000000e+00
   1.4000000e+00
   1.4000000e+00
   1.4000000e+00
   1.4000000e+00
   1.4000000e+00
   1.4000000e+00
   1.4000000e+00
   1.4000000e+00
   1.4000000e+00
   1.4000000e+00
   1.4000000e+00
   1.4000000e+00
   1.4000000e+00
   1.4000000e+00
   1.4000000e+00
   1.4000000e+00
   1.4000000e+00
   1.4000000e+00
   1.4000000e+00
   1.4000000e+00
   1.4000000e+00
   1.4000000e+00
   1.4000000e+00
   1.4000000e+00
   1.4000000e+00
   1.4000000e+00
   1.4000000e+00
   1.4000000e+00
   1.4000000e+00
   1.4000000e+00
   1.4000000e+00
   1.4000000e+00
   1.4000000e+00
   1.4000000e+00
   1.4000000e+00
   1.4000000e+00
   1.4000000e+00
   1.4000000e+00
   1.4000000e+00
   1.4000000e+00
   1.4000000e+00
   1.4000000e+00
   1.4000000e+00
   1.4000000e+00
   1.4000000e+00
   1.4000000e+00
   1.4000000e+00
   1.4000000e+00
   1.4000000e+00
   1.4000000e+00
   1.4000000e+00
   1.4000000e+00
   1.4000000e+00
   1.4000000e+00
   1.4000000e+00
   1.4000000e+00
   1.4000000e+00
   1.4000000e+00
   1.4000000e+00
   1.4000000e+00
   1.4000000e+00
   1.4000000e+00
   1.4000000e+00
   1.4000000e+00
   1.4000000e+00
   1.4000000e+00
   1.4000000e+00
   1.4000000e+00
   1.4000000e+00
   1.4000000e+00
   1.4000000e+00
   1.4000000e+00
   1.4000000e+00
   1.4000000e+00
   1.4000000e+00
   1.4000000e+00
   1.4000000e+00
   1.4000000e+00
   1.4000000e+00
   1.4000000e+00
   1.4000000e+00
   1.4000000e+00
   1.4000000e+00
   1.4000000e+00
   1.4000000e+00
   1.4000000e+00
   1.4000000e+00
   1.4000000e+00
   1.4000000e+00
   1.4000000e+00
   1.4000000e+00
   1.4000000e+00
   1.4000000e+00
   1.4000000e+00
   1.4000000e+00
   1.4000000e+00
   1.4000000e+00
   1.4000000e+00
   1.4000000e+00
   1.4000000e+00
   1.4000000e+00
   1.4000000e+00
   1.4000000e+00
   1.4000000e+00
   1.4000000e+00
   1.4000000e+00
   1.4000000e+00
   1.4000000e+00
   1.4000000e+00
   1.4000000e+00
   1.4000000e+00
   1.4000000e+00
   1.4000000e+00
   1.4000000e+00
   1.4000000e+00
   1.4000000e+00
   1.4000000e+00
   1.4000000e+00
   1.4000000e+00
   1.4000000e+00
   1.4000000e+00
   1.4000000e+00
   1.4000000e+00
   1.4000000e+00
   1.4000000e+00
   1.4000000e+00
   1.4000000e+00
   1.4000000e+00
   1.4000000e+00
   1.4000000e+00
   1.4000000e+00
   1.4000000e+00
   1.4000000e+00
   1.4000000e+00
   1.4000000e+00
   1.4000000e+00
   1.4000000e+00
   1.4000000e+00
   1.4000000e+00
   1.4000000e+00
   1.4000000e+00
   1.4000000e+00
   1.4000000e+00
   1.4000000e+00
   1.4000000e+00
   1.4000000e+00
   1.4000000e+00
   1.4000000e+00
   1.4000000e+00
   1.4000000e+00
   1.4000000e+00
   1.4000000e+00
   1.4000000e+00
   1.4000000e+00
   1.4000000e+00
   1.4000000e+00
   1.4000000e+00
   1.4000000e+00
   1.4000000e+00
   1.4000000e+00
   1.4000000e+00
   1.4000000e+00
   1.4000000e+00
   1.4000000e+00
   1.4000000e+00
   1.4000000e+00
   1.4000000e+00
   1.4000000e+00
   1.4000000e+00
   1.4000000e+00
   1.4000000e+00
   1.4000000e+00
   1.4000000e+00
   1.4000000e+00
   1.4000000e+00
   1.4000000e+00
   1.4000000e+00
   1.4000000e+00
   1.4000000e+00
   1.4000000e+00
   1.4000000e+00
   1.4000000e+00
   1.4000000e+00
   1.4000000e+00
   1.4000000e+00
   1.4000000e+00
   1.4000000e+00
   1.4000000e+00
   1.4000000e+00
   1.4000000e+00
   1.4000000e+00
   1.4000000e+00
   1.4000000e+00
   1.4000000e+00
   1.4000000e+00
   1.4000000e+00
   1.4000000e+00
   1.4000000e+00
   1.4000000e+00
   1.4000000e+00
   1.4000000e+00
   1.4000000e+00
   1.4000000e+00
   1.4000000e+00
   1.4000000e+00
   1.4000000e+00
   1.4000000e+00
   1.4000000e+00
   1.4000000e+00
   1.4000000e+00
   1.4000000e+00
   1.4000000e+00
   1.4000000e+00
   1.4000000e+00
   1.4000000e+00
   1.4000000e+00
   1.4000000e+00
   1.4000000e+00
   1.4000000e+00
   1.4000000e+00
   1.4000000e+00
   1.4000000e+00
   1.4000000e+00
   1.4000000e+00
   1.4000000e+00
   1.4000000e+00
   1.4000000e+00
   1.4000000e+00
   1.4000000e+00
   1.4000000e+00
   1.4000000e+00
   1.4000000e+00
   1.4000000e+00
   1.4000000e+00
   1.4000000e+00
   1.4000000e+00
   1.4000000e+00
   1.4000000e+00
   1.4000000e+00
   1.4000000e+00
   1.4000000e+00
   1.4000000e+00
   1.4000000e+00
   1.4000000e+00
   1.4000000e+00
   1.4000000e+00
   1.4000000e+00
   1.4000000e+00
   1.4000000e+00
   1.4000000e+00
   1.4000000e+00
   1.4000000e+00
   1.4000000e+00
   1.4000000e+00
   1.4000000e+00
   1.4000000e+00
   1.4000000e+00
   1.4000000e+00
   1.4000000e+00
   1.4000000e+00
   1.4000000e+00
   1.4000000e+00
   1.4000000e+00
   1.4000000e+00
   1.4000000e+00
   1.4000000e+00
   1.4000000e+00
   1.4000000e+00
   1.4000000e+00
   1.4000000e+00
   1.4000000e+00
   1.4000000e+00
   1.4000000e+00
   1.4000000e+00
   1.4000000e+00
   1.4000000e+00
   1.4000000e+00
   1.4000000e+00
   1.4000000e+00
   1.4000000e+00
   1.4000000e+00
   1.4000000e+00
   1.4000000e+00
   1.4000000e+00
   1.4000000e+00
   1.4000000e+00
   1.4000000e+00
   1.4000000e+00
   1.4000000e+00
   1.4000000e+00
   1.4000000e+00
   1.4000000e+00
   1.4000000e+00
   1.4000000e+00
   1.4000000e+00
   1.4000000e+00
   1.4000000e+00
   1.4000000e+00
   1.4000000e+00
   1.4000000e+00
   1.4000000e+00
   1.4000000e+00
   1.4000000e+00
   1.4000000e+00
   1.4000000e+00
   1.4000000e+00
   1.4000000e+00
   1.4000000e+00
   1.4000000e+00
   1.4000000e+00
   1.4000000e+00
   1.4000000e+00
   1.4000000e+00
   1.4000000e+00
   1.4000000e+00
   1.4000000e+00
   1.4000000e+00
   1.4000000e+00
   1.4000000e+00
   1.4000000e+00
   1.4000000e+00
   1.4000000e+00
   1.4000000e+00
   1.4000000e+00
   1.4000000e+00
   1.4000000e+00
   1.4000000e+00
   1.4000000e+00
   1.4000000e+00
   1.4000000e+00
   1.4000000e+00
   1.4000000e+00
   1.4000000e+00
   1.4000000e+00
   1.4000000e+00
   1.4000000e+00
   1.4000000e+00
   1.4000000e+00
   1.4000000e+00
   1.4000000e+00
   1.4000000e+00
   1.4000000e+00
   1.4000000e+00
   1.4000000e+00
   1.4000000e+00
   1.4000000e+00
   1.4000000e+00
   1.4000000e+00
   1.4000000e+00
   1.4000000e+00
   1.4000000e+00
   1.4000000e+00
   1.4000000e+00
   1.4000000e+00
   1.4000000e+00
   1.4000000e+00
   1.4000000e+00
   1.4000000e+00
   1.4000000e+00
   1.4000000e+00
   1.4000000e+00
   1.4000000e+00
   1.4000000e+00
   1.4000000e+00
   1.4000000e+00
   1.4000000e+00
   1.4000000e+00
   1.4000000e+00
   1.4000000e+00
   1.4000000e+00
   1.4000000e+00
   1.4000000e+00
   1.4000000e+00
   1.4000000e+00
   1.4000000e+00
   1.4000000e+00
   1.4000000e+00
   1.4000000e+00
   1.4000000e+00
   1.4000000e+00
   1.4000000e+00
   1.4000000e+00
   1.4000000e+00
   1.4000000e+00
   1.4000000e+00
   1.4000000e+00
   1.4000000e+00
   1.4000000e+00
   1.4000000e+00
   1.4000000e+00
   1.4000000e+00
   1.4000000e+00
   1.4000000e+00
   1.4000000e+00
   1.4000000e+00
   1.4000000e+00
   1.4000000e+00
   1.4000000e+00
   1.4000000e+00
   1.4000000e+00
   1.4000000e+00
   1.4000000e+00
   1.4000000e+00
   1.4000000e+00
   1.4000000e+00
   1.4000000e+00
   1.4000000e+00
   1.4000000e+00
   1.4000000e+00
   1.4000000e+00
   1.4000000e+00
   1.4000000e+00
   1.4000000e+00
   1.4000000e+00
   1.4000000e+00
   1.4000000e+00
   1.4000000e+00
   1.4000000e+00
   1.4000000e+00
   1.4000000e+00
   1.4000000e+00
   1.4000000e+00
   1.4000000e+00
   1.4000000e+00
   1.4000000e+00
   1.4000000e+00
   1.4000000e+00
   1.4000000e+00
   1.4000000e+00
   1.4000000e+00
   1.4000000e+00
   1.4000000e+00
   1.4000000e+00
   1.4000000e+00
   1.4000000e+00
   1.4000000e+00
   1.4000000e+00
   1.4000000e+00
   1.4000000e+00
   1.4000000e+00
   1.4000000e+00
   1.4000000e+00
   1.4000000e+00
   1.4000000e+00
   1.4000000e+00
   1.4000000e+00
   1.4000000e+00
   1.4000000e+00
   1.4000000e+00
   1.4000000e+00
   1.4000000e+00
   1.4000000e+00
   1.4000000e+00
   1.4000000e+00
   1.4000000e+00
   1.4000000e+00
   1.4000000e+00
   1.4000000e+00
   1.4000000e+00
   1.4000000e+00
   1.4000000e+00
   1.4000000e+00
   1.4000000e+00
   1.4000000e+00
   1.4000000e+00
   1.4000000e+00
   1.4000000e+00
   1.4000000e+00
   1.4000000e+00
   1.4000000e+00
   1.4000000e+00
   1.4000000e+00
   1.4000000e+00
   1.4000000e+00
   1.4000000e+00
   1.4000000e+00
   1.4000000e+00
   1.4000000e+00
   1.4000000e+00
   1.4000000e+00
   1.4000000e+00
   1.4000000e+00
   1.4000000e+00
   1.4000000e+00
   1.4000000e+00
   1.4000000e+00
   1.4000000e+00
   1.4000000e+00
   1.4000000e+00
   1.4000000e+00
   1.4000000e+00
   1.4000000e+00
   1.4000000e+00
   1.4000000e+00
   1.4000000e+00
   1.4000000e+00
   1.4000000e+00
   1.4000000e+00
   1.4000000e+00
   1.4000000e+00
   1.4000000e+00
   1.4000000e+00
   1.4000000e+00
   1.4000000e+00
   1.4000000e+00
   1.4000000e+00
   1.4000000e+00
   1.4000000e+00
   1.4000000e+00
   1.4000000e+00
   1.4000000e+00
   1.4000000e+00
   1.4000000e+00
   1.4000000e+00
   1.4000000e+00
   1.4000000e+00
   1.4000000e+00
   1.4000000e+00
   1.4000000e+00
   1.4000000e+00
   1.4000000e+00
   1.4000000e+00
   1.4000000e+00
   1.4000000e+00
   1.4000000e+00
   1.4000000e+00
   1.4000000e+00
   1.4000000e+00
   1.4000000e+00
   1.4000000e+00
   1.4000000e+00
   1.4000000e+00
   1.4000000e+00
   1.4000000e+00
   1.4000000e+00
   1.4000000e+00
   1.4000000e+00
   1.4000000e+00
   1.4000000e+00
   1.4000000e+00
   1.4000000e+00
   1.4000000e+00
   1.4000000e+00
   1.4000000e+00
   1.4000000e+00
   1.4000000e+00
   1.4000000e+00
   1.4000000e+00
   1.4000000e+00
   1.4000000e+00
   1.4000000e+00
   1.4000000e+00
   1.4000000e+00
   1.4000000e+00
   1.4000000e+00
   1.4000000e+00
   1.4000000e+00
   1.4000000e+00
   1.4000000e+00
   1.4000000e+00
   1.4000000e+00
   1.4000000e+00
   1.4000000e+00
   1.4000000e+00
   1.4000000e+00
   1.4000000e+00
   1.4000000e+00
   1.4000000e+00
   1.4000000e+00
   1.4000000e+00
   1.4000000e+00
   1.4000000e+00
   1.4000000e+00
   1.4000000e+00
   1.4000000e+00
   1.4000000e+00
   1.4000000e+00
   1.4000000e+00
   1.4000000e+00
   1.4000000e+00
   1.4000000e+00
   1.4000000e+00
   1.4000000e+00
   1.4000000e+00
   1.4000000e+00
   1.4000000e+00
   1.4000000e+00
   1.4000000e+00
   1.4000000e+00
   1.4000000e+00
   1.4000000e+00
   1.4000000e+00
   1.4000000e+00
   1.4000000e+00
   1.4000000e+00
   1.4000000e+00
   1.4000000e+00
   1.4000000e+00
   1.4000000e+00
   1.4000000e+00
   1.4000000e+00
   1.4000000e+00
   1.4000000e+00
   1.4000000e+00
   1.4000000e+00
   1.4000000e+00
   1.4000000e+00
   1.4000000e+00
   1.4000000e+00
   1.4000000e+00
   1.4000000e+00
   1.4000000e+00
   1.4000000e+00
   1.4000000e+00
   1.4000000e+00
   1.4000000e+00
   1.4000000e+00
   1.4000000e+00
   1.4000000e+00
   1.4000000e+00
   1.4000000e+00
   1.4000000e+00
   1.4000000e+00
   1.4000000e+00
   1.4000000e+00
   1.4000000e+00
   1.4000000e+00
   1.4000000e+00
   1.4000000e+00
   1.4000000e+00
   1.4000000e+00
   1.4000000e+00
   1.4000000e+00
   1.4000000e+00
   1.4000000e+00
   1.4000000e+00
   1.4000000e+00
   1.4000000e+00
   1.4000000e+00
   1.4000000e+00
   1.4000000e+00
   1.4000000e+00
   1.4000000e+00
   1.4000000e+00
   1.4000000e+00
   1.4000000e+00
   1.4000000e+00
   1.4000000e+00
   1.4000000e+00
   1.4000000e+00
   1.4000000e+00
   1.4000000e+00
   1.4000000e+00
   1.4000000e+00
   1.4000000e+00
   1.4000000e+00
   1.4000000e+00
   1.4000000e+00
   1.4000000e+00
   1.4000000e+00
   1.4000000e+00
   1.4000000e+00
   1.4000000e+00
   1.4000000e+00
   1.4000000e+00
   1.4000000e+00
   1.4000000e+00
   1.4000000e+00
   1.4000000e+00
   1.4000000e+00
   1.4000000e+00
   1.4000000e+00
   1.4000000e+00
   1.4000000e+00
   1.4000000e+00
   1.4000000e+00
   1.4000000e+00
   1.4000000e+00
   1.4000000e+00
   1.4000000e+00
   1.4000000e+00
   1.4000000e+00
   1.4000000e+00
   1.4000000e+00
   1.4000000e+00
   1.4000000e+00
   1.4000000e+00
   1.4000000e+00
   1.4000000e+00
   1.4000000e+00
   1.4000000e+00
   1.4000000e+00
   1.4000000e+00
   1.4000000e+00
   1.4000000e+00
   1.4000000e+00
   1.4000000e+00
   1.4000000e+00
   1.4000000e+00
   1.4000000e+00
   1.4000000e+00
   1.4000000e+00
   1.4000000e+00
   1.4000000e+00
   1.4000000e+00
   1.4000000e+00
   1.4000000e+00
   1.4000000e+00
   1.4000000e+00
   1.4000000e+00
   1.4000000e+00
   1.4000000e+00
   1.4000000e+00
   1.4000000e+00
   1.4000000e+00
   1.4000000e+00
   1.4000000e+00
   1.4000000e+00
   1.4000000e+00
   1.4000000e+00
   1.4000000e+00
   1.4000000e+00
   1.4000000e+00
   1.4000000e+00
   1.4000000e+00
   1.4000000e+00
   1.4000000e+00
   1.4000000e+00
   1.4000000e+00
   1.4000000e+00
   1.4000000e+00
   1.4000000e+00
   1.4000000e+00
   1.4000000e+00
   1.4000000e+00
   1.4000000e+00
   1.4000000e+00
   1.4000000e+00
   1.4000000e+00
   1.4000000e+00
   1.4000000e+00
   1.4000000e+00
   1.4000000e+00
   1.4000000e+00
   1.4000000e+00
   1.4000000e+00
   1.4000000e+00
   1.4000000e+00
   1.4000000e+00
   1.4000000e+00
   1.4000000e+00
   1.4000000e+00
   1.4000000e+00
   1.4000000e+00
   1.4000000e+00
   1.4000000e+00
   1.4000000e+00
   1.4000000e+00
   1.4000000e+00
   1.4000000e+00
   1.4000000e+00
   1.4000000e+00
   1.4000000e+00
   1.4000000e+00
   1.4000000e+00
   1.4000000e+00
   1.4000000e+00
   1.4000000e+00
   1.4000000e+00
   1.4000000e+00
   1.4000000e+00
   1.4000000e+00
   1.4000000e+00
   1.4000000e+00
   1.4000000e+00
   1.4000000e+00
   1.4000000e+00
   1.4000000e+00
   1.4000000e+00
   1.4000000e+00
   1.4000000e+00
   1.4000000e+00
   1.4000000e+00
   1.4000000e+00
   1.4000000e+00
   1.4000000e+00
   1.4000000e+00
   1.4000000e+00
   1.4000000e+00
   1.4000000e+00
   1.4000000e+00
   1.4000000e+00
   1.4000000e+00
   1.4000000e+00
   1.4000000e+00
   1.4000000e+00
   1.4000000e+00
   1.4000000e+00
   1.4000000e+00
   1.4000000e+00
   1.4000000e+00
   1.4000000e+00
   1.4000000e+00
   1.4000000e+00
   1.4000000e+00
   1.4000000e+00
   1.4000000e+00
   1.4000000e+00
   1.4000000e+00
   1.4000000e+00
   1.4000000e+00
   1.4000000e+00
   1.4000000e+00
   1.4000000e+00
   1.4000000e+00
   1.4000000e+00
   1.4000000e+00
   1.4000000e+00
   1.4000000e+00
   1.4000000e+00
   1.4000000e+00
   1.4000000e+00
   1.4000000e+00
   1.4000000e+00
   1.4000000e+00
   1.4000000e+00
   1.4000000e+00
   1.4000000e+00
   1.4000000e+00
   1.4000000e+00
   1.4000000e+00
   1.4000000e+00
   1.4000000e+00
   1.4000000e+00
   1.4000000e+00
   1.4000000e+00
   1.4000000e+00
   1.4000000e+00
   1.4000000e+00
   1.4000000e+00
   1.4000000e+00
   1.4000000e+00
   1.4000000e+00
   1.4000000e+00
   1.4000000e+00
   1.4000000e+00
   1.4000000e+00
   1.4000000e+00
   1.4000000e+00
   1.4000000e+00
   1.4000000e+00
   1.4000000e+00
   1.4000000e+00
   1.4000000e+00
   1.4000000e+00
   1.4000000e+00
   1.4000000e+00
   1.4000000e+00
   1.4000000e+00
   1.4000000e+00
   1.4000000e+00
   1.4000000e+00
   1.4000000e+00
   1.4000000e+00
   1.4000000e+00
   1.4000000e+00
   1.4000000e+00
   1.4000000e+00
   1.4000000e+00
   1.4000000e+00
   1.4000000e+00
   1.4000000e+00
   1.4000000e+00
   1.4000000e+00
   1.4000000e+00
   1.4000000e+00
   1.4000000e+00
   1.4000000e+00
   1.4000000e+00
   1.4000000e+00
   1.4000000e+00
   1.4000000e+00
   1.4000000e+00
   1.4000000e+00
   1.4000000e+00
   1.4000000e+00
   1.4000000e+00
   1.4000000e+00
   1.4000000e+00
   1.4000000e+00
   1.4000000e+00
   1.4000000e+00
   1.4000000e+00
   1.4000000e+00
   1.4000000e+00
   1.4000000e+00
   1.4000000e+00
   1.4000000e+00
   1.4000000e+00
   1.4000000e+00
   1.4000000e+00
   1.4000000e+00
   1.4000000e+00
   1.4000000e+00
   1.4000000e+00
   1.4000000e+00
   1.4000000e+00
   1.4000000e+00
   1.4000000e+00
   1.4000000e+00
   1.4000000e+00
   0.0000000e+00
   0.0000000e+00
   0.0000000e+00
   0.0000000e+00
   0.0000000e+00
   0.0000000e+00
   0.0000000e+00
   0.0000000e+00
   0.0000000e+00
   0.0000000e+00
   0.0000000e+00
   0.0000000e+00
   0.0000000e+00
   0.0000000e+00
   0.0000000e+00
   0.0000000e+00
   0.0000000e+00
   0.0000000e+00
   0.0000000e+00
   0.0000000e+00
   0.0000000e+00
   0.0000000e+00
   0.0000000e+00
   0.0000000e+00
   0.0000000e+00
   0.0000000e+00
   0.0000000e+00
   0.0000000e+00
   0.0000000e+00
   0.0000000e+00
   0.0000000e+00
   0.0000000e+00
   0.0000000e+00
   0.0000000e+00
   0.0000000e+00
   0.0000000e+00
   0.0000000e+00
   0.0000000e+00
   0.0000000e+00
   0.0000000e+00
   0.0000000e+00
   0.0000000e+00
   0.0000000e+00
   0.0000000e+00
   0.0000000e+00
   0.0000000e+00
   0.0000000e+00
   0.0000000e+00
   0.0000000e+00
   0.0000000e+00
   0.0000000e+00
   0.0000000e+00
   0.0000000e+00
   0.0000000e+00
   0.0000000e+00
   0.0000000e+00
   0.0000000e+00
   0.0000000e+00
   0.0000000e+00
   0.0000000e+00
   0.0000000e+00
   0.0000000e+00
   0.0000000e+00
   0.0000000e+00
   0.0000000e+00
   0.0000000e+00
   0.0000000e+00
   0.0000000e+00
   0.0000000e+00
   0.0000000e+00
   0.0000000e+00
   0.0000000e+00
   0.0000000e+00
   0.0000000e+00
   0.0000000e+00
   0.0000000e+00
   0.0000000e+00
   0.0000000e+00
   0.0000000e+00
   0.0000000e+00
   0.0000000e+00
   0.0000000e+00
   0.0000000e+00
   0.0000000e+00
   0.0000000e+00
   0.0000000e+00
   0.0000000e+00
   0.0000000e+00
   0.0000000e+00
   0.0000000e+00
   0.0000000e+00
   0.0000000e+00
   0.0000000e+00
   0.0000000e+00
   0.0000000e+00
   0.0000000e+00
   0.0000000e+00
   0.0000000e+00
   0.0000000e+00
   0.0000000e+00
   0.0000000e+00
   0.0000000e+00
   0.0000000e+00
   0.0000000e+00
   0.0000000e+00
   0.0000000e+00
   0.0000000e+00
   0.0000000e+00
   0.0000000e+00
   0.0000000e+00
   0.0000000e+00
   0.0000000e+00
   0.0000000e+00
   0.0000000e+00
   0.0000000e+00
   0.0000000e+00
   0.0000000e+00
   0.0000000e+00
   0.0000000e+00
   0.0000000e+00
   0.0000000e+00
   0.0000000e+00
   0.0000000e+00
   0.0000000e+00
   0.0000000e+00
   0.0000000e+00
   0.0000000e+00
   0.0000000e+00
   0.0000000e+00
   0.0000000e+00
   0.0000000e+00
   0.0000000e+00
   0.0000000e+00
   0.0000000e+00
   0.0000000e+00
   0.0000000e+00
   0.0000000e+00
   0.0000000e+00
   0.0000000e+00
   0.0000000e+00
   0.0000000e+00
   0.0000000e+00
   0.0000000e+00
   0.0000000e+00
   0.0000000e+00
   0.0000000e+00
   0.0000000e+00
   0.0000000e+00
   0.0000000e+00
   0.0000000e+00
   0.0000000e+00
   0.0000000e+00
   0.0000000e+00
   0.0000000e+00
   0.0000000e+00
   0.0000000e+00
   0.0000000e+00
   0.0000000e+00
   0.0000000e+00
   0.0000000e+00
   0.0000000e+00
   0.0000000e+00
   0.0000000e+00
   0.0000000e+00
   0.0000000e+00
   0.0000000e+00
   0.0000000e+00
   0.0000000e+00
   0.0000000e+00
   0.0000000e+00
   0.0000000e+00
   0.0000000e+00
   0.0000000e+00
   0.0000000e+00
   0.0000000e+00
   0.0000000e+00
   0.0000000e+00
   0.0000000e+00
   0.0000000e+00
   0.0000000e+00
   0.0000000e+00
   0.0000000e+00
   0.0000000e+00
   0.0000000e+00
   0.0000000e+00
   0.0000000e+00
   0.0000000e+00
   0.0000000e+00
   0.0000000e+00
   0.0000000e+00
   0.0000000e+00
   0.0000000e+00
   0.0000000e+00
   0.0000000e+00
   0.0000000e+00
   0.0000000e+00
   0.0000000e+00
   0.0000000e+00
   0.0000000e+00
   0.0000000e+00
   0.0000000e+00
   0.0000000e+00
   0.0000000e+00
   0.0000000e+00
   0.0000000e+00
   0.0000000e+00
   0.0000000e+00
   0.0000000e+00
   0.0000000e+00
   0.0000000e+00
   0.0000000e+00
   0.0000000e+00
   0.0000000e+00
   0.0000000e+00
   0.0000000e+00
   0.0000000e+00
   0.0000000e+00
   0.0000000e+00
   0.0000000e+00
   0.0000000e+00
   0.0000000e+00
   0.0000000e+00
   0.0000000e+00
   0.0000000e+00
   0.0000000e+00
   0.0000000e+00
   0.0000000e+00
   0.0000000e+00
   0.0000000e+00
   0.0000000e+00
   0.0000000e+00
   0.0000000e+00
   0.0000000e+00
   0.0000000e+00
   0.0000000e+00
   0.0000000e+00
   0.0000000e+00
   0.0000000e+00
   0.0000000e+00
   0.0000000e+00
   0.0000000e+00
   0.0000000e+00
   0.0000000e+00
   0.0000000e+00
   0.0000000e+00
   0.0000000e+00
   0.0000000e+00
   0.0000000e+00
   0.0000000e+00
   0.0000000e+00
   3.7448498e-03
   3.7711332e-03
   3.7975858e-03
   3.8242086e-03
   3.8510026e-03
   3.8779688e-03
   3.9051084e-03
   3.9324220e-03
   3.9599110e-03
   3.9875760e-03
   4.0154184e-03
   4.0434388e-03
   4.0716386e-03
   4.1000186e-03
   4.1285800e-03
   4.1573238e-03
   4.1862508e-03
   4.2153622e-03
   4.2446592e-03
   4.2741426e-03
   4.3038136e-03
   4.3336734e-03
   4.3637228e-03
   4.3939628e-03
   4.4243950e-03
   4.4550200e-03
   4.4858390e-03
   4.5168530e-03
   4.5480634e-03
   4.5794712e-03
   4.6110774e-03
   4.6428830e-03
   4.6748896e-03
   4.7070978e-03
   4.7395090e-03
   4.7721242e-03
   4.8049446e-03
   4.8379716e-03
   4.8712060e-03
   4.9046490e-03
   4.9383020e-03
   4.9721658e-03
   5.0062420e-03
   5.0405314e-03
   5.0750356e-03
   5.1097554e-03
   5.1446922e-03
   5.1798470e-03
   5.2152214e-03
   5.2508162e-03
   5.2866328e-03
   5.3226726e-03
   5.3589364e-03
   5.3954258e-03
   5.4321420e-03
   5.4690862e-03
   5.5062594e-03
   5.5436634e-03
   5.5812990e-03
   5.6191676e-03
   5.6572704e-03
   5.6956090e-03
   5.7341844e-03
   5.7729980e-03
   5.8120510e-03
   5.8513448e-03
   5.8908808e-03
   5.9306602e-03
   5.9706842e-03
   6.0109544e-03
   6.0514718e-03
   6.0922382e-03
   6.1332546e-03
   6.1745224e-03
   6.2160430e-03
   6.2578178e-03
   6.2998482e-03
   6.3421354e-03
   6.3846810e-03
   6.4274864e-03
   6.4705528e-03
   6.5138816e-03
   6.5574744e-03
   6.6013326e-03
   6.6454574e-03
   6.6898506e-03
   6.7345132e-03
   6.7794470e-03
   6.8246532e-03
   6.8701334e-03
   6.9158890e-03
   6.9619216e-03
   7.0082326e-03
   7.0548232e-03
   7.1016952e-03
   7.1488502e-03
   7.1962894e-03
   7.2440144e-03
   7.2920268e-03
   7.3403280e-03
   7.3889196e-03
   7.4378032e-03
   7.4869802e-03
   7.5364522e-03
   7.5862206e-03
   7.6362874e-03
   7.6866536e-03
   7.7373212e-03
   7.7882916e-03
   7.8395664e-03
   7.8911472e-03
   7.9430356e-03
   7.9952334e-03
   8.0477418e-03
   8.1005628e-03
   8.1536978e-03
   8.2071484e-03
   8.2609164e-03
   8.3150034e-03
   8.3694112e-03
   8.4241412e-03
   8.4791952e-03
   8.5345748e-03
   8.5902818e-03
   8.6463176e-03
   8.7026844e-03
   8.7593836e-03
   8.8164168e-03
   8.8737860e-03
   8.9314926e-03
   8.9895386e-03
   9.0479258e-03
   9.1066556e-03
   9.1657300e-03
   9.2251508e-03
   9.2849196e-03
   9.3450382e-03
   9.4055086e-03
   9.4663322e-03
   9.5275112e-03
   9.5890472e-03
   9.6509420e-03
   9.7131976e-03
   9.7758156e-03
   9.8387978e-03
   9.9021462e-03
   9.9658628e-03
   1.0029949e-02
   1.0094407e-02
   1.0159239e-02
   1.0224446e-02
   1.0290031e-02
   1.0355994e-02
   1.0422339e-02
   1.0489068e-02
   1.0556181e-02
   1.0623681e-02
   1.0691569e-02
   1.0759849e-02
   1.0828521e-02
   1.0897589e-02
   1.0967052e-02
   1.1036915e-02
   1.1107178e-02
   1.1177843e-02
   1.1248913e-02
   1.1320390e-02
   1.1392275e-02
   1.1464571e-02
   1.1537280e-02
   1.1610403e-02
   1.1683943e-02
   1.1757902e-02
   1.1832282e-02
   1.1907084e-02
   1.1982312e-02
   1.2057966e-02
   1.2134050e-02
   1.2210565e-02
   1.2287513e-02
   1.2364896e-02
   1.2442718e-02
   1.2520979e-02
   1.2599681e-02
   1.2678828e-02
   1.2758421e-02
   1.2838462e-02
   1.2918954e-02
   1.2999898e-02
   1.3081297e-02
   1.3163154e-02
   1.3245469e-02
   1.3328246e-02
   1.3411486e-02
   1.3495193e-02
   1.3579367e-02
   1.3664012e-02
   1.3749130e-02
   1.3834722e-02
   1.3920792e-02
   1.4007341e-02
   1.4094371e-02
   1.4181886e-02
   1.4269887e-02
   1.4358377e-02
   1.4447358e-02
   1.4536831e-02
   1.4626801e-02
   1.4717268e-02
   1.4808236e-02
   1.4899707e-02
   1.4991682e-02
   1.5084165e-02
   1.5177158e-02
   1.5270663e-02
   1.5364682e-02
   1.5459219e-02
   1.5554275e-02
   1.5649853e-02
   1.5745955e-02
   1.5842584e-02
   1.5939743e-02
   1.6037433e-02
   1.6135657e-02
   1.6234418e-02
   1.6333718e-02
   1.6433559e-02
   1.6533945e-02
   1.6634877e-02
   1.6736359e-02
   1.6838392e-02
   1.6940980e-02
   1.7044124e-02
   1.7147828e-02
   1.7252094e-02
   1.7356924e-02
   1.7462322e-02
   1.7568289e-02
   1.7674829e-02
   1.7781943e-02
   1.7889636e-02
   1.7997908e-02
   1.8106763e-02
   1.8216204e-02
   1.8326233e-02
   1.8436853e-02
   1.8548066e-02
   1.8659876e-02
   1.8772284e-02
   1.8885294e-02
   1.8998908e-02
   1.9113130e-02
   1.9227961e-02
   1.9343405e-02
   1.9459464e-02
   1.9576141e-02
   1.9693439e-02
   1.9811360e-02
   1.9929908e-02
   2.0049086e-02
   2.0168894e-02
   2.0289338e-02
   2.0410420e-02
   2.0532142e-02
   2.0654506e-02
   2.0777518e-02
   2.0901178e-02
   2.1025490e-02
   2.1150458e-02
   2.1276082e-02
   2.1402368e-02
   2.1529316e-02
   2.1656930e-02
   2.1785216e-02
   2.1914172e-02
   2.2043804e-02
   2.2174114e-02
   2.2305104e-02
   2.2436778e-02
   2.2569140e-02
   2.2702194e-02
   2.2835938e-02
   2.2970380e-02
   2.3105520e-02
   2.3241362e-02
   2.3377910e-02
   2.3515164e-02
   2.3653132e-02
   2.3791814e-02
   2.3931212e-02
   2.4071330e-02
   2.4212174e-02
   2.4353742e-02
   2.4496042e-02
   2.4639074e-02
   2.4782842e-02
   2.4927348e-02
   2.5072598e-02
   2.5218592e-02
   2.5365336e-02
   2.5512832e-02
   2.5661082e-02
   2.5810090e-02
   2.5959860e-02
   2.6110396e-02
   2.6261698e-02
   2.6413772e-02
   2.6566620e-02
   2.6720246e-02
   2.6874652e-02
   2.7029842e-02
   2.7185820e-02
   2.7342590e-02
   2.7500152e-02
   2.7658512e-02
   2.7817672e-02
   2.7977638e-02
   2.8138410e-02
   2.8299992e-02
   2.8462388e-02
   2.8625604e-02
   2.8789638e-02
   2.8954498e-02
   2.9120184e-02
   2.9286702e-02
   2.9454054e-02
   2.9622242e-02
   2.9791274e-02
   2.9961150e-02
   3.0131874e-02
   3.0303448e-02
   3.0475880e-02
   3.0649168e-02
   3.0823320e-02
   3.0998336e-02
   3.1174222e-02
   3.1350980e-02
   3.1528614e-02
   3.1707128e-02
   3.1886526e-02
   3.2066810e-02
   3.2247984e-02
   3.2430052e-02
   3.2613018e-02
   3.2796884e-02
   3.2981656e-02
   3.3167336e-02
   3.3353928e-02
   3.3541434e-02
   3.3729862e-02
   3.3919210e-02
   3.4109486e-02
   3.4300692e-02
   3.4492832e-02
   3.4685910e-02
   3.4879928e-02
   3.5074892e-02
   3.5270804e-02
   3.5467668e-02
   3.5665490e-02
   3.5864270e-02
   3.6064014e-02
   3.6264726e-02
   3.6466408e-02
   3.6669066e-02
   3.6872704e-02
   3.7077322e-02
   3.7282928e-02
   3.7489524e-02
   3.7697114e-02
   3.7905702e-02
   3.8115290e-02
   3.8325886e-02
   3.8537490e-02
   3.8750108e-02
   3.8963742e-02
   3.9178398e-02
   3.9394080e-02
   3.9610788e-02
   3.9828532e-02
   4.0047310e-02
   4.0267132e-02
   4.0487996e-02
   4.0709910e-02
   4.0932876e-02
   4.1156898e-02
   4.1381980e-02
   4.1608128e-02
   4.1835344e-02
   4.2063632e-02
   4.2292998e-02
   4.2523444e-02
   4.2754974e-02
   4.2987592e-02
   4.3221304e-02
   4.3456112e-02
   4.3692022e-02
   4.3929036e-02
   4.4167160e-02
   4.4406396e-02
   4.4646750e-02
   4.4888226e-02
   4.5130826e-02
   4.5374558e-02
   4.5619422e-02
   4.5865424e-02
   4.6112568e-02
   4.6360858e-02
   4.6610300e-02
   4.6860894e-02
   4.7112650e-02
   4.7365566e-02
   4.7619652e-02
   4.7874908e-02
   4.8131340e-02
   4.8388952e-02
   4.8647748e-02
   4.8907734e-02
   4.9168910e-02
   4.9431286e-02
   4.9694862e-02
   4.9959642e-02
   5.0225634e-02
   5.0492840e-02
   5.0761264e-02
   5.1030910e-02
   5.1301784e-02
   5.1573890e-02
   5.1847232e-02
   5.2121812e-02
   5.2397638e-02
   5.2674714e-02
   5.2953042e-02
   5.3232628e-02
   5.3513478e-02
   5.3795592e-02
   5.4078978e-02
   5.4363640e-02
   5.4649580e-02
   5.4936806e-02
   5.5225320e-02
   5.5515126e-02
   5.5806232e-02
   5.6098638e-02
   5.6392352e-02
   5.6687376e-02
   5.6983716e-02
   5.7281376e-02
   5.7580360e-02
   5.7880674e-02
   5.8182320e-02
   5.8485306e-02
   5.8789634e-02
   5.9095308e-02
   5.9402334e-02
   5.9710718e-02
   6.0020462e-02
   6.0331570e-02
   6.0644050e-02
   6.0957904e-02
   6.1273138e-02
   6.1589754e-02
   6.1907760e-02
   6.2227158e-02
   6.2547954e-02
   6.2870152e-02
   6.3193758e-02
   6.3518774e-02
   6.3845208e-02
   6.4173062e-02
   6.4502342e-02
   6.4833052e-02
   6.5165196e-02
   6.5498780e-02
   6.5833810e-02
   6.6170288e-02
   6.6508218e-02
   6.6847608e-02
   6.7188462e-02
   6.7530782e-02
   6.7874576e-02
   6.8219846e-02
   6.8566600e-02
   6.8914840e-02
   6.9264570e-02
   6.9615798e-02
   6.9968528e-02
   7.0322762e-02
   7.0678508e-02
   7.1035768e-02
   7.1394550e-02
   7.1754856e-02
   7.2116692e-02
   7.2480062e-02
   7.2844974e-02
   7.3211428e-02
   7.3579432e-02
   7.3948990e-02
   7.4320106e-02
   7.4692788e-02
   7.5067036e-02
   7.5442858e-02
   7.5820260e-02
   7.6199244e-02
   7.6579814e-02
   7.6961980e-02
   7.7345742e-02
   7.7731108e-02
   7.8118080e-02
   7.8506666e-02
   7.8896868e-02
   7.9288692e-02
   7.9682144e-02
   8.0077228e-02
   8.0473950e-02
   8.0872314e-02
   8.1272324e-02
   8.1673984e-02
   8.2077304e-02
   8.2482284e-02
   8.2888930e-02
   8.3297250e-02
   8.3707244e-02
   8.4118922e-02
   8.4532284e-02
   8.4947340e-02
   8.5364090e-02
   8.5782544e-02
   8.6202702e-02
   8.6624574e-02
   8.7048160e-02
   8.7473468e-02
   8.7900504e-02
   8.8329270e-02
   8.8759772e-02
   8.9192016e-02
   8.9626006e-02
   9.0061748e-02
   9.0499246e-02
   9.0938506e-02
   9.1379534e-02
   9.1822332e-02
   9.2266906e-02
   9.2713262e-02
   9.3161406e-02
   9.3611340e-02
   9.4063072e-02
   9.4516604e-02
   9.4971944e-02
   9.5429096e-02
   9.5888066e-02
   9.6348856e-02
   9.6811474e-02
   9.7275926e-02
   9.7742212e-02
   9.8210342e-02
   9.8680320e-02
   9.9152150e-02
   9.9625836e-02
   1.0010139e-01
   1.0057880e-01
   1.0105809e-01
   1.0153926e-01
   1.0202231e-01
   1.0250725e-01
   1.0299408e-01
   1.0348281e-01
   1.0397345e-01
   1.0446599e-01
   1.0496044e-01
   1.0545681e-01
   1.0595511e-01
   1.0645534e-01
   1.0695750e-01
   1.0746160e-01
   1.0796764e-01
   1.0847563e-01
   1.0898557e-01
   1.0949748e-01
   1.1001135e-01
   1.1052719e-01
   1.1104500e-01
   1.1156479e-01
   1.1208657e-01
   1.1261034e-01
   1.1313610e-01
   1.1366386e-01
   1.1419363e-01
   1.1472541e-01
   1.1525920e-01
   1.1579502e-01
   1.1633286e-01
   1.1687273e-01
   1.1741463e-01
   1.1795858e-01
   1.1850457e-01
   1.1905261e-01
   1.1960271e-01
   1.2015487e-01
   1.2070910e-01
   1.2126540e-01
   1.2182377e-01
   1.2238423e-01
   1.2294677e-01
   1.2351141e-01
   1.2407814e-01
   1.2464697e-01
   1.2521791e-01
   1.2579097e-01
   1.2636614e-01
   1.2694343e-01
   1.2752285e-01
   1.2810440e-01
   1.2868808e-01
   1.2927392e-01
   1.2986189e-01
   1.3045202e-01
   1.3104431e-01
   1.3163876e-01
   1.3223538e-01
   1.3283417e-01
   1.3343514e-01
   1.3403829e-01
   1.3464363e-01
   1.3525116e-01
   1.3586089e-01
   1.3647283e-01
   1.3708697e-01
   1.3770332e-01
   1.3832189e-01
   1.3894269e-01
   1.3956571e-01
   1.4019097e-01
   1.4081846e-01
   1.4144819e-01
   1.4208018e-01
   1.4271441e-01
   1.4335091e-01
   1.4398967e-01
   1.4463069e-01
   1.4527399e-01
   1.4591956e-01
   1.4656742e-01
   1.4721757e-01
   1.4787000e-01
   1.4852474e-01
   1.4918178e-01
   1.4984112e-01
   1.5050278e-01
   1.5116675e-01
   1.5183305e-01
   1.5250167e-01
   1.5317262e-01
   1.5384591e-01
   1.5452154e-01
   1.5519952e-01
   1.5587985e-01
   1.5656254e-01
   1.5724758e-01
   1.5793500e-01
   1.5862478e-01
   1.5931694e-01
   1.6001147e-01
   1.6070840e-01
   1.6140771e-01
   1.6210942e-01
   1.6281353e-01
   1.6352004e-01
   1.6422896e-01
   1.6494029e-01
   1.6565404e-01
   1.6637022e-01
   1.6708882e-01
   1.6780986e-01
   1.6853333e-01
   1.6925924e-01
   1.6998761e-01
   1.7071842e-01
   1.7145169e-01
   1.7218742e-01
   1.7292561e-01
   1.7366628e-01
   1.7440942e-01
   1.7515504e-01
   1.7590314e-01
   1.7665374e-01
   1.7740682e-01
   1.7816241e-01
   1.7892049e-01
   1.7968109e-01
   1.8044419e-01
   1.8120981e-01
   1.8197795e-01
   1.8274862e-01
   1.8352181e-01
   1.8429754e-01
   1.8507581e-01
   1.8585662e-01
   1.8663998e-01
   1.8742589e-01
   1.8821436e-01
   1.8900539e-01
   1.8979898e-01
   1.9059515e-01
   1.9139389e-01
   1.9219520e-01
   1.9299910e-01
   1.9380559e-01
   1.9461467e-01
   1.9542634e-01
   1.9624061e-01
   1.9705749e-01
   1.9787698e-01
   1.9869908e-01
   1.9952380e-01
   2.0035114e-01
   2.0118110e-01
   2.0201370e-01
   2.0284894e-01
   2.0368680e-01
   2.0452732e-01
   2.0537048e-01
   2.0621628e-01
   2.0706474e-01
   2.0791588e-01
   2.0876966e-01
   2.0962612e-01
   2.1048524e-01
   2.1134704e-01
   2.1221152e-01
   2.1307868e-01
   2.1394854e-01
   2.1482108e-01
   2.1569632e-01
   2.1657426e-01
   2.1745492e-01
   2.1833826e-01
   2.1922432e-01
   2.2011310e-01
   2.2100460e-01
   2.2189882e-01
   2.2279578e-01
   2.2369546e-01
   2.2459786e-01
   2.2550302e-01
   2.2641090e-01
   2.2732154e-01
   2.2823494e-01
   2.2915108e-01
   2.3006998e-01
   2.3099164e-01
   2.3191606e-01
   2.3284326e-01
   2.3377322e-01
   2.3470596e-01
   2.3564148e-01
   2.3657980e-01
   2.3752088e-01
   2.3846476e-01
   2.3941142e-01
   2.4036090e-01
   2.4131316e-01
   2.4226824e-01
   2.4322612e-01
   2.4418680e-01
   2.4515030e-01
   2.4611664e-01
   2.4708578e-01
   2.4805774e-01
   2.4903252e-01
   2.5001016e-01
   2.5099062e-01
   2.5197390e-01
   2.5296004e-01
   2.5394902e-01
   2.5494084e-01
   2.5593552e-01
   2.5693304e-01
   2.5793344e-01
   2.5893668e-01
   2.5994278e-01
   2.6095176e-01
   2.6196360e-01
   2.6297830e-01
   2.6399588e-01
   2.6501636e-01
   2.6603970e-01
   2.6706592e-01
   2.6809504e-01
   2.6912704e-01
   2.7016194e-01
   2.7119972e-01
   2.7224040e-01
   2.7328400e-01
   2.7433048e-01
   2.7537988e-01
   2.7643218e-01
   2.7748740e-01
   2.7854554e-01
   2.7960658e-01
   2.8067054e-01
   2.8173742e-01
   2.8280724e-01
   2.8387998e-01
   2.8495564e-01
   2.8603424e-01
   2.8711578e-01
   2.8820024e-01
   2.8928766e-01
   2.9037800e-01
   2.9147130e-01
   2.9256754e-01
   2.9366672e-01
   2.9476886e-01
   2.9587396e-01
   2.9698200e-01
   2.9809300e-01
   2.9920696e-01
   3.0032390e-01
   3.0144378e-01
   3.0256664e-01
   3.0369246e-01
   3.0482124e-01
   3.0595302e-01
   3.0708774e-01
   3.0822546e-01
   3.0936616e-01
   3.1050982e-01
   3.1165648e-01
   3.1280610e-01
   3.1395872e-01
   3.1511434e-01
   3.1627292e-01
   3.1743452e-01
   3.1859908e-01
   3.1976666e-01
   3.2093722e-01
   3.2211078e-01
   3.2328734e-01
   3.2446690e-01
   3.2564946e-01
   3.2683502e-01
   3.2802360e-01
   3.2921516e-01
   3.3040974e-01
   3.3160734e-01
   3.3280792e-01
   3.3401154e-01
   3.3521816e-01
   3.3642778e-01
   3.3764044e-01
   3.3885610e-01
   3.4007478e-01
   3.4129648e-01
   3.4252120e-01
   3.4374892e-01
   3.4497968e-01
   3.4621346e-01
   3.4745026e-01
   3.4869008e-01
   3.4993294e-01
   3.5117882e-01
   3.5242772e-01
   3.5367964e-01
   3.5493460e-01
   3.5619258e-01
   3.5745358e-01
   3.5871762e-01
   3.5998470e-01
   3.6125480e-01
   3.6252794e-01
   3.6380410e-01
   3.6508330e-01
   3.6636552e-01
   3.6765078e-01
   3.6893908e-01
   3.7023040e-01
   3.7152476e-01
   3.7282216e-01
   3.7412260e-01
   3.7542606e-01
   3.7673256e-01
   3.7804208e-01
   3.7935466e-01
   3.8067026e-01
   3.8198890e-01
   3.8331056e-01
   3.8463526e-01
   3.8596300e-01
   3.8729378e-01
   3.8862758e-01
   3.8996444e-01
   3.9130430e-01
   3.9264722e-01
   3.9399316e-01
   3.9534212e-01
   3.9669412e-01
   3.9804916e-01
   3.9940724e-01
   4.0076834e-01
   4.0213246e-01
   4.0349962e-01
   4.0486980e-01
   4.0624302e-01
   4.0761926e-01
   4.0899852e-01
   4.1038080e-01
   4.1176612e-01
   4.1315446e-01
   4.1454582e-01
   4.1594022e-01
   4.1733762e-01
   4.1873804e-01
   4.2014148e-01
   4.2154794e-01
   4.2295742e-01
   4.2436992e-01
   4.2578542e-01
   4.2720394e-01
   4.2862548e-01
   4.3005002e-01
   4.3147758e-01
   4.3290812e-01
   4.3434170e-01
   4.3577826e-01
   4.3721782e-01
   4.3866040e-01
   4.4010596e-01
   4.4155454e-01
   4.4300610e-01
   4.4446066e-01
   4.4591820e-01
   4.4737874e-01
   4.4884226e-01
   4.5030878e-01
   4.5177828e-01
   4.5325076e-01
   4.5472622e-01
   4.5620466e-01
   4.5768608e-01
   4.5917046e-01
   4.6065782e-01
   4.6214816e-01
   4.6364146e-01
   4.6513772e-01
   4.6663694e-01
   4.6813912e-01
   4.6964426e-01
   4.7115236e-01
   4.7266342e-01
   4.7417740e-01
   4.7569436e-01
   4.7721424e-01
   4.7873706e-01
   4.8026284e-01
   4.8179154e-01
   4.8332318e-01
   4.8485774e-01
   4.8639524e-01
   4.8793564e-01
   4.8947898e-01
   4.9102524e-01
   4.9257440e-01
   4.9412648e-01
   4.9568148e-01
   4.9723936e-01
   4.9880016e-01
   5.0036384e-01
   5.0193044e-01
   5.0349990e-01
   5.0507228e-01
   5.0664752e-01
   5.0822564e-01
   5.0980664e-01
   5.1139052e-01
   5.1297726e-01
   5.1456688e-01
   5.1615934e-01
   5.1775468e-01
   5.1935286e-01
   5.2095388e-01
   5.2255776e-01
   5.2416448e-01
   5.2577404e-01
   5.2738642e-01
   5.2900164e-01
   5.3061968e-01
   5.3224054e-01
   5.3386422e-01
   5.3549070e-01
   5.3712000e-01
   5.3875210e-01
   5.4038698e-01
   5.4202468e-01
   5.4366516e-01
   5.4530842e-01
   5.4695446e-01
   5.4860326e-01
   5.5025484e-01
   5.5190920e-01
   5.5356630e-01
   5.5522616e-01
   5.5688878e-01
   5.5855412e-01
   5.6022222e-01
   5.6189306e-01
   5.6356660e-01
   5.6524288e-01
   5.6692188e-01
   5.6860360e-01
   5.7028802e-01
   5.7197514e-01
   5.7366496e-01
   5.7535746e-01
   5.7705266e-01
   5.7875054e-01
   5.8045108e-01
   5.8215430e-01
   5.8386018e-01
   5.8556872e-01
   5.8727990e-01
   5.8899372e-01
   5.9071020e-01
   5.9242930e-01
   5.9415102e-01
   5.9587536e-01
   5.9760232e-01
   5.9933190e-01
   6.0106406e-01
   6.0279884e-01
   6.0453618e-01
   6.0627612e-01
   6.0801864e-01
   6.0976372e-01
   6.1151136e-01
   6.1326156e-01
   6.1501430e-01
   6.1676960e-01
   6.1852742e-01
   6.2028778e-01
   6.2205066e-01
   6.2381604e-01
   6.2558394e-01
   6.2735434e-01
   6.2912724e-01
   6.3090262e-01
   6.3268048e-01
   6.3446082e-01
   6.3624362e-01
   6.3802886e-01
   6.3981658e-01
   6.4160672e-01
   6.4339930e-01
   6.4519432e-01
   6.4699174e-01
   6.4879158e-01
   6.5059382e-01
   6.5239848e-01
   6.5420550e-01
   6.5601492e-01
   6.5782670e-01
   6.5964086e-01
   6.6145736e-01
   6.6327622e-01
   6.6509742e-01
   6.6692096e-01
   6.6874682e-01
   6.7057498e-01
   6.7240546e-01
   6.7423824e-01
   6.7607332e-01
   6.7791068e-01
   6.7975030e-01
   6.8159220e-01
   6.8343636e-01
   6.8528276e-01
   6.8713140e-01
   6.8898226e-01
   6.9083536e-01
   6.9269066e-01
   6.9454818e-01
   6.9640788e-01
   6.9826978e-01
   7.0013384e-01
   7.0200008e-01
   7.0386848e-01
   7.0573904e-01
   7.0761172e-01
   7.0948654e-01
   7.1136348e-01
   7.1324254e-01
   7.1512370e-01
   7.1700694e-01
   7.1889228e-01
   7.2077970e-01
   7.2266916e-01
   7.2456070e-01
   7.2645426e-01
   7.2834988e-01
   7.3024750e-01
   7.3214716e-01
   7.3404882e-01
   7.3595246e-01
   7.3785810e-01
   7.3976572e-01
   7.4167528e-01
   7.4358682e-01
   7.4550030e-01
   7.4741570e-01
   7.4933304e-01
   7.5125228e-01
   7.5317344e-01
   7.5509648e-01
   7.5702140e-01
   7.5894820e-01
   7.6087686e-01
   7.6280736e-01
   7.6473972e-01
   7.6667388e-01
   7.6860988e-01
   7.7054768e-01
   7.7248728e-01
   7.7442864e-01
   7.7637180e-01
   7.7831672e-01
   7.8026338e-01
   7.8221178e-01
   7.8416192e-01
   7.8611378e-01
   7.8806732e-01
   7.9002258e-01
   7.9197952e-01
   7.9393812e-01
   7.9589840e-01
   7.9786030e-01
   7.9982386e-01
   8.0178904e-01
   8.0375584e-01
   8.0572422e-01
   8.0769420e-01
   8.0966576e-01
   8.1163890e-01
   8.1361358e-01
   8.1558980e-01
   8.1756756e-01
   8.1954682e-01
   8.2152760e-01
   8.2350986e-01
   8.2549362e-01
   8.2747884e-01
   8.2946552e-01
   8.3145362e-01
   8.3344318e-01
   8.3543416e-01
   8.3742652e-01
   8.3942030e-01
   8.4141544e-01
   8.4341196e-01
   8.4540984e-01
   8.4740906e-01
   8.4940960e-01
   8.5141148e-01
   8.5341464e-01
   8.5541910e-01
   8.5742484e-01
   8.5943184e-01
   8.6144010e-01
   8.6344960e-01
   8.6546032e-01
   8.6747226e-01
   8.6948538e-01
   8.7149970e-01
   8.7351520e-01
   8.7553184e-01
   8.7754964e-01
   8.7956858e-01
   8.8158862e-01
   8.8360978e-01
   8.8563202e-01
   8.8765534e-01
   8.8967972e-01
   8.9170516e-01
   8.9373162e-01
   8.9575912e-01
   8.9778762e-01
   8.9981710e-01
   9.0184758e-01
   9.0387902e-01
   9.0591142e-01
   9.0794476e-01
   9.0997900e-01
   9.1201418e-01
   9.1405024e-01
   9.1608718e-01
   9.1812498e-01
   9.2016364e-01
   9.2220314e-01
   9.2424346e-01
   9.2628460e-01
   9.2832652e-01
   9.3036924e-01
   9.3241270e-01
   9.3445692e-01
   9.3650188e-01
   9.3854756e-01
   9.4059394e-01
   9.4264102e-01
   9.4468878e-01
   9.4673718e-01
   9.4878624e-01
   9.5083594e-01
   9.5288624e-01
   9.5493716e-01
   9.5698864e-01
   9.5904072e-01
   9.6109334e-01
   9.6314650e-01
   9.6520018e-01
   9.6725438e-01
   9.6930908e-01
   9.7136426e-01
   9.7341988e-01
   9.7547598e-01
   9.7753250e-01
   9.7958942e-01
   9.8164676e-01
   9.8370448e-01
   9.8576258e-01
   9.8782102e-01
   9.8987980e-01
   9.9193892e-01
   9.9399834e-01
   9.9605804e-01
   9.9811802e-01
   1.0001783e+00
   1.0022388e+00
   1.0042995e+00
   1.0063604e+00
   1.0084215e+00
   1.0104828e+00
   1.0125443e+00
   1.0146059e+00
   1.0166676e+00
   1.0187295e+00
   1.0207914e+00
   1.0228535e+00
   1.0249156e+00
   1.0269777e+00
   1.0290399e+00
   1.0311021e+00
   1.0331643e+00
   1.0352265e+00
   1.0372887e+00
   1.0393508e+00
   1.0414128e+00
   1.0434748e+00
   1.0455366e+00
   1.0475983e+00
   1.0496599e+00
   1.0517214e+00
   1.0537827e+00
   1.0558438e+00
   1.0579047e+00
   1.0599654e+00
   1.0620258e+00
   1.0640860e+00
   1.0661460e+00
   1.0682056e+00
   1.0702650e+00
   1.0723240e+00
   1.0743827e+00
   1.0764410e+00
   1.0784990e+00
   1.0805566e+00
   1.0826137e+00
   1.0846705e+00
   1.0867268e+00
   1.0887827e+00
   1.0908380e+00
   1.0928929e+00
   1.0949473e+00
   1.0970012e+00
   1.0990545e+00
   1.1011072e+00
   1.1031594e+00
   1.1052110e+00
   1.1072619e+00
   1.1093123e+00
   1.1113620e+00
   1.1134110e+00
   1.1154593e+00
   1.1175069e+00
   1.1195538e+00
   1.1216000e+00
   1.1236454e+00
   1.1256901e+00
   1.1277339e+00
   1.1297770e+00
   1.1318192e+00
   1.1338606e+00
   1.1359011e+00
   1.1379407e+00
   1.1399795e+00
   1.1420173e+00
   1.1440542e+00
   1.1460901e+00
   1.1481251e+00
   1.1501591e+00
   1.1521920e+00
   1.1542240e+00
   1.1562549e+00
   1.1582848e+00
   1.1603135e+00
   1.1623412e+00
   1.1643678e+00
   1.1663932e+00
   1.1684175e+00
   1.1704406e+00
   1.1724625e+00
   1.1744832e+00
   1.1765027e+00
   1.1785210e+00
   1.1805380e+00
   1.1825537e+00
   1.1845681e+00
   1.1865812e+00
   1.1885930e+00
   1.1906034e+00
   1.1926125e+00
   1.1946201e+00
   1.1966264e+00
   1.1986312e+00
   1.2006346e+00
   1.2026365e+00
   1.2046370e+00
   1.2066359e+00
   1.2086333e+00
   1.2106292e+00
   1.2126236e+00
   1.2146163e+00
   1.2166075e+00
   1.2185971e+00
   1.2205850e+00
   1.2225713e+00
   1.2245559e+00
   1.2265388e+00
   1.2285201e+00
   1.2304996e+00
   1.2324774e+00
   1.2344534e+00
   1.2364276e+00
   1.2384000e+00
   1.2403707e+00
   1.2423394e+00
   1.2443064e+00
   1.2462714e+00
   1.2482346e+00
   1.2501959e+00
   1.2521552e+00
   1.2541126e+00
   1.2560681e+00
   1.2580215e+00
   1.2599729e+00
   1.2619224e+00
   1.2638698e+00
   1.2658151e+00
   1.2677583e+00
   1.2696995e+00
   1.2716385e+00
   1.2735754e+00
   1.2755102e+00
   1.2774428e+00
   1.2793732e+00
   1.2813014e+00
   1.2832273e+00
   1.2851510e+00
   1.2870725e+00
   1.2889917e+00
   1.2909085e+00
   1.2928231e+00
   1.2947353e+00
   1.2966451e+00
   1.2985526e+00
   1.3004577e+00
   1.3023603e+00
   1.3042605e+00
   1.3061583e+00
   1.3080536e+00
   1.3099464e+00
   1.3118367e+00
   1.3137245e+00
   1.3156098e+00
   1.3174924e+00
   1.3193725e+00
   1.3212500e+00
   1.3231249e+00
   1.3249971e+00
   1.3268666e+00
   1.3287335e+00
   1.3305977e+00
   1.3324592e+00
   1.3343179e+00
   1.3361739e+00
   1.3380271e+00
   1.3398776e+00
   1.3417252e+00
   1.3435700e+00
   1.3454120e+00
   1.3472510e+00
   1.3490872e+00
   1.3509206e+00
   1.3527509e+00
   1.3545784e+00
   1.3564029e+00
   1.3582244e+00
   1.3600429e+00
   1.3618584e+00
   1.3636709e+00
   1.3654803e+00
   1.3672867e+00
   1.3690900e+00
   1.3708901e+00
   1.3726872e+00
   1.3744811e+00
   1.3762718e+00
   1.3780594e+00
   1.3798437e+00
   1.3816249e+00
   1.3834028e+00
   1.3851774e+00
   1.3869488e+00
   1.3887169e+00
   1.3904817e+00
   1.3922432e+00
   1.3940013e+00
   1.3957561e+00
   1.3975074e+00
   1.3992554e+00
   1.4010000e+00
   1.4027411e+00
   1.4044788e+00
   1.4062130e+00
   1.4079437e+00
   1.4096709e+00
   1.4113945e+00
   1.4131147e+00
   1.4148312e+00
   1.4165442e+00
   1.4182536e+00
   1.4199594e+00
   1.4216615e+00
   1.4233600e+00
   1.4250548e+00
   1.4267459e+00
   1.4284333e+00
   1.4301170e+00
   1.4317969e+00
   1.4334731e+00
   1.4351455e+00
   1.4368141e+00
   1.4384789e+00
   1.4401399e+00
   1.4417970e+00
   1.4434502e+00
   1.4450996e+00
   1.4467451e+00
   1.4483866e+00
   1.4500242e+00
   1.4516579e+00
   1.4532875e+00
   1.4549132e+00
   1.4565349e+00
   1.4581525e+00
   1.4597661e+00
   1.4613757e+00
   1.4629812e+00
   1.4645825e+00
   1.4661798e+00
   1.4677729e+00
   1.4693619e+00
   1.4709468e+00
   1.4725274e+00
   1.4741039e+00
   1.4756761e+00
   1.4772441e+00
   1.4788078e+00
   1.4803673e+00
   1.4819225e+00
   1.4834734e+00
   1.4850200e+00
   1.4865623e+00
   1.4881002e+00
   1.4896337e+00
   1.4911628e+00
   1.4926876e+00
   1.4942079e+00
   1.4957238e+00
   1.4972353e+00
   1.4987422e+00
   1.5002447e+00
   1.5017427e+00
   1.5032362e+00
   1.5047251e+00
   1.5062095e+00
   1.5076894e+00
   1.5091646e+00
   1.5106352e+00
   1.5121013e+00
   1.5135627e+00
   1.5150194e+00
   1.5164715e+00
   1.5179189e+00
   1.5193616e+00
   1.5207996e+00
   1.5222329e+00
   1.5236614e+00
   1.5250852e+00
   1.5265041e+00
   1.5279183e+00
   1.5293277e+00
   1.5307323e+00
   1.5321320e+00
   1.5335269e+00
   1.5349169e+00
   1.5363020e+00
   1.5376823e+00
   1.5390576e+00
   1.5404279e+00
   1.5417933e+00
   1.5431538e+00
   1.5445093e+00
   1.5458598e+00
   1.5472053e+00
   1.5485457e+00
   1.5498812e+00
   1.5512115e+00
   1.5525368e+00
   1.5538570e+00
   1.5551722e+00
   1.5564822e+00
   1.5577870e+00
   1.5590868e+00
   1.5603814e+00
   1.5616708e+00
   1.5629550e+00
   1.5642340e+00
   1.5655078e+00
   1.5667764e+00
   1.5680397e+00
   1.5692978e+00
   1.5705506e+00
   1.5717981e+00
   1.5730403e+00
   1.5742772e+00
   1.5755088e+00
   1.5767350e+00
   1.5779559e+00
   1.5791714e+00
   1.5803815e+00
   1.5815862e+00
   1.5827855e+00
   1.5839793e+00
   1.5851678e+00
   1.5863507e+00
   1.5875283e+00
   1.5887003e+00
   1.5898668e+00
   1.5910278e+00
   1.5921834e+00
   1.5933333e+00
   1.5944777e+00
   1.5956166e+00
   1.5967499e+00
   1.5978776e+00
   1.5989997e+00
   1.6001162e+00
   1.6012271e+00
   1.6023323e+00
   1.6034319e+00
   1.6045258e+00
   1.6056140e+00
   1.6066966e+00
   1.6077734e+00
   1.6088446e+00
   1.6099100e+00
   1.6109696e+00
   1.6120235e+00
   1.6130717e+00
   1.6141141e+00
   1.6151507e+00
   1.6161815e+00
   1.6172065e+00
   1.6182256e+00
   1.6192389e+00
   1.6202464e+00
   1.6212480e+00
   1.6222438e+00
   1.6232337e+00
   1.6242176e+00
   1.6251957e+00
   1.6261679e+00
   1.6271341e+00
   1.6280944e+00
   1.6290487e+00
   1.6299971e+00
   1.6309395e+00
   1.6318760e+00
   1.6328064e+00
   1.6337308e+00
   1.6346492e+00
   1.6355616e+00
   1.6364680e+00
   1.6373683e+00
   1.6382625e+00
   1.6391507e+00
   1.6400328e+00
   1.6409088e+00
   1.6417787e+00
   1.6426425e+00
   1.6435002e+00
   1.6443518e+00
   1.6451972e+00
   1.6460365e+00
   1.6468696e+00
   1.6476965e+00
   1.6485173e+00
   1.6493318e+00
   1.6501402e+00
   1.6509424e+00
   1.6517383e+00
   1.6525280e+00
   1.6533115e+00
   1.6540887e+00
   1.6548597e+00
   1.6556245e+00
   1.6563829e+00
   1.6571351e+00
   1.6578810e+00
   1.6586205e+00
   1.6593538e+00
   1.6600808e+00
   1.6608014e+00
   1.6615157e+00
   1.6622236e+00
   1.6629253e+00
   1.6636205e+00
   1.6643094e+00
   1.6649919e+00
   1.6656680e+00
   1.6663377e+00
   1.6670011e+00
   1.6676580e+00
   1.6683085e+00
   1.6689526e+00
   1.6695903e+00
   1.6702215e+00
   1.6708463e+00
   1.6714646e+00
   1.6720765e+00
   1.6726819e+00
   1.6732808e+00
   1.6738732e+00
   1.6744592e+00
   1.6750387e+00
   1.6756116e+00
   1.6761781e+00
   1.6767380e+00
   1.6772914e+00
   1.6778383e+00
   1.6783787e+00
   1.6789125e+00
   1.6794397e+00
   1.6799604e+00
   1.6804746e+00
   1.6809822e+00
   1.6814832e+00
   1.6819776e+00
   1.6824655e+00
   1.6829467e+00
   1.6834214e+00
   1.6838894e+00
   1.6843509e+00
   1.6848057e+00
   1.6852539e+00
   1.6856955e+00
   1.6861305e+00
   1.6865588e+00
   1.6869805e+00
   1.6873956e+00
   1.6878040e+00
   1.6882057e+00
   1.6886008e+00
   1.6889892e+00
   1.6893710e+00
   1.6897460e+00
   1.6901145e+00
   1.6904762e+00
   1.6908312e+00
   1.6911796e+00
   1.6915212e+00
   1.6918562e+00
   1.6921844e+00
   1.6925060e+00
   1.6928208e+00
   1.6931289e+00
   1.6934303e+00
   1.6937250e+00
   1.6940130e+00
   1.6942942e+00
   1.6945687e+00
   1.6948365e+00
   1.6950975e+00
   1.6953518e+00
   1.6955993e+00
   1.6958401e+00
   1.6960741e+00
   1.6963014e+00
   1.6965220e+00
   1.6967357e+00
   1.6969428e+00
   1.6971430e+00
   1.6973365e+00
   1.6975232e+00
   1.6977032e+00
   1.6978763e+00
   1.6980427e+00
   1.6982024e+00
   1.6983552e+00
   1.6985013e+00
   1.6986405e+00
   1.6987730e+00
   1.6988988e+00
   1.6990177e+00
   1.6991298e+00
   1.6992352e+00
   1.6993337e+00
   1.6994255e+00
   1.6995105e+00
   1.6995886e+00
   1.6996600e+00
   1.6997246e+00
   1.6997824e+00
   1.6998334e+00
   1.6998776e+00
   1.6999150e+00
   1.6999456e+00
   1.6999694e+00
   1.6999864e+00
   1.6999966e+00
   1.7000000e+00
   1.6999966e+00
   1.6999864e+00
   1.6999694e+00
   1.6999456e+00
   1.6999150e+00
   1.6998776e+00
   1.6998334e+00
   1.6997824e+00
   1.6997246e+00
   1.6996600e+00
   1.6995886e+00
   1.6995105e+00
   1.6994255e+00
   1.6993337e+00
   1.6992352e+00
   1.6991298e+00
   1.6990177e+00
   1.6988988e+00
   1.6987730e+00
   1.6986405e+00
   1.6985013e+00
   1.6983552e+00
   1.6982024e+00
   1.6980427e+00
   1.6978763e+00
   1.6977032e+00
   1.6975232e+00
   1.6973365e+00
   1.6971430e+00
   1.6969428e+00
   1.6967357e+00
   1.6965220e+00
   1.6963014e+00
   1.6960741e+00
   1.6958401e+00
   1.6955993e+00
   1.6953518e+00
   1.6950975e+00
   1.6948365e+00
   1.6945687e+00
   1.6942942e+00
   1.6940130e+00
   1.6937250e+00
   1.6934303e+00
   1.6931289e+00
   1.6928208e+00
   1.6925060e+00
   1.6921844e+00
   1.6918562e+00
   1.6915212e+00
   1.6911796e+00
   1.6908312e+00
   1.6904762e+00
   1.6901145e+00
   1.6897460e+00
   1.6893710e+00
   1.6889892e+00
   1.6886008e+00
   1.6882057e+00
   1.6878040e+00
   1.6873956e+00
   1.6869805e+00
   1.6865588e+00
   1.6861305e+00
   1.6856955e+00
   1.6852539e+00
   1.6848057e+00
   1.6843509e+00
   1.6838894e+00
   1.6834214e+00
   1.6829467e+00
   1.6824655e+00
   1.6819776e+00
   1.6814832e+00
   1.6809822e+00
   1.6804746e+00
   1.6799604e+00
   1.6794397e+00
   1.6789125e+00
   1.6783787e+00
   1.6778383e+00
   1.6772914e+00
   1.6767380e+00
   1.6761781e+00
   1.6756116e+00
   1.6750387e+00
   1.6744592e+00
   1.6738732e+00
   1.6732808e+00
   1.6726819e+00
   1.6720765e+00
   1.6714646e+00
   1.6708463e+00
   1.6702215e+00
   1.6695903e+00
   1.6689526e+00
   1.6683085e+00
   1.6676580e+00
   1.6670011e+00
   1.6663377e+00
   1.6656680e+00
   1.6649919e+00
   1.6643094e+00
   1.6636205e+00
   1.6629253e+00
   1.6622236e+00
   1.6615157e+00
   1.6608014e+00
   1.6600808e+00
   1.6593538e+00
   1.6586205e+00
   1.6578810e+00
   1.6571351e+00
   1.6563829e+00
   1.6556245e+00
   1.6548597e+00
   1.6540887e+00
   1.6533115e+00
   1.6525280e+00
   1.6517383e+00
   1.6509424e+00
   1.6501402e+00
   1.6493318e+00
   1.6485173e+00
   1.6476965e+00
   1.6468696e+00
   1.6460365e+00
   1.6451972e+00
   1.6443518e+00
   1.6435002e+00
   1.6426425e+00
   1.6417787e+00
   1.6409088e+00
   1.6400328e+00
   1.6391507e+00
   1.6382625e+00
   1.6373683e+00
   1.6364680e+00
   1.6355616e+00
   1.6346492e+00
   1.6337308e+00
   1.6328064e+00
   1.6318760e+00
   1.6309395e+00
   1.6299971e+00
   1.6290487e+00
   1.6280944e+00
   1.6271341e+00
   1.6261679e+00
   1.6251957e+00
   1.6242176e+00
   1.6232337e+00
   1.6222438e+00
   1.6212480e+00
   1.6202464e+00
   1.6192389e+00
   1.6182256e+00
   1.6172065e+00
   1.6161815e+00
   1.6151507e+00
   1.6141141e+00
   1.6130717e+00
   1.6120235e+00
   1.6109696e+00
   1.6099100e+00
   1.6088446e+00
   1.6077734e+00
   1.6066966e+00
   1.6056140e+00
   1.6045258e+00
   1.6034319e+00
   1.6023323e+00
   1.6012271e+00
   1.6001162e+00
   1.5989997e+00
   1.5978776e+00
   1.5967499e+00
   1.5956166e+00
   1.5944777e+00
   1.5933333e+00
   1.5921834e+00
   1.5910278e+00
   1.5898668e+00
   1.5887003e+00
   1.5875283e+00
   1.5863507e+00
   1.5851678e+00
   1.5839793e+00
   1.5827855e+00
   1.5815862e+00
   1.5803815e+00
   1.5791714e+00
   1.5779559e+00
   1.5767350e+00
   1.5755088e+00
   1.5742772e+00
   1.5730403e+00
   1.5717981e+00
   1.5705506e+00
   1.5692978e+00
   1.5680397e+00
   1.5667764e+00
   1.5655078e+00
   1.5642340e+00
   1.5629550e+00
   1.5616708e+00
   1.5603814e+00
   1.5590868e+00
   1.5577870e+00
   1.5564822e+00
   1.5551722e+00
   1.5538570e+00
   1.5525368e+00
   1.5512115e+00
   1.5498812e+00
   1.5485457e+00
   1.5472053e+00
   1.5458598e+00
   1.5445093e+00
   1.5431538e+00
   1.5417933e+00
   1.5404279e+00
   1.5390576e+00
   1.5376823e+00
   1.5363020e+00
   1.5349169e+00
   1.5335269e+00
   1.5321320e+00
   1.5307323e+00
   1.5293277e+00
   1.5279183e+00
   1.5265041e+00
   1.5250852e+00
   1.5236614e+00
   1.5222329e+00
   1.5207996e+00
   1.5193616e+00
   1.5179189e+00
   1.5164715e+00
   1.5150194e+00
   1.5135627e+00
   1.5121013e+00
   1.5106352e+00
   1.5091646e+00
   1.5076894e+00
   1.5062095e+00
   1.5047251e+00
   1.5032362e+00
   1.5017427e+00
   1.5002447e+00
   1.4987422e+00
   1.4972353e+00
   1.4957238e+00
   1.4942079e+00
   1.4926876e+00
   1.4911628e+00
   1.4896337e+00
   1.4881002e+00
   1.4865623e+00
   1.4850200e+00
   1.4834734e+00
   1.4819225e+00
   1.4803673e+00
   1.4788078e+00
   1.4772441e+00
   1.4756761e+00
   1.4741039e+00
   1.4725274e+00
   1.4709468e+00
   1.4693619e+00
   1.4677729e+00
   1.4661798e+00
   1.4645825e+00
   1.4629812e+00
   1.4613757e+00
   1.4597661e+00
   1.4581525e+00
   1.4565349e+00
   1.4549132e+00
   1.4532875e+00
   1.4516579e+00
   1.4500242e+00
   1.4483866e+00
   1.4467451e+00
   1.4450996e+00
   1.4434502e+00
   1.4417970e+00
   1.4401399e+00
   1.4384789e+00
   1.4368141e+00
   1.4351455e+00
   1.4334731e+00
   1.4317969e+00
   1.4301170e+00
   1.4284333e+00
   1.4267459e+00
   1.4250548e+00
   1.4233600e+00
   1.4216615e+00
   1.4199594e+00
   1.4182536e+00
   1.4165442e+00
   1.4148312e+00
   1.4131147e+00
   1.4113945e+00
   1.4096709e+00
   1.4079437e+00
   1.4062130e+00
   1.4044788e+00
   1.4027411e+00
   1.4010000e+00
   1.3992554e+00
   1.3975074e+00
   1.3957561e+00
   1.3940013e+00
   1.3922432e+00
   1.3904817e+00
   1.3887169e+00
   1.3869488e+00
   1.3851774e+00
   1.3834028e+00
   1.3816249e+00
   1.3798437e+00
   1.3780594e+00
   1.3762718e+00
   1.3744811e+00
   1.3726872e+00
   1.3708901e+00
   1.3690900e+00
   1.3672867e+00
   1.3654803e+00
   1.3636709e+00
   1.3618584e+00
   1.3600429e+00
   1.3582244e+00
   1.3564029e+00
   1.3545784e+00
   1.3527509e+00
   1.3509206e+00
   1.3490872e+00
   1.3472510e+00
   1.3454120e+00
   1.3435700e+00
   1.3417252e+00
   1.3398776e+00
   1.3380271e+00
   1.3361739e+00
   1.3343179e+00
   1.3324592e+00
   1.3305977e+00
   1.3287335e+00
   1.3268666e+00
   1.3249971e+00
   1.3231249e+00
   1.3212500e+00
   1.3193725e+00
   1.3174924e+00
   1.3156098e+00
   1.3137245e+00
   1.3118367e+00
   1.3099464e+00
   1.3080536e+00
   1.3061583e+00
   1.3042605e+00
   1.3023603e+00
   1.3004577e+00
   1.2985526e+00
   1.2966451e+00
   1.2947353e+00
   1.2928231e+00
   1.2909085e+00
   1.2889917e+00
   1.2870725e+00
   1.2851510e+00
   1.2832273e+00
   1.2813014e+00
   1.2793732e+00
   1.2774428e+00
   1.2755102e+00
   1.2735754e+00
   1.2716385e+00
   1.2696995e+00
   1.2677583e+00
   1.2658151e+00
   1.2638698e+00
   1.2619224e+00
   1.2599729e+00
   1.2580215e+00
   1.2560681e+00
   1.2541126e+00
   1.2521552e+00
   1.2501959e+00
   1.2482346e+00
   1.2462714e+00
   1.2443064e+00
   1.2423394e+00
   1.2403707e+00
   1.2384000e+00
   1.2364276e+00
   1.2344534e+00
   1.2324774e+00
   1.2304996e+00
   1.2285201e+00
   1.2265388e+00
   1.2245559e+00
   1.2225713e+00
   1.2205850e+00
   1.2185971e+00
   1.2166075e+00
   1.2146163e+00
   1.2126236e+00
   1.2106292e+00
   1.2086333e+00
   1.2066359e+00
   1.2046370e+00
   1.2026365e+00
   1.2006346e+00
   1.1986312e+00
   1.1966264e+00
   1.1946201e+00
   1.1926125e+00
   1.1906034e+00
   1.1885930e+00
   1.1865812e+00
   1.1845681e+00
   1.1825537e+00
   1.1805380e+00
   1.1785210e+00
   1.1765027e+00
   1.1744832e+00
   1.1724625e+00
   1.1704406e+00
   1.1684175e+00
   1.1663932e+00
   1.1643678e+00
   1.1623412e+00
   1.1603135e+00
   1.1582848e+00
   1.1562549e+00
   1.1542240e+00
   1.1521920e+00
   1.1501591e+00
   1.1481251e+00
   1.1460901e+00
   1.1440542e+00
   1.1420173e+00
   1.1399795e+00
   1.1379407e+00
   1.1359011e+00
   1.1338606e+00
   1.1318192e+00
   1.1297770e+00
   1.1277339e+00
   1.1256901e+00
   1.1236454e+00
   1.1216000e+00
   1.1195538e+00
   1.1175069e+00
   1.1154593e+00
   1.1134110e+00
   1.1113620e+00
   1.1093123e+00
   1.1072619e+00
   1.1052110e+00
   1.1031594e+00
   1.1011072e+00
   1.0990545e+00
   1.0970012e+00
   1.0949473e+00
   1.0928929e+00
   1.0908380e+00
   1.0887827e+00
   1.0867268e+00
   1.0846705e+00
   1.0826137e+00
   1.0805566e+00
   1.0784990e+00
   1.0764410e+00
   1.0743827e+00
   1.0723240e+00
   1.0702650e+00
   1.0682056e+00
   1.0661460e+00
   1.0640860e+00
   1.0620258e+00
   1.0599654e+00
   1.0579047e+00
   1.0558438e+00
   1.0537827e+00
   1.0517214e+00
   1.0496599e+00
   1.0475983e+00
   1.0455366e+00
   1.0434748e+00
   1.0414128e+00
   1.0393508e+00
   1.0372887e+00
   1.0352265e+00
   1.0331643e+00
   1.0311021e+00
   1.0290399e+00
   1.0269777e+00
   1.0249156e+00
   1.0228535e+00
   1.0207914e+00
   1.0187295e+00
   1.0166676e+00
   1.0146059e+00
   1.0125443e+00
   1.0104828e+00
   1.0084215e+00
   1.0063604e+00
   1.0042995e+00
   1.0022388e+00
   1.0001783e+00
   9.9811802e-01
   9.9605804e-01
   9.9399834e-01
   9.9193892e-01
   9.8987980e-01
   9.8782102e-01
   9.8576258e-01
   9.8370448e-01
   9.8164676e-01
   9.7958942e-01
   9.7753250e-01
   9.7547598e-01
   9.7341988e-01
   9.7136426e-01
   9.6930908e-01
   9.6725438e-01
   9.6520018e-01
   9.6314650e-01
   9.6109334e-01
   9.5904072e-01
   9.5698864e-01
   9.5493716e-01
   9.5288624e-01
   9.5083594e-01
   9.4878624e-01
   9.4673718e-01
   9.4468878e-01
   9.4264102e-01
   9.4059394e-01
   9.3854756e-01
   9.3650188e-01
   9.3445692e-01
   9.3241270e-01
   9.3036924e-01
   9.2832652e-01
   9.2628460e-01
   9.2424346e-01
   9.2220314e-01
   9.2016364e-01
   9.1812498e-01
   9.1608718e-01
   9.1405024e-01
   9.1201418e-01
   9.0997900e-01
   9.0794476e-01
   9.0591142e-01
   9.0387902e-01
   9.0184758e-01
   8.9981710e-01
   8.9778762e-01
   8.9575912e-01
   8.9373162e-01
   8.9170516e-01
   8.8967972e-01
   8.8765534e-01
   8.8563202e-01
   8.8360978e-01
   8.8158862e-01
   8.7956858e-01
   8.7754964e-01
   8.7553184e-01
   8.7351520e-01
   8.7149970e-01
   8.6948538e-01
   8.6747226e-01
   8.6546032e-01
   8.6344960e-01
   8.6144010e-01
   8.5943184e-01
   8.5742484e-01
   8.5541910e-01
   8.5341464e-01
   8.5141148e-01
   8.4940960e-01
   8.4740906e-01
   8.4540984e-01
   8.4341196e-01
   8.4141544e-01
   8.3942030e-01
   8.3742652e-01
   8.3543416e-01
   8.3344318e-01
   8.3145362e-01
   8.2946552e-01
   8.2747884e-01
   8.2549362e-01
   8.2350986e-01
   8.2152760e-01
   8.1954682e-01
   8.1756756e-01
   8.1558980e-01
   8.1361358e-01
   8.1163890e-01
   8.0966576e-01
   8.0769420e-01
   8.0572422e-01
   8.0375584e-01
   8.0178904e-01
   7.9982386e-01
   7.9786030e-01
   7.9589840e-01
   7.9393812e-01
   7.9197952e-01
   7.9002258e-01
   7.8806732e-01
   7.8611378e-01
   7.8416192e-01
   7.8221178e-01
   7.8026338e-01
   7.7831672e-01
   7.7637180e-01
   7.7442864e-01
   7.7248728e-01
   7.7054768e-01
   7.6860988e-01
   7.6667388e-01
   7.6473972e-01
   7.6280736e-01
   7.6087686e-01
   7.5894820e-01
   7.5702140e-01
   7.5509648e-01
   7.5317344e-01
   7.5125228e-01
   7.4933304e-01
   7.4741570e-01
   7.4550030e-01
   7.4358682e-01
   7.4167528e-01
   7.3976572e-01
   7.3785810e-01
   7.3595246e-01
   7.3404882e-01
   7.3214716e-01
   7.3024750e-01
   7.2834988e-01
   7.2645426e-01
   7.2456070e-01
   7.2266916e-01
   7.2077970e-01
   7.1889228e-01
   7.1700694e-01
   7.1512370e-01
   7.1324254e-01
   7.1136348e-01
   7.0948654e-01
   7.0761172e-01
   7.0573904e-01
   7.0386848e-01
   7.0200008e-01
   7.0013384e-01
   6.9826978e-01
   6.9640788e-01
   6.9454818e-01
   6.9269066e-01
   6.9083536e-01
   6.8898226e-01
   6.8713140e-01
   6.8528276e-01
   6.8343636e-01
   6.8159220e-01
   6.7975030e-01
   6.7791068e-01
   6.7607332e-01
   6.7423824e-01
   6.7240546e-01
   6.7057498e-01
   6.6874682e-01
   6.6692096e-01
   6.6509742e-01
   6.6327622e-01
   6.6145736e-01
   6.5964086e-01
   6.5782670e-01
   6.5601492e-01
   6.5420550e-01
   6.5239848e-01
   6.5059382e-01
   6.4879158e-01
   6.4699174e-01
   6.4519432e-01
   6.4339930e-01
   6.4160672e-01
   6.3981658e-01
   6.3802886e-01
   6.3624362e-01
   6.3446082e-01
   6.3268048e-01
   6.3090262e-01
   6.2912724e-01
   6.2735434e-01
   6.2558394e-01
   6.2381604e-01
   6.2205066e-01
   6.2028778e-01
   6.1852742e-01
   6.1676960e-01
   6.1501430e-01
   6.1326156e-01
   6.1151136e-01
   6.0976372e-01
   6.0801864e-01
   6.0627612e-01
   6.0453618e-01
   6.0279884e-01
   6.0106406e-01
   5.9933190e-01
   5.9760232e-01
   5.9587536e-01
   5.9415102e-01
   5.9242930e-01
   5.9071020e-01
   5.8899372e-01
   5.8727990e-01
   5.8556872e-01
   5.8386018e-01
   5.8215430e-01
   5.8045108e-01
   5.7875054e-01
   5.7705266e-01
   5.7535746e-01
   5.7366496e-01
   5.7197514e-01
   5.7028802e-01
   5.6860360e-01
   5.6692188e-01
   5.6524288e-01
   5.6356660e-01
   5.6189306e-01
   5.6022222e-01
   5.5855412e-01
   5.5688878e-01
   5.5522616e-01
   5.5356630e-01
   5.5190920e-01
   5.5025484e-01
   5.4860326e-01
   5.4695446e-01
   5.4530842e-01
   5.4366516e-01
   5.4202468e-01
   5.4038698e-01
   5.3875210e-01
   5.3712000e-01
   5.3549070e-01
   5.3386422e-01
   5.3224054e-01
   5.3061968e-01
   5.2900164e-01
   5.2738642e-01
   5.2577404e-01
   5.2416448e-01
   5.2255776e-01
   5.2095388e-01
   5.1935286e-01
   5.1775468e-01
   5.1615934e-01
   5.1456688e-01
   5.1297726e-01
   5.1139052e-01
   5.0980664e-01
   5.0822564e-01
   5.0664752e-01
   5.0507228e-01
   5.0349990e-01
   5.0193044e-01
   5.0036384e-01
   4.9880016e-01
   4.9723936e-01
   4.9568148e-01
   4.9412648e-01
   4.9257440e-01
   4.9102524e-01
   4.8947898e-01
   4.8793564e-01
   4.8639524e-01
   4.8485774e-01
   4.8332318e-01
   4.8179154e-01
   4.8026284e-01
   4.7873706e-01
   4.7721424e-01
   4.7569436e-01
   4.7417740e-01
   4.7266342e-01
   4.7115236e-01
   4.6964426e-01
   4.6813912e-01
   4.6663694e-01
   4.6513772e-01
   4.6364146e-01
   4.6214816e-01
   4.6065782e-01
   4.5917046e-01
   4.5768608e-01
   4.5620466e-01
   4.5472622e-01
   4.5325076e-01
   4.5177828e-01
   4.5030878e-01
   4.4884226e-01
   4.4737874e-01
   4.4591820e-01
   4.4446066e-01
   4.4300610e-01
   4.4155454e-01
   4.4010596e-01
   4.3866040e-01
   4.3721782e-01
   4.3577826e-01
   4.3434170e-01
   4.3290812e-01
   4.3147758e-01
   4.3005002e-01
   4.2862548e-01
   4.2720394e-01
   4.2578542e-01
   4.2436992e-01
   4.2295742e-01
   4.2154794e-01
   4.2014148e-01
   4.1873804e-01
   4.1733762e-01
   4.1594022e-01
   4.1454582e-01
   4.1315446e-01
   4.1176612e-01
   4.1038080e-01
   4.0899852e-01
   4.0761926e-01
   4.0624302e-01
   4.0486980e-01
   4.0349962e-01
   4.0213246e-01
   4.0076834e-01
   3.9940724e-01
   3.9804916e-01
   3.9669412e-01
   3.9534212e-01
   3.9399316e-01
   3.9264722e-01
   3.9130430e-01
   3.8996444e-01
   3.8862758e-01
   3.8729378e-01
   3.8596300e-01
   3.8463526e-01
   3.8331056e-01
   3.8198890e-01
   3.8067026e-01
   3.7935466e-01
   3.7804208e-01
   3.7673256e-01
   3.7542606e-01
   3.7412260e-01
   3.7282216e-01
   3.7152476e-01
   3.7023040e-01
   3.6893908e-01
   3.6765078e-01
   3.6636552e-01
   3.6508330e-01
   3.6380410e-01
   3.6252794e-01
   3.6125480e-01
   3.5998470e-01
   3.5871762e-01
   3.5745358e-01
   3.5619258e-01
   3.5493460e-01
   3.5367964e-01
   3.5242772e-01
   3.5117882e-01
   3.4993294e-01
   3.4869008e-01
   3.4745026e-01
   3.4621346e-01
   3.4497968e-01
   3.4374892e-01
   3.4252120e-01
   3.4129648e-01
   3.4007478e-01
   3.3885610e-01
   3.3764044e-01
   3.3642778e-01
   3.3521816e-01
   3.3401154e-01
   3.3280792e-01
   3.3160734e-01
   3.3040974e-01
   3.2921516e-01
   3.2802360e-01
   3.2683502e-01
   3.2564946e-01
   3.2446690e-01
   3.2328734e-01
   3.2211078e-01
   3.2093722e-01
   3.1976666e-01
   3.1859908e-01
   3.1743452e-01
   3.1627292e-01
   3.1511434e-01
   3.1395872e-01
   3.1280610e-01
   3.1165648e-01
   3.1050982e-01
   3.0936616e-01
   3.0822546e-01
   3.0708774e-01
   3.0595302e-01
   3.0482124e-01
   3.0369246e-01
   3.0256664e-01
   3.0144378e-01
   3.0032390e-01
   2.9920696e-01
   2.9809300e-01
   2.9698200e-01
   2.9587396e-01
   2.9476886e-01
   2.9366672e-01
   2.9256754e-01
   2.9147130e-01
   2.9037800e-01
   2.8928766e-01
   2.8820024e-01
   2.8711578e-01
   2.8603424e-01
   2.8495564e-01
   2.8387998e-01
   2.8280724e-01
   2.8173742e-01
   2.8067054e-01
   2.7960658e-01
   2.7854554e-01
   2.7748740e-01
   2.7643218e-01
   2.7537988e-01
   2.7433048e-01
   2.7328400e-01
   2.7224040e-01
   2.7119972e-01
   2.7016194e-01
   2.6912704e-01
   2.6809504e-01
   2.6706592e-01
   2.6603970e-01
   2.6501636e-01
   2.6399588e-01
   2.6297830e-01
   2.6196360e-01
   2.6095176e-01
   2.5994278e-01
   2.5893668e-01
   2.5793344e-01
   2.5693304e-01
   2.5593552e-01
   2.5494084e-01
   2.5394902e-01
   2.5296004e-01
   2.5197390e-01
   2.5099062e-01
   2.5001016e-01
   2.4903252e-01
   2.4805774e-01
   2.4708578e-01
   2.4611664e-01
   2.4515030e-01
   2.4418680e-01
   2.4322612e-01
   2.4226824e-01
   2.4131316e-01
   2.4036090e-01
   2.3941142e-01
   2.3846476e-01
   2.3752088e-01
   2.3657980e-01
   2.3564148e-01
   2.3470596e-01
   2.3377322e-01
   2.3284326e-01
   2.3191606e-01
   2.3099164e-01
   2.3006998e-01
   2.2915108e-01
   2.2823494e-01
   2.2732154e-01
   2.2641090e-01
   2.2550302e-01
   2.2459786e-01
   2.2369546e-01
   2.2279578e-01
   2.2189882e-01
   2.2100460e-01
   2.2011310e-01
   2.1922432e-01
   2.1833826e-01
   2.1745492e-01
   2.1657426e-01
   2.1569632e-01
   2.1482108e-01
   2.1394854e-01
   2.1307868e-01
   2.1221152e-01
   2.1134704e-01
   2.1048524e-01
   2.0962612e-01
   2.0876966e-01
   2.0791588e-01
   2.0706474e-01
   2.0621628e-01
   2.0537048e-01
   2.0452732e-01
   2.0368680e-01
   2.0284894e-01
   2.0201370e-01
   2.0118110e-01
   2.0035114e-01
   1.9952380e-01
   1.9869908e-01
   1.9787698e-01
   1.9705749e-01
   1.9624061e-01
   1.9542634e-01
   1.9461467e-01
   1.9380559e-01
   1.9299910e-01
   1.9219520e-01
   1.9139389e-01
   1.9059515e-01
   1.8979898e-01
   1.8900539e-01
   1.8821436e-01
   1.8742589e-01
   1.8663998e-01
   1.8585662e-01
   1.8507581e-01
   1.8429754e-01
   1.8352181e-01
   1.8274862e-01
   1.8197795e-01
   1.8120981e-01
   1.8044419e-01
   1.7968109e-01
   1.7892049e-01
   1.7816241e-01
   1.7740682e-01
   1.7665374e-01
   1.7590314e-01
   1.7515504e-01
   1.7440942e-01
   1.7366628e-01
   1.7292561e-01
   1.7218742e-01
   1.7145169e-01
   1.7071842e-01
   1.6998761e-01
   1.6925924e-01
   1.6853333e-01
   1.6780986e-01
   1.6708882e-01
   1.6637022e-01
   1.6565404e-01
   1.6494029e-01
   1.6422896e-01
   1.6352004e-01
   1.6281353e-01
   1.6210942e-01
   1.6140771e-01
   1.6070840e-01
   1.6001147e-01
   1.5931694e-01
   1.5862478e-01
   1.5793500e-01
   1.5724758e-01
   1.5656254e-01
   1.5587985e-01
   1.5519952e-01
   1.5452154e-01
   1.5384591e-01
   1.5317262e-01
   1.5250167e-01
   1.5183305e-01
   1.5116675e-01
   1.5050278e-01
   1.4984112e-01
   1.4918178e-01
   1.4852474e-01
   1.4787000e-01
   1.4721757e-01
   1.4656742e-01
   1.4591956e-01
   1.4527399e-01
   1.4463069e-01
   1.4398967e-01
   1.4335091e-01
   1.4271441e-01
   1.4208018e-01
   1.4144819e-01
   1.4081846e-01
   1.4019097e-01
   1.3956571e-01
   1.3894269e-01
   1.3832189e-01
   1.3770332e-01
   1.3708697e-01
   1.3647283e-01
   1.3586089e-01
   1.3525116e-01
   1.3464363e-01
   1.3403829e-01
   1.3343514e-01
   1.3283417e-01
   1.3223538e-01
   1.3163876e-01
   1.3104431e-01
   1.3045202e-01
   1.2986189e-01
   1.2927392e-01
   1.2868808e-01
   1.2810440e-01
   1.2752285e-01
   1.2694343e-01
   1.2636614e-01
   1.2579097e-01
   1.2521791e-01
   1.2464697e-01
   1.2407814e-01
   1.2351141e-01
   1.2294677e-01
   1.2238423e-01
   1.2182377e-01
   1.2126540e-01
   1.2070910e-01
   1.2015487e-01
   1.1960271e-01
   1.1905261e-01
   1.1850457e-01
   1.1795858e-01
   1.1741463e-01
   1.1687273e-01
   1.1633286e-01
   1.1579502e-01
   1.1525920e-01
   1.1472541e-01
   1.1419363e-01
   1.1366386e-01
   1.1313610e-01
   1.1261034e-01
   1.1208657e-01
   1.1156479e-01
   1.1104500e-01
   1.1052719e-01
   1.1001135e-01
   1.0949748e-01
   1.0898557e-01
   1.0847563e-01
   1.0796764e-01
   1.0746160e-01
   1.0695750e-01
   1.0645534e-01
   1.0595511e-01
   1.0545681e-01
   1.0496044e-01
   1.0446599e-01
   1.0397345e-01
   1.0348281e-01
   1.0299408e-01
   1.0250725e-01
   1.0202231e-01
   1.0153926e-01
   1.0105809e-01
   1.0057880e-01
   1.0010139e-01
   9.9625836e-02
   9.9152150e-02
   9.8680320e-02
   9.8210342e-02
   9.7742212e-02
   9.7275926e-02
   9.6811474e-02
   9.6348856e-02
   9.5888066e-02
   9.5429096e-02
   9.4971944e-02
   9.4516604e-02
   9.4063072e-02
   9.3611340e-02
   9.3161406e-02
   9.2713262e-02
   9.2266906e-02
   9.1822332e-02
   9.1379534e-02
   9.0938506e-02
   9.0499246e-02
   9.0061748e-02
   8.9626006e-02
   8.9192016e-02
   8.8759772e-02
   8.8329270e-02
   8.7900504e-02
   8.7473468e-02
   8.7048160e-02
   8.6624574e-02
   8.6202702e-02
   8.5782544e-02
   8.5364090e-02
   8.4947340e-02
   8.4532284e-02
   8.4118922e-02
   8.3707244e-02
   8.3297250e-02
   8.2888930e-02
   8.2482284e-02
   8.2077304e-02
   8.1673984e-02
   8.1272324e-02
   8.0872314e-02
   8.0473950e-02
   8.0077228e-02
   7.9682144e-02
   7.9288692e-02
   7.8896868e-02
   7.8506666e-02
   7.8118080e-02
   7.7731108e-02
   7.7345742e-02
   7.6961980e-02
   7.6579814e-02
   7.6199244e-02
   7.5820260e-02
   7.5442858e-02
   7.5067036e-02
   7.4692788e-02
   7.4320106e-02
   7.3948990e-02
   7.3579432e-02
   7.3211428e-02
   7.2844974e-02
   7.2480062e-02
   7.2116692e-02
   7.1754856e-02
   7.1394550e-02
   7.1035768e-02
   7.0678508e-02
   7.0322762e-02
   6.9968528e-02
   6.9615798e-02
   6.9264570e-02
   6.8914840e-02
   6.8566600e-02
   6.8219846e-02
   6.7874576e-02
   6.7530782e-02
   6.7188462e-02
   6.6847608e-02
   6.6508218e-02
   6.6170288e-02
   6.5833810e-02
   6.5498780e-02
   6.5165196e-02
   6.4833052e-02
   6.4502342e-02
   6.4173062e-02
   6.3845208e-02
   6.3518774e-02
   6.3193758e-02
   6.2870152e-02
   6.2547954e-02
   6.2227158e-02
   6.1907760e-02
   6.1589754e-02
   6.1273138e-02
   6.0957904e-02
   6.0644050e-02
   6.0331570e-02
   6.0020462e-02
   5.9710718e-02
   5.9402334e-02
   5.9095308e-02
   5.8789634e-02
   5.8485306e-02
   5.8182320e-02
   5.7880674e-02
   5.7580360e-02
   5.7281376e-02
   5.6983716e-02
   5.6687376e-02
   5.6392352e-02
   5.6098638e-02
   5.5806232e-02
   5.5515126e-02
   5.5225320e-02
   5.4936806e-02
   5.4649580e-02
   5.4363640e-02
   5.4078978e-02
   5.3795592e-02
   5.3513478e-02
   5.3232628e-02
   5.2953042e-02
   5.2674714e-02
   5.2397638e-02
   5.2121812e-02
   5.1847232e-02
   5.1573890e-02
   5.1301784e-02
   5.1030910e-02
   5.0761264e-02
   5.0492840e-02
   5.0225634e-02
   4.9959642e-02
   4.9694862e-02
   4.9431286e-02
   4.9168910e-02
   4.8907734e-02
   4.8647748e-02
   4.8388952e-02
   4.8131340e-02
   4.7874908e-02
   4.7619652e-02
   4.7365566e-02
   4.7112650e-02
   4.6860894e-02
   4.6610300e-02
   4.6360858e-02
   4.6112568e-02
   4.5865424e-02
   4.5619422e-02
   4.5374558e-02
   4.5130826e-02
   4.4888226e-02
   4.4646750e-02
   4.4406396e-02
   4.4167160e-02
   4.3929036e-02
   4.3692022e-02
   4.3456112e-02
   4.3221304e-02
   4.2987592e-02
   4.2754974e-02
   4.2523444e-02
   4.2292998e-02
   4.2063632e-02
   4.1835344e-02
   4.1608128e-02
   4.1381980e-02
   4.1156898e-02
   4.0932876e-02
   4.0709910e-02
   4.0487996e-02
   4.0267132e-02
   4.0047310e-02
   3.9828532e-02
   3.9610788e-02
   3.9394080e-02
   3.9178398e-02
   3.8963742e-02
   3.8750108e-02
   3.8537490e-02
   3.8325886e-02
   3.8115290e-02
   3.7905702e-02
   3.7697114e-02
   3.7489524e-02
   3.7282928e-02
   3.7077322e-02
   3.6872704e-02
   3.6669066e-02
   3.6466408e-02
   3.6264726e-02
   3.6064014e-02
   3.5864270e-02
   3.5665490e-02
   3.5467668e-02
   3.5270804e-02
   3.5074892e-02
   3.4879928e-02
   3.4685910e-02
   3.4492832e-02
   3.4300692e-02
   3.4109486e-02
   3.3919210e-02
   3.3729862e-02
   3.3541434e-02
   3.3353928e-02
   3.3167336e-02
   3.2981656e-02
   3.2796884e-02
   3.2613018e-02
   3.2430052e-02
   3.2247984e-02
   3.2066810e-02
   3.1886526e-02
   3.1707128e-02
   3.1528614e-02
   3.1350980e-02
   3.1174222e-02
   3.0998336e-02
   3.0823320e-02
   3.0649168e-02
   3.0475880e-02
   3.0303448e-02
   3.0131874e-02
   2.9961150e-02
   2.9791274e-02
   2.9622242e-02
   2.9454054e-02
   2.9286702e-02
   2.9120184e-02
   2.8954498e-02
   2.8789638e-02
   2.8625604e-02
   2.8462388e-02
   2.8299992e-02
   2.8138410e-02
   2.7977638e-02
   2.7817672e-02
   2.7658512e-02
   2.7500152e-02
   2.7342590e-02
   2.7185820e-02
   2.7029842e-02
   2.6874652e-02
   2.6720246e-02
   2.6566620e-02
   2.6413772e-02
   2.6261698e-02
   2.6110396e-02
   2.5959860e-02
   2.5810090e-02
   2.5661082e-02
   2.5512832e-02
   2.5365336e-02
   2.5218592e-02
   2.5072598e-02
   2.4927348e-02
   2.4782842e-02
   2.4639074e-02
   2.4496042e-02
   2.4353742e-02
   2.4212174e-02
   2.4071330e-02
   2.3931212e-02
   2.3791814e-02
   2.3653132e-02
   2.3515164e-02
   2.3377910e-02
   2.3241362e-02
   2.3105520e-02
   2.2970380e-02
   2.2835938e-02
   2.2702194e-02
   2.2569140e-02
   2.2436778e-02
   2.2305104e-02
   2.2174114e-02
   2.2043804e-02
   2.1914172e-02
   2.1785216e-02
   2.1656930e-02
   2.1529316e-02
   2.1402368e-02
   2.1276082e-02
   2.1150458e-02
   2.1025490e-02
   2.0901178e-02
   2.0777518e-02
   2.0654506e-02
   2.0532142e-02
   2.0410420e-02
   2.0289338e-02
   2.0168894e-02
   2.0049086e-02
   1.9929908e-02
   1.9811360e-02
   1.9693439e-02
   1.9576141e-02
   1.9459464e-02
   1.9343405e-02
   1.9227961e-02
   1.9113130e-02
   1.8998908e-02
   1.8885294e-02
   1.8772284e-02
   1.8659876e-02
   1.8548066e-02
   1.8436853e-02
   1.8326233e-02
   1.8216204e-02
   1.8106763e-02
   1.7997908e-02
   1.7889636e-02
   1.7781943e-02
   1.7674829e-02
   1.7568289e-02
   1.7462322e-02
   1.7356924e-02
   1.7252094e-02
   1.7147828e-02
   1.7044124e-02
   1.6940980e-02
   1.6838392e-02
   1.6736359e-02
   1.6634877e-02
   1.6533945e-02
   1.6433559e-02
   1.6333718e-02
   1.6234418e-02
   1.6135657e-02
   1.6037433e-02
   1.5939743e-02
   1.5842584e-02
   1.5745955e-02
   1.5649853e-02
   1.5554275e-02
   1.5459219e-02
   1.5364682e-02
   1.5270663e-02
   1.5177158e-02
   1.5084165e-02
   1.4991682e-02
   1.4899707e-02
   1.4808236e-02
   1.4717268e-02
   1.4626801e-02
   1.4536831e-02
   1.4447358e-02
   1.4358377e-02
   1.4269887e-02
   1.4181886e-02
   1.4094371e-02
   1.4007341e-02
   1.3920792e-02
   1.3834722e-02
   1.3749130e-02
   1.3664012e-02
   1.3579367e-02
   1.3495193e-02
   1.3411486e-02
   1.3328246e-02
   1.3245469e-02
   1.3163154e-02
   1.3081297e-02
   1.2999898e-02
   1.2918954e-02
   1.2838462e-02
   1.2758421e-02
   1.2678828e-02
   1.2599681e-02
   1.2520979e-02
   1.2442718e-02
   1.2364896e-02
   1.2287513e-02
   1.2210565e-02
   1.2134050e-02
   1.2057966e-02
   1.1982312e-02
   1.1907084e-02
   1.1832282e-02
   1.1757902e-02
   1.1683943e-02
   1.1610403e-02
   1.1537280e-02
   1.1464571e-02
   1.1392275e-02
   1.1320390e-02
   1.1248913e-02
   1.1177843e-02
   1.1107178e-02
   1.1036915e-02
   1.0967052e-02
   1.0897589e-02
   1.0828521e-02
   1.0759849e-02
   1.0691569e-02
   1.0623681e-02
   1.0556181e-02
   1.0489068e-02
   1.0422339e-02
   1.0355994e-02
   1.0290031e-02
   1.0224446e-02
   1.0159239e-02
   1.0094407e-02
   1.0029949e-02
   9.9658628e-03
   9.9021462e-03
   9.8387978e-03
   9.7758156e-03
   9.7131976e-03
   9.6509420e-03
   9.5890472e-03
   9.5275112e-03
   9.4663322e-03
   9.4055086e-03
   9.3450382e-03
   9.2849196e-03
   9.2251508e-03
   9.1657300e-03
   9.1066556e-03
   9.0479258e-03
   8.9895386e-03
   8.9314926e-03
   8.8737860e-03
   8.8164168e-03
   8.7593836e-03
   8.7026844e-03
   8.6463176e-03
   8.5902818e-03
   8.5345748e-03
   8.4791952e-03
   8.4241412e-03
   8.3694112e-03
   8.3150034e-03
   8.2609164e-03
   8.2071484e-03
   8.1536978e-03
   8.1005628e-03
   8.0477418e-03
   7.9952334e-03
   7.9430356e-03
   7.8911472e-03
   7.8395664e-03
   7.7882916e-03
   7.7373212e-03
   7.6866536e-03
   7.6362874e-03
   7.5862206e-03
   7.5364522e-03
   7.4869802e-03
   7.4378032e-03
   7.3889196e-03
   7.3403280e-03
   7.2920268e-03
   7.2440144e-03
   7.1962894e-03
   7.1488502e-03
   7.1016952e-03
   7.0548232e-03
   7.0082326e-03
   6.9619216e-03
   6.9158890e-03
   6.8701334e-03
   6.8246532e-03
   6.7794470e-03
   6.7345132e-03
   6.6898506e-03
   6.6454574e-03
   6.6013326e-03
   6.5574744e-03
   6.5138816e-03
   6.4705528e-03
   6.4274864e-03
   6.3846810e-03
   6.3421354e-03
   6.2998482e-03
   6.2578178e-03
   6.2160430e-03
   6.1745224e-03
   6.1332546e-03
   6.0922382e-03
   6.0514718e-03
   6.0109544e-03
   5.9706842e-03
   5.9306602e-03
   5.8908808e-03
   5.8513448e-03
   5.8120510e-03
   5.7729980e-03
   5.7341844e-03
   5.6956090e-03
   5.6572704e-03
   5.6191676e-03
   5.5812990e-03
   5.5436634e-03
   5.5062594e-03
   5.4690862e-03
   5.4321420e-03
   5.3954258e-03
   5.3589364e-03
   5.3226726e-03
   5.2866328e-03
   5.2508162e-03
   5.2152214e-03
   5.1798470e-03
   5.1446922e-03
   5.1097554e-03
   5.0750356e-03
   5.0405314e-03
   5.0062420e-03
   4.9721658e-03
   4.9383020e-03
   4.9046490e-03
   4.8712060e-03
   4.8379716e-03
   4.8049446e-03
   4.7721242e-03
   4.7395090e-03
   4.7070978e-03
   4.6748896e-03
   4.6428830e-03
   4.6110774e-03
   4.5794712e-03
   4.5480634e-03
   4.5168530e-03
   4.4858390e-03
   4.4550200e-03
   4.4243950e-03
   4.3939628e-03
   4.3637228e-03
   4.3336734e-03
   4.3038136e-03
   4.2741426e-03
   4.2446592e-03
   4.2153622e-03
   4.1862508e-03
   4.1573238e-03
   4.1285800e-03
   4.1000186e-03
   4.0716386e-03
   4.0434388e-03
   4.0154184e-03
   3.9875760e-03
   3.9599110e-03
   3.9324220e-03
   3.9051084e-03
   3.8779688e-03
   3.8510026e-03
   3.8242086e-03
   3.7975858e-03
   3.7711332e-03
   3.7448498e-03
   0.0000000e+00
   0.0000000e+00
   0.0000000e+00
   0.0000000e+00
   0.0000000e+00
   0.0000000e+00
   0.0000000e+00
   0.0000000e+00
   0.0000000e+00
   0.0000000e+00
   0.0000000e+00
   0.0000000e+00
   0.0000000e+00
   0.0000000e+00
   0.0000000e+00
   0.0000000e+00
   0.0000000e+00
   0.0000000e+00
   0.0000000e+00
   0.0000000e+00
   0.0000000e+00
   0.0000000e+00
   0.0000000e+00
   0.0000000e+00
   0.0000000e+00
   0.0000000e+00
   0.0000000e+00
   0.0000000e+00
   0.0000000e+00
   0.0000000e+00
   0.0000000e+00
   0.0000000e+00
   0.0000000e+00
   0.0000000e+00
   0.0000000e+00
   0.0000000e+00
   0.0000000e+00
   0.0000000e+00
   0.0000000e+00
   0.0000000e+00
   0.0000000e+00
   0.0000000e+00
   0.0000000e+00
   0.0000000e+00
   0.0000000e+00
   0.0000000e+00
   0.0000000e+00
   0.0000000e+00
   0.0000000e+00
   0.0000000e+00
   0.0000000e+00
   0.0000000e+00
   0.0000000e+00
   0.0000000e+00
   0.0000000e+00
   0.0000000e+00
   0.0000000e+00
   0.0000000e+00
   0.0000000e+00
   0.0000000e+00
   0.0000000e+00
   0.0000000e+00
   0.0000000e+00
   0.0000000e+00
   0.0000000e+00
   0.0000000e+00
   0.0000000e+00
   0.0000000e+00
   0.0000000e+00
   0.0000000e+00
   0.0000000e+00
   0.0000000e+00
   0.0000000e+00
   0.0000000e+00
   0.0000000e+00
   0.0000000e+00
   0.0000000e+00
   0.0000000e+00
   0.0000000e+00
   0.0000000e+00
   0.0000000e+00
   0.0000000e+00
   0.0000000e+00
   0.0000000e+00
   0.0000000e+00
   0.0000000e+00
   0.0000000e+00
   0.0000000e+00
   0.0000000e+00
   0.0000000e+00
   0.0000000e+00
   0.0000000e+00
   0.0000000e+00
   0.0000000e+00
   0.0000000e+00
   0.0000000e+00
   0.0000000e+00
   0.0000000e+00
   0.0000000e+00
   0.0000000e+00
   0.0000000e+00
   0.0000000e+00
   0.0000000e+00
   0.0000000e+00
   0.0000000e+00
   0.0000000e+00
   0.0000000e+00
   0.0000000e+00
   0.0000000e+00
   0.0000000e+00
   0.0000000e+00
   0.0000000e+00
   0.0000000e+00
   0.0000000e+00
   0.0000000e+00
   0.0000000e+00
   0.0000000e+00
   0.0000000e+00
   0.0000000e+00
   0.0000000e+00
   0.0000000e+00
   0.0000000e+00
   0.0000000e+00
   0.0000000e+00
   0.0000000e+00
   0.0000000e+00
   0.0000000e+00
   0.0000000e+00
   0.0000000e+00
   0.0000000e+00
   0.0000000e+00
   0.0000000e+00
   0.0000000e+00
   0.0000000e+00
   0.0000000e+00
   0.0000000e+00
   0.0000000e+00
   0.0000000e+00
   0.0000000e+00
   0.0000000e+00
   0.0000000e+00
   0.0000000e+00
   0.0000000e+00
   0.0000000e+00
   0.0000000e+00
   0.0000000e+00
   0.0000000e+00
   0.0000000e+00
   0.0000000e+00
   0.0000000e+00
   0.0000000e+00
   0.0000000e+00
   0.0000000e+00
   0.0000000e+00
   0.0000000e+00
   0.0000000e+00
   0.0000000e+00
   0.0000000e+00
   0.0000000e+00
   0.0000000e+00
   0.0000000e+00
   0.0000000e+00
   0.0000000e+00
   0.0000000e+00
   0.0000000e+00
   0.0000000e+00
   0.0000000e+00
   0.0000000e+00
   0.0000000e+00
   0.0000000e+00
   0.0000000e+00
   0.0000000e+00
   0.0000000e+00
   0.0000000e+00
   0.0000000e+00
   0.0000000e+00
   0.0000000e+00
   0.0000000e+00
   0.0000000e+00
   0.0000000e+00
   0.0000000e+00
   0.0000000e+00
   0.0000000e+00
   0.0000000e+00
   0.0000000e+00
   0.0000000e+00
   0.0000000e+00
   0.0000000e+00
   0.0000000e+00
   0.0000000e+00
   0.0000000e+00
   0.0000000e+00
   0.0000000e+00
   0.0000000e+00
   0.0000000e+00
   0.0000000e+00
   0.0000000e+00
   0.0000000e+00
   0.0000000e+00
   0.0000000e+00
   0.0000000e+00
   0.0000000e+00
   0.0000000e+00
   0.0000000e+00
   0.0000000e+00
   0.0000000e+00
   0.0000000e+00
   0.0000000e+00
   0.0000000e+00
   0.0000000e+00
   0.0000000e+00
   0.0000000e+00
   0.0000000e+00
   0.0000000e+00
   0.0000000e+00
   0.0000000e+00
   0.0000000e+00
   0.0000000e+00
   0.0000000e+00
   0.0000000e+00
   0.0000000e+00
   0.0000000e+00
   0.0000000e+00
   0.0000000e+00
   0.0000000e+00
   0.0000000e+00
   0.0000000e+00
   0.0000000e+00
   0.0000000e+00
   0.0000000e+00
   0.0000000e+00
   0.0000000e+00
   0.0000000e+00
   0.0000000e+00
   0.0000000e+00
   0.0000000e+00
   0.0000000e+00
   0.0000000e+00
   0.0000000e+00
   0.0000000e+00
   0.0000000e+00
   0.0000000e+00
   0.0000000e+00
   0.0000000e+00
   0.0000000e+00
   0.0000000e+00
   0.0000000e+00
   0.0000000e+00
   0.0000000e+00
   0.0000000e+00
   0.0000000e+00
   2.5333334e-03
   5.0666666e-03
   7.6000000e-03
   1.0133333e-02
   1.2666667e-02
   1.5200000e-02
   1.7733333e-02
   2.0266666e-02
   2.2800000e-02
   2.5333334e-02
   2.7866666e-02
   3.0400000e-02
   3.2933334e-02
   3.5466666e-02
   3.8000000e-02
   4.0533334e-02
   4.3066666e-02
   4.5600000e-02
   4.8133334e-02
   5.0666666e-02
   5.3200000e-02
   5.5733334e-02
   5.8266666e-02
   6.0800000e-02
   6.3333334e-02
   6.5866666e-02
   6.8400000e-02
   7.0933334e-02
   7.3466666e-02
   7.6000000e-02
   7.8533334e-02
   8.1066666e-02
   8.3600000e-02
   8.6133334e-02
   8.8666666e-02
   9.1200000e-02
   9.3733334e-02
   9.6266666e-02
   9.8800000e-02
   1.0133333e-01
   1.0386667e-01
   1.0640000e-01
   1.0893333e-01
   1.1146667e-01
   1.1400000e-01
   1.1653333e-01
   1.1906667e-01
   1.2160000e-01
   1.2413333e-01
   1.2666667e-01
   1.2920000e-01
   1.3173333e-01
   1.3426667e-01
   1.3680000e-01
   1.3933333e-01
   1.4186667e-01
   1.4440000e-01
   1.4693333e-01
   1.4946667e-01
   1.5200000e-01
   1.5453333e-01
   1.5706667e-01
   1.5960000e-01
   1.6213333e-01
   1.6466667e-01
   1.6720000e-01
   1.6973333e-01
   1.7226667e-01
   1.7480000e-01
   1.7733333e-01
   1.7986667e-01
   1.8240000e-01
   1.8493333e-01
   1.8746667e-01
   1.9000000e-01
   1.9253333e-01
   1.9506667e-01
   1.9760000e-01
   2.0013334e-01
   2.0266666e-01
   2.0520000e-01
   2.0773334e-01
   2.1026666e-01
   2.1280000e-01
   2.1533334e-01
   2.1786666e-01
   2.2040000e-01
   2.2293334e-01
   2.2546666e-01
   2.2800000e-01
   2.3053334e-01
   2.3306666e-01
   2.3560000e-01
   2.3813334e-01
   2.4066666e-01
   2.4320000e-01
   2.4573334e-01
   2.4826666e-01
   2.5080000e-01
   2.5333334e-01
   2.5586666e-01
   2.5840000e-01
   2.6093334e-01
   2.6346666e-01
   2.6600000e-01
   2.6853334e-01
   2.7106666e-01
   2.7360000e-01
   2.7613334e-01
   2.7866666e-01
   2.8120000e-01
   2.8373334e-01
   2.8626666e-01
   2.8880000e-01
   2.9133334e-01
   2.9386666e-01
   2.9640000e-01
   2.9893334e-01
   3.0146666e-01
   3.0400000e-01
   3.0653334e-01
   3.0906666e-01
   3.1160000e-01
   3.1413334e-01
   3.1666666e-01
   3.1920000e-01
   3.2173334e-01
   3.2426666e-01
   3.2680000e-01
   3.2933334e-01
   3.3186666e-01
   3.3440000e-01
   3.3693334e-01
   3.3946666e-01
   3.4200000e-01
   3.4453334e-01
   3.4706666e-01
   3.4960000e-01
   3.5213334e-01
   3.5466666e-01
   3.5720000e-01
   3.5973334e-01
   3.6226666e-01
   3.6480000e-01
   3.6733334e-01
   3.6986666e-01
   3.7240000e-01
   3.7493334e-01
   3.7746666e-01
   3.8000000e-01
   3.8253334e-01
   3.8506666e-01
   3.8760000e-01
   3.9013334e-01
   3.9266666e-01
   3.9520000e-01
   3.9773334e-01
   4.0026666e-01
   4.0280000e-01
   4.0533334e-01
   4.0786666e-01
   4.1040000e-01
   4.1293334e-01
   4.1546666e-01
   4.1800000e-01
   4.2053334e-01
   4.2306666e-01
   4.2560000e-01
   4.2813334e-01
   4.3066666e-01
   4.3320000e-01
   4.3573334e-01
   4.3826666e-01
   4.4080000e-01
   4.4333334e-01
   4.4586666e-01
   4.4840000e-01
   4.5093334e-01
   4.5346666e-01
   4.5600000e-01
   4.5853334e-01
   4.6106666e-01
   4.6360000e-01
   4.6613334e-01
   4.6866666e-01
   4.7120000e-01
   4.7373334e-01
   4.7626666e-01
   4.7880000e-01
   4.8133334e-01
   4.8386666e-01
   4.8640000e-01
   4.8893334e-01
   4.9146666e-01
   4.9400000e-01
   4.9653334e-01
   4.9906666e-01
   5.0160000e-01
   5.0413334e-01
   5.0666666e-01
   5.0920000e-01
   5.1173334e-01
   5.1426666e-01
   5.1680000e-01
   5.1933334e-01
   5.2186666e-01
   5.2440000e-01
   5.2693334e-01
   5.2946666e-01
   5.3200000e-01
   5.3453334e-01
   5.3706666e-01
   5.3960000e-01
   5.4213334e-01
   5.4466666e-01
   5.4720000e-01
   5.4973334e-01
   5.5226666e-01
   5.5480000e-01
   5.5733334e-01
   5.5986666e-01
   5.6240000e-01
   5.6493334e-01
   5.6746666e-01
   5.7000000e-01
   5.7253334e-01
   5.7506666e-01
   5.7760000e-01
   5.8013334e-01
   5.8266666e-01
   5.8520000e-01
   5.8773334e-01
   5.9026666e-01
   5.9280000e-01
   5.9533334e-01
   5.9786666e-01
   6.0040000e-01
   6.0293334e-01
   6.0546666e-01
   6.0800000e-01
   6.1053334e-01
   6.1306666e-01
   6.1560000e-01
   6.1813334e-01
   6.2066666e-01
   6.2320000e-01
   6.2573334e-01
   6.2826666e-01
   6.3080000e-01
   6.3333334e-01
   6.3586666e-01
   6.3840000e-01
   6.4093334e-01
   6.4346666e-01
   6.4600000e-01
   6.4853334e-01
   6.5106666e-01
   6.5360000e-01
   6.5613334e-01
   6.5866666e-01
   6.6120000e-01
   6.6373334e-01
   6.6626666e-01
   6.6880000e-01
   6.7133334e-01
   6.7386666e-01
   6.7640000e-01
   6.7893334e-01
   6.8146666e-01
   6.8400000e-01
   6.8653334e-01
   6.8906666e-01
   6.9160000e-01
   6.9413334e-01
   6.9666666e-01
   6.9920000e-01
   7.0173334e-01
   7.0426666e-01
   7.0680000e-01
   7.0933334e-01
   7.1186666e-01
   7.1440000e-01
   7.1693334e-01
   7.1946666e-01
   7.2200000e-01
   7.2453334e-01
   7.2706666e-01
   7.2960000e-01
   7.3213334e-01
   7.3466666e-01
   7.3720000e-01
   7.3973334e-01
   7.4226666e-01
   7.4480000e-01
   7.4733334e-01
   7.4986666e-01
   7.5240000e-01
   7.5493334e-01
   7.5746666e-01
   7.6000000e-01
   7.6253334e-01
   7.6506666e-01
   7.6760000e-01
   7.7013334e-01
   7.7266666e-01
   7.7520000e-01
   7.7773334e-01
   7.8026666e-01
   7.8280000e-01
   7.8533334e-01
   7.8786666e-01
   7.9040000e-01
   7.9293334e-01
   7.9546666e-01
   7.9800000e-01
   8.0053334e-01
   8.0306666e-01
   8.0560000e-01
   8.0813334e-01
   8.1066666e-01
   8.1320000e-01
   8.1573334e-01
   8.1826666e-01
   8.2080000e-01
   8.2333334e-01
   8.2586666e-01
   8.2840000e-01
   8.3093334e-01
   8.3346666e-01
   8.3600000e-01
   8.3853334e-01
   8.4106666e-01
   8.4360000e-01
   8.4613334e-01
   8.4866666e-01
   8.5120000e-01
   8.5373334e-01
   8.5626666e-01
   8.5880000e-01
   8.6133334e-01
   8.6386666e-01
   8.6640000e-01
   8.6893334e-01
   8.7146666e-01
   8.7400000e-01
   8.7653334e-01
   8.7906666e-01
   8.8160000e-01
   8.8413334e-01
   8.8666666e-01
   8.8920000e-01
   8.9173334e-01
   8.9426666e-01
   8.9680000e-01
   8.9933334e-01
   9.0186666e-01
   9.0440000e-01
   9.0693334e-01
   9.0946666e-01
   9.1200000e-01
   9.1453334e-01
   9.1706666e-01
   9.1960000e-01
   9.2213334e-01
   9.2466666e-01
   9.2720000e-01
   9.2973334e-01
   9.3226666e-01
   9.3480000e-01
   9.3733334e-01
   9.3986666e-01
   9.4240000e-01
   9.4493334e-01
   9.4746666e-01
   9.5000000e-01
   9.5253334e-01
   9.5506666e-01
   9.5760000e-01
   9.6013334e-01
   9.6266666e-01
   9.6520000e-01
   9.6773334e-01
   9.7026666e-01
   9.7280000e-01
   9.7533334e-01
   9.7786666e-01
   9.8040000e-01
   9.8293334e-01
   9.8546666e-01
   9.8800000e-01
   9.9053334e-01
   9.9306666e-01
   9.9560000e-01
   9.9813334e-01
   1.0006667e+00
   1.0032000e+00
   1.0057333e+00
   1.0082667e+00
   1.0108000e+00
   1.0133333e+00
   1.0158667e+00
   1.0184000e+00
   1.0209333e+00
   1.0234667e+00
   1.0260000e+00
   1.0285333e+00
   1.0310667e+00
   1.0336000e+00
   1.0361333e+00
   1.0386667e+00
   1.0412000e+00
   1.0437333e+00
   1.0462667e+00
   1.0488000e+00
   1.0513333e+00
   1.0538667e+00
   1.0564000e+00
   1.0589333e+00
   1.0614667e+00
   1.0640000e+00
   1.0665333e+00
   1.0690667e+00
   1.0716000e+00
   1.0741333e+00
   1.0766667e+00
   1.0792000e+00
   1.0817333e+00
   1.0842667e+00
   1.0868000e+00
   1.0893333e+00
   1.0918667e+00
   1.0944000e+00
   1.0969333e+00
   1.0994667e+00
   1.1020000e+00
   1.1045333e+00
   1.1070667e+00
   1.1096000e+00
   1.1121333e+00
   1.1146667e+00
   1.1172000e+00
   1.1197333e+00
   1.1222667e+00
   1.1248000e+00
   1.1273333e+00
   1.1298667e+00
   1.1324000e+00
   1.1349333e+00
   1.1374667e+00
   1.1400000e+00
   1.1425333e+00
   1.1450667e+00
   1.1476000e+00
   1.1501333e+00
   1.1526667e+00
   1.1552000e+00
   1.1577333e+00
   1.1602667e+00
   1.1628000e+00
   1.1653333e+00
   1.1678667e+00
   1.1704000e+00
   1.1729333e+00
   1.1754667e+00
   1.1780000e+00
   1.1805333e+00
   1.1830667e+00
   1.1856000e+00
   1.1881333e+00
   1.1906667e+00
   1.1932000e+00
   1.1957333e+00
   1.1982667e+00
   1.2008000e+00
   1.2033333e+00
   1.2058667e+00
   1.2084000e+00
   1.2109333e+00
   1.2134667e+00
   1.2160000e+00
   1.2185333e+00
   1.2210667e+00
   1.2236000e+00
   1.2261333e+00
   1.2286667e+00
   1.2312000e+00
   1.2337333e+00
   1.2362667e+00
   1.2388000e+00
   1.2413333e+00
   1.2438667e+00
   1.2464000e+00
   1.2489333e+00
   1.2514667e+00
   1.2540000e+00
   1.2565333e+00
   1.2590667e+00
   1.2616000e+00
   1.2641333e+00
   1.2666667e+00
   1.2692000e+00
   1.2717333e+00
   1.2742667e+00
   1.2768000e+00
   1.2793333e+00
   1.2818667e+00
   1.2844000e+00
   1.2869333e+00
   1.2894667e+00
   1.2920000e+00
   1.2945333e+00
   1.2970667e+00
   1.2996000e+00
   1.3021333e+00
   1.3046667e+00
   1.3072000e+00
   1.3097333e+00
   1.3122667e+00
   1.3148000e+00
   1.3173333e+00
   1.3198667e+00
   1.3224000e+00
   1.3249333e+00
   1.3274667e+00
   1.3300000e+00
   1.3325333e+00
   1.3350667e+00
   1.3376000e+00
   1.3401333e+00
   1.3426667e+00
   1.3452000e+00
   1.3477333e+00
   1.3502667e+00
   1.3528000e+00
   1.3553333e+00
   1.3578667e+00
   1.3604000e+00
   1.3629333e+00
   1.3654667e+00
   1.3680000e+00
   1.3705333e+00
   1.3730667e+00
   1.3756000e+00
   1.3781333e+00
   1.3806667e+00
   1.3832000e+00
   1.3857333e+00
   1.3882667e+00
   1.3908000e+00
   1.3933333e+00
   1.3958667e+00
   1.3984000e+00
   1.4009333e+00
   1.4034667e+00
   1.4060000e+00
   1.4085333e+00
   1.4110667e+00
   1.4136000e+00
   1.4161333e+00
   1.4186667e+00
   1.4212000e+00
   1.4237333e+00
   1.4262667e+00
   1.4288000e+00
   1.4313333e+00
   1.4338667e+00
   1.4364000e+00
   1.4389333e+00
   1.4414667e+00
   1.4440000e+00
   1.4465333e+00
   1.4490667e+00
   1.4516000e+00
   1.4541333e+00
   1.4566667e+00
   1.4592000e+00
   1.4617333e+00
   1.4642667e+00
   1.4668000e+00
   1.4693333e+00
   1.4718667e+00
   1.4744000e+00
   1.4769333e+00
   1.4794667e+00
   1.4820000e+00
   1.4845333e+00
   1.4870667e+00
   1.4896000e+00
   1.4921333e+00
   1.4946667e+00
   1.4972000e+00
   1.4997333e+00
   1.5022667e+00
   1.5048000e+00
   1.5073333e+00
   1.5098667e+00
   1.5124000e+00
   1.5149333e+00
   1.5174667e+00
   1.5200000e+00
   1.5225333e+00
   1.5250667e+00
   1.5276000e+00
   1.5301333e+00
   1.5326667e+00
   1.5352000e+00
   1.5377333e+00
   1.5402667e+00
   1.5428000e+00
   1.5453333e+00
   1.5478667e+00
   1.5504000e+00
   1.5529333e+00
   1.5554667e+00
   1.5580000e+00
   1.5605333e+00
   1.5630667e+00
   1.5656000e+00
   1.5681333e+00
   1.5706667e+00
   1.5732000e+00
   1.5757333e+00
   1.5782667e+00
   1.5808000e+00
   1.5833333e+00
   1.5858667e+00
   1.5884000e+00
   1.5909333e+00
   1.5934667e+00
   1.5960000e+00
   1.5985333e+00
   1.6010667e+00
   1.6036000e+00
   1.6061333e+00
   1.6086667e+00
   1.6112000e+00
   1.6137333e+00
   1.6162667e+00
   1.6188000e+00
   1.6213333e+00
   1.6238667e+00
   1.6264000e+00
   1.6289333e+00
   1.6314667e+00
   1.6340000e+00
   1.6365333e+00
   1.6390667e+00
   1.6416000e+00
   1.6441333e+00
   1.6466667e+00
   1.6492000e+00
   1.6517333e+00
   1.6542667e+00
   1.6568000e+00
   1.6593333e+00
   1.6618667e+00
   1.6644000e+00
   1.6669333e+00
   1.6694667e+00
   1.6720000e+00
   1.6745333e+00
   1.6770667e+00
   1.6796000e+00
   1.6821333e+00
   1.6846667e+00
   1.6872000e+00
   1.6897333e+00
   1.6922667e+00
   1.6948000e+00
   1.6973333e+00
   1.6998667e+00
   1.7024000e+00
   1.7049333e+00
   1.7074667e+00
   1.7100000e+00
   1.7125333e+00
   1.7150667e+00
   1.7176000e+00
   1.7201333e+00
   1.7226667e+00
   1.7252000e+00
   1.7277333e+00
   1.7302667e+00
   1.7328000e+00
   1.7353333e+00
   1.7378667e+00
   1.7404000e+00
   1.7429333e+00
   1.7454667e+00
   1.7480000e+00
   1.7505333e+00
   1.7530667e+00
   1.7556000e+00
   1.7581333e+00
   1.7606667e+00
   1.7632000e+00
   1.7657333e+00
   1.7682667e+00
   1.7708000e+00
   1.7733333e+00
   1.7758667e+00
   1.7784000e+00
   1.7809333e+00
   1.7834667e+00
   1.7860000e+00
   1.7885333e+00
   1.7910667e+00
   1.7936000e+00
   1.7961333e+00
   1.7986667e+00
   1.8012000e+00
   1.8037333e+00
   1.8062667e+00
   1.8088000e+00
   1.8113333e+00
   1.8138667e+00
   1.8164000e+00
   1.8189333e+00
   1.8214667e+00
   1.8240000e+00
   1.8265333e+00
   1.8290667e+00
   1.8316000e+00
   1.8341333e+00
   1.8366667e+00
   1.8392000e+00
   1.8417333e+00
   1.8442667e+00
   1.8468000e+00
   1.8493333e+00
   1.8518667e+00
   1.8544000e+00
   1.8569333e+00
   1.8594667e+00
   1.8620000e+00
   1.8645333e+00
   1.8670667e+00
   1.8696000e+00
   1.8721333e+00
   1.8746667e+00
   1.8772000e+00
   1.8797333e+00
   1.8822667e+00
   1.8848000e+00
   1.8873333e+00
   1.8898667e+00
   1.8924000e+00
   1.8949333e+00
   1.8974667e+00
   1.9000000e+00
   1.8974667e+00
   1.8949333e+00
   1.8924000e+00
   1.8898667e+00
   1.8873333e+00
   1.8848000e+00
   1.8822667e+00
   1.8797333e+00
   1.8772000e+00
   1.8746667e+00
   1.8721333e+00
   1.8696000e+00
   1.8670667e+00
   1.8645333e+00
   1.8620000e+00
   1.8594667e+00
   1.8569333e+00
   1.8544000e+00
   1.8518667e+00
   1.8493333e+00
   1.8468000e+00
   1.8442667e+00
   1.8417333e+00
   1.8392000e+00
   1.8366667e+00
   1.8341333e+00
   1.8316000e+00
   1.8290667e+00
   1.8265333e+00
   1.8240000e+00
   1.8214667e+00
   1.8189333e+00
   1.8164000e+00
   1.8138667e+00
   1.8113333e+00
   1.8088000e+00
   1.8062667e+00
   1.8037333e+00
   1.8012000e+00
   1.7986667e+00
   1.7961333e+00
   1.7936000e+00
   1.7910667e+00
   1.7885333e+00
   1.7860000e+00
   1.7834667e+00
   1.7809333e+00
   1.7784000e+00
   1.7758667e+00
   1.7733333e+00
   1.7708000e+00
   1.7682667e+00
   1.7657333e+00
   1.7632000e+00
   1.7606667e+00
   1.7581333e+00
   1.7556000e+00
   1.7530667e+00
   1.7505333e+00
   1.7480000e+00
   1.7454667e+00
   1.7429333e+00
   1.7404000e+00
   1.7378667e+00
   1.7353333e+00
   1.7328000e+00
   1.7302667e+00
   1.7277333e+00
   1.7252000e+00
   1.7226667e+00
   1.7201333e+00
   1.7176000e+00
   1.7150667e+00
   1.7125333e+00
   1.7100000e+00
   1.7074667e+00
   1.7049333e+00
   1.7024000e+00
   1.6998667e+00
   1.6973333e+00
   1.6948000e+00
   1.6922667e+00
   1.6897333e+00
   1.6872000e+00
   1.6846667e+00
   1.6821333e+00
   1.6796000e+00
   1.6770667e+00
   1.6745333e+00
   1.6720000e+00
   1.6694667e+00
   1.6669333e+00
   1.6644000e+00
   1.6618667e+00
   1.6593333e+00
   1.6568000e+00
   1.6542667e+00
   1.6517333e+00
   1.6492000e+00
   1.6466667e+00
   1.6441333e+00
   1.6416000e+00
   1.6390667e+00
   1.6365333e+00
   1.6340000e+00
   1.6314667e+00
   1.6289333e+00
   1.6264000e+00
   1.6238667e+00
   1.6213333e+00
   1.6188000e+00
   1.6162667e+00
   1.6137333e+00
   1.6112000e+00
   1.6086667e+00
   1.6061333e+00
   1.6036000e+00
   1.6010667e+00
   1.5985333e+00
   1.5960000e+00
   1.5934667e+00
   1.5909333e+00
   1.5884000e+00
   1.5858667e+00
   1.5833333e+00
   1.5808000e+00
   1.5782667e+00
   1.5757333e+00
   1.5732000e+00
   1.5706667e+00
   1.5681333e+00
   1.5656000e+00
   1.5630667e+00
   1.5605333e+00
   1.5580000e+00
   1.5554667e+00
   1.5529333e+00
   1.5504000e+00
   1.5478667e+00
   1.5453333e+00
   1.5428000e+00
   1.5402667e+00
   1.5377333e+00
   1.5352000e+00
   1.5326667e+00
   1.5301333e+00
   1.5276000e+00
   1.5250667e+00
   1.5225333e+00
   1.5200000e+00
   1.5174667e+00
   1.5149333e+00
   1.5124000e+00
   1.5098667e+00
   1.5073333e+00
   1.5048000e+00
   1.5022667e+00
   1.4997333e+00
   1.4972000e+00
   1.4946667e+00
   1.4921333e+00
   1.4896000e+00
   1.4870667e+00
   1.4845333e+00
   1.4820000e+00
   1.4794667e+00
   1.4769333e+00
   1.4744000e+00
   1.4718667e+00
   1.4693333e+00
   1.4668000e+00
   1.4642667e+00
   1.4617333e+00
   1.4592000e+00
   1.4566667e+00
   1.4541333e+00
   1.4516000e+00
   1.4490667e+00
   1.4465333e+00
   1.4440000e+00
   1.4414667e+00
   1.4389333e+00
   1.4364000e+00
   1.4338667e+00
   1.4313333e+00
   1.4288000e+00
   1.4262667e+00
   1.4237333e+00
   1.4212000e+00
   1.4186667e+00
   1.4161333e+00
   1.4136000e+00
   1.4110667e+00
   1.4085333e+00
   1.4060000e+00
   1.4034667e+00
   1.4009333e+00
   1.3984000e+00
   1.3958667e+00
   1.3933333e+00
   1.3908000e+00
   1.3882667e+00
   1.3857333e+00
   1.3832000e+00
   1.3806667e+00
   1.3781333e+00
   1.3756000e+00
   1.3730667e+00
   1.3705333e+00
   1.3680000e+00
   1.3654667e+00
   1.3629333e+00
   1.3604000e+00
   1.3578667e+00
   1.3553333e+00
   1.3528000e+00
   1.3502667e+00
   1.3477333e+00
   1.3452000e+00
   1.3426667e+00
   1.3401333e+00
   1.3376000e+00
   1.3350667e+00
   1.3325333e+00
   1.3300000e+00
   1.3274667e+00
   1.3249333e+00
   1.3224000e+00
   1.3198667e+00
   1.3173333e+00
   1.3148000e+00
   1.3122667e+00
   1.3097333e+00
   1.3072000e+00
   1.3046667e+00
   1.3021333e+00
   1.2996000e+00
   1.2970667e+00
   1.2945333e+00
   1.2920000e+00
   1.2894667e+00
   1.2869333e+00
   1.2844000e+00
   1.2818667e+00
   1.2793333e+00
   1.2768000e+00
   1.2742667e+00
   1.2717333e+00
   1.2692000e+00
   1.2666667e+00
   1.2641333e+00
   1.2616000e+00
   1.2590667e+00
   1.2565333e+00
   1.2540000e+00
   1.2514667e+00
   1.2489333e+00
   1.2464000e+00
   1.2438667e+00
   1.2413333e+00
   1.2388000e+00
   1.2362667e+00
   1.2337333e+00
   1.2312000e+00
   1.2286667e+00
   1.2261333e+00
   1.2236000e+00
   1.2210667e+00
   1.2185333e+00
   1.2160000e+00
   1.2134667e+00
   1.2109333e+00
   1.2084000e+00
   1.2058667e+00
   1.2033333e+00
   1.2008000e+00
   1.1982667e+00
   1.1957333e+00
   1.1932000e+00
   1.1906667e+00
   1.1881333e+00
   1.1856000e+00
   1.1830667e+00
   1.1805333e+00
   1.1780000e+00
   1.1754667e+00
   1.1729333e+00
   1.1704000e+00
   1.1678667e+00
   1.1653333e+00
   1.1628000e+00
   1.1602667e+00
   1.1577333e+00
   1.1552000e+00
   1.1526667e+00
   1.1501333e+00
   1.1476000e+00
   1.1450667e+00
   1.1425333e+00
   1.1400000e+00
   1.1374667e+00
   1.1349333e+00
   1.1324000e+00
   1.1298667e+00
   1.1273333e+00
   1.1248000e+00
   1.1222667e+00
   1.1197333e+00
   1.1172000e+00
   1.1146667e+00
   1.1121333e+00
   1.1096000e+00
   1.1070667e+00
   1.1045333e+00
   1.1020000e+00
   1.0994667e+00
   1.0969333e+00
   1.0944000e+00
   1.0918667e+00
   1.0893333e+00
   1.0868000e+00
   1.0842667e+00
   1.0817333e+00
   1.0792000e+00
   1.0766667e+00
   1.0741333e+00
   1.0716000e+00
   1.0690667e+00
   1.0665333e+00
   1.0640000e+00
   1.0614667e+00
   1.0589333e+00
   1.0564000e+00
   1.0538667e+00
   1.0513333e+00
   1.0488000e+00
   1.0462667e+00
   1.0437333e+00
   1.0412000e+00
   1.0386667e+00
   1.0361333e+00
   1.0336000e+00
   1.0310667e+00
   1.0285333e+00
   1.0260000e+00
   1.0234667e+00
   1.0209333e+00
   1.0184000e+00
   1.0158667e+00
   1.0133333e+00
   1.0108000e+00
   1.0082667e+00
   1.0057333e+00
   1.0032000e+00
   1.0006667e+00
   9.9813334e-01
   9.9560000e-01
   9.9306666e-01
   9.9053334e-01
   9.8800000e-01
   9.8546666e-01
   9.8293334e-01
   9.8040000e-01
   9.7786666e-01
   9.7533334e-01
   9.7280000e-01
   9.7026666e-01
   9.6773334e-01
   9.6520000e-01
   9.6266666e-01
   9.6013334e-01
   9.5760000e-01
   9.5506666e-01
   9.5253334e-01
   9.5000000e-01
   9.4746666e-01
   9.4493334e-01
   9.4240000e-01
   9.3986666e-01
   9.3733334e-01
   9.3480000e-01
   9.3226666e-01
   9.2973334e-01
   9.2720000e-01
   9.2466666e-01
   9.2213334e-01
   9.1960000e-01
   9.1706666e-01
   9.1453334e-01
   9.1200000e-01
   9.0946666e-01
   9.0693334e-01
   9.0440000e-01
   9.0186666e-01
   8.9933334e-01
   8.9680000e-01
   8.9426666e-01
   8.9173334e-01
   8.8920000e-01
   8.8666666e-01
   8.8413334e-01
   8.8160000e-01
   8.7906666e-01
   8.7653334e-01
   8.7400000e-01
   8.7146666e-01
   8.6893334e-01
   8.6640000e-01
   8.6386666e-01
   8.6133334e-01
   8.5880000e-01
   8.5626666e-01
   8.5373334e-01
   8.5120000e-01
   8.4866666e-01
   8.4613334e-01
   8.4360000e-01
   8.4106666e-01
   8.3853334e-01
   8.3600000e-01
   8.3346666e-01
   8.3093334e-01
   8.2840000e-01
   8.2586666e-01
   8.2333334e-01
   8.2080000e-01
   8.1826666e-01
   8.1573334e-01
   8.1320000e-01
   8.1066666e-01
   8.0813334e-01
   8.0560000e-01
   8.0306666e-01
   8.0053334e-01
   7.9800000e-01
   7.9546666e-01
   7.9293334e-01
   7.9040000e-01
   7.8786666e-01
   7.8533334e-01
   7.8280000e-01
   7.8026666e-01
   7.7773334e-01
   7.7520000e-01
   7.7266666e-01
   7.7013334e-01
   7.6760000e-01
   7.6506666e-01
   7.6253334e-01
   7.6000000e-01
   7.5746666e-01
   7.5493334e-01
   7.5240000e-01
   7.4986666e-01
   7.4733334e-01
   7.4480000e-01
   7.4226666e-01
   7.3973334e-01
   7.3720000e-01
   7.3466666e-01
   7.3213334e-01
   7.2960000e-01
   7.2706666e-01
   7.2453334e-01
   7.2200000e-01
   7.1946666e-01
   7.1693334e-01
   7.1440000e-01
   7.1186666e-01
   7.0933334e-01
   7.0680000e-01
   7.0426666e-01
   7.0173334e-01
   6.9920000e-01
   6.9666666e-01
   6.9413334e-01
   6.9160000e-01
   6.8906666e-01
   6.8653334e-01
   6.8400000e-01
   6.8146666e-01
   6.7893334e-01
   6.7640000e-01
   6.7386666e-01
   6.7133334e-01
   6.6880000e-01
   6.6626666e-01
   6.6373334e-01
   6.6120000e-01
   6.5866666e-01
   6.5613334e-01
   6.5360000e-01
   6.5106666e-01
   6.4853334e-01
   6.4600000e-01
   6.4346666e-01
   6.4093334e-01
   6.3840000e-01
   6.3586666e-01
   6.3333334e-01
   6.3080000e-01
   6.2826666e-01
   6.2573334e-01
   6.2320000e-01
   6.2066666e-01
   6.1813334e-01
   6.1560000e-01
   6.1306666e-01
   6.1053334e-01
   6.0800000e-01
   6.0546666e-01
   6.0293334e-01
   6.0040000e-01
   5.9786666e-01
   5.9533334e-01
   5.9280000e-01
   5.9026666e-01
   5.8773334e-01
   5.8520000e-01
   5.8266666e-01
   5.8013334e-01
   5.7760000e-01
   5.7506666e-01
   5.7253334e-01
   5.7000000e-01
   5.6746666e-01
   5.6493334e-01
   5.6240000e-01
   5.5986666e-01
   5.5733334e-01
   5.5480000e-01
   5.5226666e-01
   5.4973334e-01
   5.4720000e-01
   5.4466666e-01
   5.4213334e-01
   5.3960000e-01
   5.3706666e-01
   5.3453334e-01
   5.3200000e-01
   5.2946666e-01
   5.2693334e-01
   5.2440000e-01
   5.2186666e-01
   5.1933334e-01
   5.1680000e-01
   5.1426666e-01
   5.1173334e-01
   5.0920000e-01
   5.0666666e-01
   5.0413334e-01
   5.0160000e-01
   4.9906666e-01
   4.9653334e-01
   4.9400000e-01
   4.9146666e-01
   4.8893334e-01
   4.8640000e-01
   4.8386666e-01
   4.8133334e-01
   4.7880000e-01
   4.7626666e-01
   4.7373334e-01
   4.7120000e-01
   4.6866666e-01
   4.6613334e-01
   4.6360000e-01
   4.6106666e-01
   4.5853334e-01
   4.5600000e-01
   4.5346666e-01
   4.5093334e-01
   4.4840000e-01
   4.4586666e-01
   4.4333334e-01
   4.4080000e-01
   4.3826666e-01
   4.3573334e-01
   4.3320000e-01
   4.3066666e-01
   4.2813334e-01
   4.2560000e-01
   4.2306666e-01
   4.2053334e-01
   4.1800000e-01
   4.1546666e-01
   4.1293334e-01
   4.1040000e-01
   4.0786666e-01
   4.0533334e-01
   4.0280000e-01
   4.0026666e-01
   3.9773334e-01
   3.9520000e-01
   3.9266666e-01
   3.9013334e-01
   3.8760000e-01
   3.8506666e-01
   3.8253334e-01
   3.8000000e-01
   3.7746666e-01
   3.7493334e-01
   3.7240000e-01
   3.6986666e-01
   3.6733334e-01
   3.6480000e-01
   3.6226666e-01
   3.5973334e-01
   3.5720000e-01
   3.5466666e-01
   3.5213334e-01
   3.4960000e-01
   3.4706666e-01
   3.4453334e-01
   3.4200000e-01
   3.3946666e-01
   3.3693334e-01
   3.3440000e-01
   3.3186666e-01
   3.2933334e-01
   3.2680000e-01
   3.2426666e-01
   3.2173334e-01
   3.1920000e-01
   3.1666666e-01
   3.1413334e-01
   3.1160000e-01
   3.0906666e-01
   3.0653334e-01
   3.0400000e-01
   3.0146666e-01
   2.9893334e-01
   2.9640000e-01
   2.9386666e-01
   2.9133334e-01
   2.8880000e-01
   2.8626666e-01
   2.8373334e-01
   2.8120000e-01
   2.7866666e-01
   2.7613334e-01
   2.7360000e-01
   2.7106666e-01
   2.6853334e-01
   2.6600000e-01
   2.6346666e-01
   2.6093334e-01
   2.5840000e-01
   2.5586666e-01
   2.5333334e-01
   2.5080000e-01
   2.4826666e-01
   2.4573334e-01
   2.4320000e-01
   2.4066666e-01
   2.3813334e-01
   2.3560000e-01
   2.3306666e-01
   2.3053334e-01
   2.2800000e-01
   2.2546666e-01
   2.2293334e-01
   2.2040000e-01
   2.1786666e-01
   2.1533334e-01
   2.1280000e-01
   2.1026666e-01
   2.0773334e-01
   2.0520000e-01
   2.0266666e-01
   2.0013334e-01
   1.9760000e-01
   1.9506667e-01
   1.9253333e-01
   1.9000000e-01
   1.8746667e-01
   1.8493333e-01
   1.8240000e-01
   1.7986667e-01
   1.7733333e-01
   1.7480000e-01
   1.7226667e-01
   1.6973333e-01
   1.6720000e-01
   1.6466667e-01
   1.6213333e-01
   1.5960000e-01
   1.5706667e-01
   1.5453333e-01
   1.5200000e-01
   1.4946667e-01
   1.4693333e-01
   1.4440000e-01
   1.4186667e-01
   1.3933333e-01
   1.3680000e-01
   1.3426667e-01
   1.3173333e-01
   1.2920000e-01
   1.2666667e-01
   1.2413333e-01
   1.2160000e-01
   1.1906667e-01
   1.1653333e-01
   1.1400000e-01
   1.1146667e-01
   1.0893333e-01
   1.0640000e-01
   1.0386667e-01
   1.0133333e-01
   9.8800000e-02
   9.6266666e-02
   9.3733334e-02
   9.1200000e-02
   8.8666666e-02
   8.6133334e-02
   8.3600000e-02
   8.1066666e-02
   7.8533334e-02
   7.6000000e-02
   7.3466666e-02
   7.0933334e-02
   6.8400000e-02
   6.5866666e-02
   6.3333334e-02
   6.0800000e-02
   5.8266666e-02
   5.5733334e-02
   5.3200000e-02
   5.0666666e-02
   4.8133334e-02
   4.5600000e-02
   4.3066666e-02
   4.0533334e-02
   3.8000000e-02
   3.5466666e-02
   3.2933334e-02
   3.0400000e-02
   2.7866666e-02
   2.5333334e-02
   2.2800000e-02
   2.0266666e-02
   1.7733333e-02
   1.5200000e-02
   1.2666667e-02
   1.0133333e-02
   7.6000000e-03
   5.0666666e-03
   2.5333334e-03
   0.0000000e+00
   0.0000000e+00
   0.0000000e+00
   0.0000000e+00
   0.0000000e+00
   0.0000000e+00
   0.0000000e+00
   0.0000000e+00
   0.0000000e+00
   0.0000000e+00
   0.0000000e+00
   0.0000000e+00
   0.0000000e+00
   0.0000000e+00
   0.0000000e+00
   0.0000000e+00
   0.0000000e+00
   0.0000000e+00
   0.0000000e+00
   0.0000000e+00
   0.0000000e+00
   0.0000000e+00
   0.0000000e+00
   0.0000000e+00
   0.0000000e+00
   0.0000000e+00
   0.0000000e+00
   0.0000000e+00
   0.0000000e+00
   0.0000000e+00
   0.0000000e+00
   0.0000000e+00
   0.0000000e+00
   0.0000000e+00
   0.0000000e+00
   0.0000000e+00
   0.0000000e+00
   0.0000000e+00
   0.0000000e+00
   0.0000000e+00
   0.0000000e+00
   0.0000000e+00
   0.0000000e+00
   0.0000000e+00
   0.0000000e+00
   0.0000000e+00
   0.0000000e+00
   0.0000000e+00
   0.0000000e+00
   0.0000000e+00
   0.0000000e+00
   0.0000000e+00
   0.0000000e+00
   0.0000000e+00
   0.0000000e+00
   0.0000000e+00
   0.0000000e+00
   0.0000000e+00
   0.0000000e+00
   0.0000000e+00
   0.0000000e+00
   0.0000000e+00
   0.0000000e+00
   0.0000000e+00
   0.0000000e+00
   0.0000000e+00
   0.0000000e+00
   0.0000000e+00
   0.0000000e+00
   0.0000000e+00
   0.0000000e+00
   0.0000000e+00
   0.0000000e+00
   0.0000000e+00
   0.0000000e+00
   0.0000000e+00
   0.0000000e+00
   0.0000000e+00
   0.0000000e+00
   0.0000000e+00
   0.0000000e+00
   0.0000000e+00
   0.0000000e+00
   0.0000000e+00
   0.0000000e+00
   0.0000000e+00
   0.0000000e+00
   0.0000000e+00
   0.0000000e+00
   0.0000000e+00
   0.0000000e+00
   0.0000000e+00
   0.0000000e+00
   0.0000000e+00
   0.0000000e+00
   0.0000000e+00
   0.0000000e+00
   0.0000000e+00
   0.0000000e+00
   0.0000000e+00
   0.0000000e+00
   0.0000000e+00
   0.0000000e+00
   0.0000000e+00
   0.0000000e+00
   0.0000000e+00
   0.0000000e+00
   0.0000000e+00
   0.0000000e+00
   0.0000000e+00
   0.0000000e+00
   0.0000000e+00
   0.0000000e+00
   0.0000000e+00
   0.0000000e+00
   0.0000000e+00
   0.0000000e+00
   0.0000000e+00
   0.0000000e+00
   0.0000000e+00
   0.0000000e+00
   0.0000000e+00
   0.0000000e+00
   0.0000000e+00
   0.0000000e+00
   0.0000000e+00
   0.0000000e+00
   0.0000000e+00
   0.0000000e+00
   0.0000000e+00
   0.0000000e+00
   0.0000000e+00
   0.0000000e+00
   0.0000000e+00
   0.0000000e+00
   0.0000000e+00
   0.0000000e+00
   0.0000000e+00
   0.0000000e+00
   0.0000000e+00
   0.0000000e+00
   0.0000000e+00
   0.0000000e+00
   0.0000000e+00
   0.0000000e+00
   0.0000000e+00
   0.0000000e+00
   0.0000000e+00
   0.0000000e+00
   0.0000000e+00
   0.0000000e+00
   0.0000000e+00
   0.0000000e+00
   0.0000000e+00
   0.0000000e+00
   0.0000000e+00
   0.0000000e+00
   0.0000000e+00
   0.0000000e+00
   0.0000000e+00
   0.0000000e+00
   0.0000000e+00
   0.0000000e+00
   0.0000000e+00
   0.0000000e+00
   0.0000000e+00
   0.0000000e+00
   0.0000000e+00
   0.0000000e+00
   0.0000000e+00
   0.0000000e+00
   0.0000000e+00
   0.0000000e+00
   0.0000000e+00
   0.0000000e+00
   0.0000000e+00
   0.0000000e+00
   0.0000000e+00
   0.0000000e+00
   0.0000000e+00
   0.0000000e+00
   0.0000000e+00
   0.0000000e+00
   0.0000000e+00
   0.0000000e+00
   0.0000000e+00
   0.0000000e+00
   0.0000000e+00
   0.0000000e+00
   0.0000000e+00
   0.0000000e+00
   0.0000000e+00
   0.0000000e+00
   0.0000000e+00
   0.0000000e+00
   0.0000000e+00
   0.0000000e+00
   0.0000000e+00
   0.0000000e+00
   0.0000000e+00
   0.0000000e+00
   0.0000000e+00
   0.0000000e+00
   0.0000000e+00
   0.0000000e+00
   0.0000000e+00
   0.0000000e+00
   0.0000000e+00
   0.0000000e+00
   0.0000000e+00
   0.0000000e+00
   0.0000000e+00
   0.0000000e+00
   0.0000000e+00
   0.0000000e+00
   0.0000000e+00
   0.0000000e+00
   0.0000000e+00
   0.0000000e+00
   0.0000000e+00
   0.0000000e+00
   0.0000000e+00
   0.0000000e+00
   0.0000000e+00
   0.0000000e+00
   0.0000000e+00
   0.0000000e+00
   0.0000000e+00
   0.0000000e+00
   0.0000000e+00
   0.0000000e+00
   0.0000000e+00
   0.0000000e+00
   0.0000000e+00
   0.0000000e+00
   0.0000000e+00
   0.0000000e+00
   0.0000000e+00
   0.0000000e+00
   0.0000000e+00
   0.0000000e+00
   0.0000000e+00
   0.0000000e+00
   0.0000000e+00
   0.0000000e+00
   0.0000000e+00
   0.0000000e+00
   0.0000000e+00
   0.0000000e+00
   0.0000000e+00
   0.0000000e+00
   2.5333334e-03
   5.0666666e-03
   7.6000000e-03
   1.0133333e-02
   1.2666667e-02
   1.5200000e-02
   1.7733333e-02
   2.0266666e-02
   2.2800000e-02
   2.5333334e-02
   2.7866666e-02
   3.0400000e-02
   3.2933334e-02
   3.5466666e-02
   3.8000000e-02
   4.0533334e-02
   4.3066666e-02
   4.5600000e-02
   4.8133334e-02
   5.0666666e-02
   5.3200000e-02
   5.5733334e-02
   5.8266666e-02
   6.0800000e-02
   6.3333334e-02
   6.5866666e-02
   6.8400000e-02
   7.0933334e-02
   7.3466666e-02
   7.6000000e-02
   7.8533334e-02
   8.1066666e-02
   8.3600000e-02
   8.6133334e-02
   8.8666666e-02
   9.1200000e-02
   9.3733334e-02
   9.6266666e-02
   9.8800000e-02
   1.0133333e-01
   1.0386667e-01
   1.0640000e-01
   1.0893333e-01
   1.1146667e-01
   1.1400000e-01
   1.1653333e-01
   1.1906667e-01
   1.2160000e-01
   1.2413333e-01
   1.2666667e-01
   1.2920000e-01
   1.3173333e-01
   1.3426667e-01
   1.3680000e-01
   1.3933333e-01
   1.4186667e-01
   1.4440000e-01
   1.4693333e-01
   1.4946667e-01
   1.5200000e-01
   1.5453333e-01
   1.5706667e-01
   1.5960000e-01
   1.6213333e-01
   1.6466667e-01
   1.6720000e-01
   1.6973333e-01
   1.7226667e-01
   1.7480000e-01
   1.7733333e-01
   1.7986667e-01
   1.8240000e-01
   1.8493333e-01
   1.8746667e-01
   1.9000000e-01
   1.9253333e-01
   1.9506667e-01
   1.9760000e-01
   2.0013334e-01
   2.0266666e-01
   2.0520000e-01
   2.0773334e-01
   2.1026666e-01
   2.1280000e-01
   2.1533334e-01
   2.1786666e-01
   2.2040000e-01
   2.2293334e-01
   2.2546666e-01
   2.2800000e-01
   2.3053334e-01
   2.3306666e-01
   2.3560000e-01
   2.3813334e-01
   2.4066666e-01
   2.4320000e-01
   2.4573334e-01
   2.4826666e-01
   2.5080000e-01
   2.5333334e-01
   2.5586666e-01
   2.5840000e-01
   2.6093334e-01
   2.6346666e-01
   2.6600000e-01
   2.6853334e-01
   2.7106666e-01
   2.7360000e-01
   2.7613334e-01
   2.7866666e-01
   2.8120000e-01
   2.8373334e-01
   2.8626666e-01
   2.8880000e-01
   2.9133334e-01
   2.9386666e-01
   2.9640000e-01
   2.9893334e-01
   3.0146666e-01
   3.0400000e-01
   3.0653334e-01
   3.0906666e-01
   3.1160000e-01
   3.1413334e-01
   3.1666666e-01
   3.1920000e-01
   3.2173334e-01
   3.2426666e-01
   3.2680000e-01
   3.2933334e-01
   3.3186666e-01
   3.3440000e-01
   3.3693334e-01
   3.3946666e-01
   3.4200000e-01
   3.4453334e-01
   3.4706666e-01
   3.4960000e-01
   3.5213334e-01
   3.5466666e-01
   3.5720000e-01
   3.5973334e-01
   3.6226666e-01
   3.6480000e-01
   3.6733334e-01
   3.6986666e-01
   3.7240000e-01
   3.7493334e-01
   3.7746666e-01
   3.8000000e-01
   3.8253334e-01
   3.8506666e-01
   3.8760000e-01
   3.9013334e-01
   3.9266666e-01
   3.9520000e-01
   3.9773334e-01
   4.0026666e-01
   4.0280000e-01
   4.0533334e-01
   4.0786666e-01
   4.1040000e-01
   4.1293334e-01
   4.1546666e-01
   4.1800000e-01
   4.2053334e-01
   4.2306666e-01
   4.2560000e-01
   4.2813334e-01
   4.3066666e-01
   4.3320000e-01
   4.3573334e-01
   4.3826666e-01
   4.4080000e-01
   4.4333334e-01
   4.4586666e-01
   4.4840000e-01
   4.5093334e-01
   4.5346666e-01
   4.5600000e-01
   4.5853334e-01
   4.6106666e-01
   4.6360000e-01
   4.6613334e-01
   4.6866666e-01
   4.7120000e-01
   4.7373334e-01
   4.7626666e-01
   4.7880000e-01
   4.8133334e-01
   4.8386666e-01
   4.8640000e-01
   4.8893334e-01
   4.9146666e-01
   4.9400000e-01
   4.9653334e-01
   4.9906666e-01
   5.0160000e-01
   5.0413334e-01
   5.0666666e-01
   5.0920000e-01
   5.1173334e-01
   5.1426666e-01
   5.1680000e-01
   5.1933334e-01
   5.2186666e-01
   5.2440000e-01
   5.2693334e-01
   5.2946666e-01
   5.3200000e-01
   5.3453334e-01
   5.3706666e-01
   5.3960000e-01
   5.4213334e-01
   5.4466666e-01
   5.4720000e-01
   5.4973334e-01
   5.5226666e-01
   5.5480000e-01
   5.5733334e-01
   5.5986666e-01
   5.6240000e-01
   5.6493334e-01
   5.6746666e-01
   5.7000000e-01
   5.7253334e-01
   5.7506666e-01
   5.7760000e-01
   5.8013334e-01
   5.8266666e-01
   5.8520000e-01
   5.8773334e-01
   5.9026666e-01
   5.9280000e-01
   5.9533334e-01
   5.9786666e-01
   6.0040000e-01
   6.0293334e-01
   6.0546666e-01
   6.0800000e-01
   6.1053334e-01
   6.1306666e-01
   6.1560000e-01
   6.1813334e-01
   6.2066666e-01
   6.2320000e-01
   6.2573334e-01
   6.2826666e-01
   6.3080000e-01
   6.3333334e-01
   6.3586666e-01
   6.3840000e-01
   6.4093334e-01
   6.4346666e-01
   6.4600000e-01
   6.4853334e-01
   6.5106666e-01
   6.5360000e-01
   6.5613334e-01
   6.5866666e-01
   6.6120000e-01
   6.6373334e-01
   6.6626666e-01
   6.6880000e-01
   6.7133334e-01
   6.7386666e-01
   6.7640000e-01
   6.7893334e-01
   6.8146666e-01
   6.8400000e-01
   6.8653334e-01
   6.8906666e-01
   6.9160000e-01
   6.9413334e-01
   6.9666666e-01
   6.9920000e-01
   7.0173334e-01
   7.0426666e-01
   7.0680000e-01
   7.0933334e-01
   7.1186666e-01
   7.1440000e-01
   7.1693334e-01
   7.1946666e-01
   7.2200000e-01
   7.2453334e-01
   7.2706666e-01
   7.2960000e-01
   7.3213334e-01
   7.3466666e-01
   7.3720000e-01
   7.3973334e-01
   7.4226666e-01
   7.4480000e-01
   7.4733334e-01
   7.4986666e-01
   7.5240000e-01
   7.5493334e-01
   7.5746666e-01
   7.6000000e-01
   7.6253334e-01
   7.6506666e-01
   7.6760000e-01
   7.7013334e-01
   7.7266666e-01
   7.7520000e-01
   7.7773334e-01
   7.8026666e-01
   7.8280000e-01
   7.8533334e-01
   7.8786666e-01
   7.9040000e-01
   7.9293334e-01
   7.9546666e-01
   7.9800000e-01
   8.0053334e-01
   8.0306666e-01
   8.0560000e-01
   8.0813334e-01
   8.1066666e-01
   8.1320000e-01
   8.1573334e-01
   8.1826666e-01
   8.2080000e-01
   8.2333334e-01
   8.2586666e-01
   8.2840000e-01
   8.3093334e-01
   8.3346666e-01
   8.3600000e-01
   8.3853334e-01
   8.4106666e-01
   8.4360000e-01
   8.4613334e-01
   8.4866666e-01
   8.5120000e-01
   8.5373334e-01
   8.5626666e-01
   8.5880000e-01
   8.6133334e-01
   8.6386666e-01
   8.6640000e-01
   8.6893334e-01
   8.7146666e-01
   8.7400000e-01
   8.7653334e-01
   8.7906666e-01
   8.8160000e-01
   8.8413334e-01
   8.8666666e-01
   8.8920000e-01
   8.9173334e-01
   8.9426666e-01
   8.9680000e-01
   8.9933334e-01
   9.0186666e-01
   9.0440000e-01
   9.0693334e-01
   9.0946666e-01
   9.1200000e-01
   9.1453334e-01
   9.1706666e-01
   9.1960000e-01
   9.2213334e-01
   9.2466666e-01
   9.2720000e-01
   9.2973334e-01
   9.3226666e-01
   9.3480000e-01
   9.3733334e-01
   9.3986666e-01
   9.4240000e-01
   9.4493334e-01
   9.4746666e-01
   9.5000000e-01
   9.5253334e-01
   9.5506666e-01
   9.5760000e-01
   9.6013334e-01
   9.6266666e-01
   9.6520000e-01
   9.6773334e-01
   9.7026666e-01
   9.7280000e-01
   9.7533334e-01
   9.7786666e-01
   9.8040000e-01
   9.8293334e-01
   9.8546666e-01
   9.8800000e-01
   9.9053334e-01
   9.9306666e-01
   9.9560000e-01
   9.9813334e-01
   1.0006667e+00
   1.0032000e+00
   1.0057333e+00
   1.0082667e+00
   1.0108000e+00
   1.0133333e+00
   1.0158667e+00
   1.0184000e+00
   1.0209333e+00
   1.0234667e+00
   1.0260000e+00
   1.0285333e+00
   1.0310667e+00
   1.0336000e+00
   1.0361333e+00
   1.0386667e+00
   1.0412000e+00
   1.0437333e+00
   1.0462667e+00
   1.0488000e+00
   1.0513333e+00
   1.0538667e+00
   1.0564000e+00
   1.0589333e+00
   1.0614667e+00
   1.0640000e+00
   1.0665333e+00
   1.0690667e+00
   1.0716000e+00
   1.0741333e+00
   1.0766667e+00
   1.0792000e+00
   1.0817333e+00
   1.0842667e+00
   1.0868000e+00
   1.0893333e+00
   1.0918667e+00
   1.0944000e+00
   1.0969333e+00
   1.0994667e+00
   1.1020000e+00
   1.1045333e+00
   1.1070667e+00
   1.1096000e+00
   1.1121333e+00
   1.1146667e+00
   1.1172000e+00
   1.1197333e+00
   1.1222667e+00
   1.1248000e+00
   1.1273333e+00
   1.1298667e+00
   1.1324000e+00
   1.1349333e+00
   1.1374667e+00
   1.1400000e+00
   1.1425333e+00
   1.1450667e+00
   1.1476000e+00
   1.1501333e+00
   1.1526667e+00
   1.1552000e+00
   1.1577333e+00
   1.1602667e+00
   1.1628000e+00
   1.1653333e+00
   1.1678667e+00
   1.1704000e+00
   1.1729333e+00
   1.1754667e+00
   1.1780000e+00
   1.1805333e+00
   1.1830667e+00
   1.1856000e+00
   1.1881333e+00
   1.1906667e+00
   1.1932000e+00
   1.1957333e+00
   1.1982667e+00
   1.2008000e+00
   1.2033333e+00
   1.2058667e+00
   1.2084000e+00
   1.2109333e+00
   1.2134667e+00
   1.2160000e+00
   1.2185333e+00
   1.2210667e+00
   1.2236000e+00
   1.2261333e+00
   1.2286667e+00
   1.2312000e+00
   1.2337333e+00
   1.2362667e+00
   1.2388000e+00
   1.2413333e+00
   1.2438667e+00
   1.2464000e+00
   1.2489333e+00
   1.2514667e+00
   1.2540000e+00
   1.2565333e+00
   1.2590667e+00
   1.2616000e+00
   1.2641333e+00
   1.2666667e+00
   1.2692000e+00
   1.2717333e+00
   1.2742667e+00
   1.2768000e+00
   1.2793333e+00
   1.2818667e+00
   1.2844000e+00
   1.2869333e+00
   1.2894667e+00
   1.2920000e+00
   1.2945333e+00
   1.2970667e+00
   1.2996000e+00
   1.3021333e+00
   1.3046667e+00
   1.3072000e+00
   1.3097333e+00
   1.3122667e+00
   1.3148000e+00
   1.3173333e+00
   1.3198667e+00
   1.3224000e+00
   1.3249333e+00
   1.3274667e+00
   1.3300000e+00
   1.3325333e+00
   1.3350667e+00
   1.3376000e+00
   1.3401333e+00
   1.3426667e+00
   1.3452000e+00
   1.3477333e+00
   1.3502667e+00
   1.3528000e+00
   1.3553333e+00
   1.3578667e+00
   1.3604000e+00
   1.3629333e+00
   1.3654667e+00
   1.3680000e+00
   1.3705333e+00
   1.3730667e+00
   1.3756000e+00
   1.3781333e+00
   1.3806667e+00
   1.3832000e+00
   1.3857333e+00
   1.3882667e+00
   1.3908000e+00
   1.3933333e+00
   1.3958667e+00
   1.3984000e+00
   1.4009333e+00
   1.4034667e+00
   1.4060000e+00
   1.4085333e+00
   1.4110667e+00
   1.4136000e+00
   1.4161333e+00
   1.4186667e+00
   1.4212000e+00
   1.4237333e+00
   1.4262667e+00
   1.4288000e+00
   1.4313333e+00
   1.4338667e+00
   1.4364000e+00
   1.4389333e+00
   1.4414667e+00
   1.4440000e+00
   1.4465333e+00
   1.4490667e+00
   1.4516000e+00
   1.4541333e+00
   1.4566667e+00
   1.4592000e+00
   1.4617333e+00
   1.4642667e+00
   1.4668000e+00
   1.4693333e+00
   1.4718667e+00
   1.4744000e+00
   1.4769333e+00
   1.4794667e+00
   1.4820000e+00
   1.4845333e+00
   1.4870667e+00
   1.4896000e+00
   1.4921333e+00
   1.4946667e+00
   1.4972000e+00
   1.4997333e+00
   1.5022667e+00
   1.5048000e+00
   1.5073333e+00
   1.5098667e+00
   1.5124000e+00
   1.5149333e+00
   1.5174667e+00
   1.5200000e+00
   1.5225333e+00
   1.5250667e+00
   1.5276000e+00
   1.5301333e+00
   1.5326667e+00
   1.5352000e+00
   1.5377333e+00
   1.5402667e+00
   1.5428000e+00
   1.5453333e+00
   1.5478667e+00
   1.5504000e+00
   1.5529333e+00
   1.5554667e+00
   1.5580000e+00
   1.5605333e+00
   1.5630667e+00
   1.5656000e+00
   1.5681333e+00
   1.5706667e+00
   1.5732000e+00
   1.5757333e+00
   1.5782667e+00
   1.5808000e+00
   1.5833333e+00
   1.5858667e+00
   1.5884000e+00
   1.5909333e+00
   1.5934667e+00
   1.5960000e+00
   1.5985333e+00
   1.6010667e+00
   1.6036000e+00
   1.6061333e+00
   1.6086667e+00
   1.6112000e+00
   1.6137333e+00
   1.6162667e+00
   1.6188000e+00
   1.6213333e+00
   1.6238667e+00
   1.6264000e+00
   1.6289333e+00
   1.6314667e+00
   1.6340000e+00
   1.6365333e+00
   1.6390667e+00
   1.6416000e+00
   1.6441333e+00
   1.6466667e+00
   1.6492000e+00
   1.6517333e+00
   1.6542667e+00
   1.6568000e+00
   1.6593333e+00
   1.6618667e+00
   1.6644000e+00
   1.6669333e+00
   1.6694667e+00
   1.6720000e+00
   1.6745333e+00
   1.6770667e+00
   1.6796000e+00
   1.6821333e+00
   1.6846667e+00
   1.6872000e+00
   1.6897333e+00
   1.6922667e+00
   1.6948000e+00
   1.6973333e+00
   1.6998667e+00
   1.7024000e+00
   1.7049333e+00
   1.7074667e+00
   1.7100000e+00
   1.7125333e+00
   1.7150667e+00
   1.7176000e+00
   1.7201333e+00
   1.7226667e+00
   1.7252000e+00
   1.7277333e+00
   1.7302667e+00
   1.7328000e+00
   1.7353333e+00
   1.7378667e+00
   1.7404000e+00
   1.7429333e+00
   1.7454667e+00
   1.7480000e+00
   1.7505333e+00
   1.7530667e+00
   1.7556000e+00
   1.7581333e+00
   1.7606667e+00
   1.7632000e+00
   1.7657333e+00
   1.7682667e+00
   1.7708000e+00
   1.7733333e+00
   1.7758667e+00
   1.7784000e+00
   1.7809333e+00
   1.7834667e+00
   1.7860000e+00
   1.7885333e+00
   1.7910667e+00
   1.7936000e+00
   1.7961333e+00
   1.7986667e+00
   1.8012000e+00
   1.8037333e+00
   1.8062667e+00
   1.8088000e+00
   1.8113333e+00
   1.8138667e+00
   1.8164000e+00
   1.8189333e+00
   1.8214667e+00
   1.8240000e+00
   1.8265333e+00
   1.8290667e+00
   1.8316000e+00
   1.8341333e+00
   1.8366667e+00
   1.8392000e+00
   1.8417333e+00
   1.8442667e+00
   1.8468000e+00
   1.8493333e+00
   1.8518667e+00
   1.8544000e+00
   1.8569333e+00
   1.8594667e+00
   1.8620000e+00
   1.8645333e+00
   1.8670667e+00
   1.8696000e+00
   1.8721333e+00
   1.8746667e+00
   1.8772000e+00
   1.8797333e+00
   1.8822667e+00
   1.8848000e+00
   1.8873333e+00
   1.8898667e+00
   1.8924000e+00
   1.8949333e+00
   1.8974667e+00
   1.9000000e+00
   1.8974667e+00
   1.8949333e+00
   1.8924000e+00
   1.8898667e+00
   1.8873333e+00
   1.8848000e+00
   1.8822667e+00
   1.8797333e+00
   1.8772000e+00
   1.8746667e+00
   1.8721333e+00
   1.8696000e+00
   1.8670667e+00
   1.8645333e+00
   1.8620000e+00
   1.8594667e+00
   1.8569333e+00
   1.8544000e+00
   1.8518667e+00
   1.8493333e+00
   1.8468000e+00
   1.8442667e+00
   1.8417333e+00
   1.8392000e+00
   1.8366667e+00
   1.8341333e+00
   1.8316000e+00
   1.8290667e+00
   1.8265333e+00
   1.8240000e+00
   1.8214667e+00
   1.8189333e+00
   1.8164000e+00
   1.8138667e+00
   1.8113333e+00
   1.8088000e+00
   1.8062667e+00
   1.8037333e+00
   1.8012000e+00
   1.7986667e+00
   1.7961333e+00
   1.7936000e+00
   1.7910667e+00
   1.7885333e+00
   1.7860000e+00
   1.7834667e+00
   1.7809333e+00
   1.7784000e+00
   1.7758667e+00
   1.7733333e+00
   1.7708000e+00
   1.7682667e+00
   1.7657333e+00
   1.7632000e+00
   1.7606667e+00
   1.7581333e+00
   1.7556000e+00
   1.7530667e+00
   1.7505333e+00
   1.7480000e+00
   1.7454667e+00
   1.7429333e+00
   1.7404000e+00
   1.7378667e+00
   1.7353333e+00
   1.7328000e+00
   1.7302667e+00
   1.7277333e+00
   1.7252000e+00
   1.7226667e+00
   1.7201333e+00
   1.7176000e+00
   1.7150667e+00
   1.7125333e+00
   1.7100000e+00
   1.7074667e+00
   1.7049333e+00
   1.7024000e+00
   1.6998667e+00
   1.6973333e+00
   1.6948000e+00
   1.6922667e+00
   1.6897333e+00
   1.6872000e+00
   1.6846667e+00
   1.6821333e+00
   1.6796000e+00
   1.6770667e+00
   1.6745333e+00
   1.6720000e+00
   1.6694667e+00
   1.6669333e+00
   1.6644000e+00
   1.6618667e+00
   1.6593333e+00
   1.6568000e+00
   1.6542667e+00
   1.6517333e+00
   1.6492000e+00
   1.6466667e+00
   1.6441333e+00
   1.6416000e+00
   1.6390667e+00
   1.6365333e+00
   1.6340000e+00
   1.6314667e+00
   1.6289333e+00
   1.6264000e+00
   1.6238667e+00
   1.6213333e+00
   1.6188000e+00
   1.6162667e+00
   1.6137333e+00
   1.6112000e+00
   1.6086667e+00
   1.6061333e+00
   1.6036000e+00
   1.6010667e+00
   1.5985333e+00
   1.5960000e+00
   1.5934667e+00
   1.5909333e+00
   1.5884000e+00
   1.5858667e+00
   1.5833333e+00
   1.5808000e+00
   1.5782667e+00
   1.5757333e+00
   1.5732000e+00
   1.5706667e+00
   1.5681333e+00
   1.5656000e+00
   1.5630667e+00
   1.5605333e+00
   1.5580000e+00
   1.5554667e+00
   1.5529333e+00
   1.5504000e+00
   1.5478667e+00
   1.5453333e+00
   1.5428000e+00
   1.5402667e+00
   1.5377333e+00
   1.5352000e+00
   1.5326667e+00
   1.5301333e+00
   1.5276000e+00
   1.5250667e+00
   1.5225333e+00
   1.5200000e+00
   1.5174667e+00
   1.5149333e+00
   1.5124000e+00
   1.5098667e+00
   1.5073333e+00
   1.5048000e+00
   1.5022667e+00
   1.4997333e+00
   1.4972000e+00
   1.4946667e+00
   1.4921333e+00
   1.4896000e+00
   1.4870667e+00
   1.4845333e+00
   1.4820000e+00
   1.4794667e+00
   1.4769333e+00
   1.4744000e+00
   1.4718667e+00
   1.4693333e+00
   1.4668000e+00
   1.4642667e+00
   1.4617333e+00
   1.4592000e+00
   1.4566667e+00
   1.4541333e+00
   1.4516000e+00
   1.4490667e+00
   1.4465333e+00
   1.4440000e+00
   1.4414667e+00
   1.4389333e+00
   1.4364000e+00
   1.4338667e+00
   1.4313333e+00
   1.4288000e+00
   1.4262667e+00
   1.4237333e+00
   1.4212000e+00
   1.4186667e+00
   1.4161333e+00
   1.4136000e+00
   1.4110667e+00
   1.4085333e+00
   1.4060000e+00
   1.4034667e+00
   1.4009333e+00
   1.3984000e+00
   1.3958667e+00
   1.3933333e+00
   1.3908000e+00
   1.3882667e+00
   1.3857333e+00
   1.3832000e+00
   1.3806667e+00
   1.3781333e+00
   1.3756000e+00
   1.3730667e+00
   1.3705333e+00
   1.3680000e+00
   1.3654667e+00
   1.3629333e+00
   1.3604000e+00
   1.3578667e+00
   1.3553333e+00
   1.3528000e+00
   1.3502667e+00
   1.3477333e+00
   1.3452000e+00
   1.3426667e+00
   1.3401333e+00
   1.3376000e+00
   1.3350667e+00
   1.3325333e+00
   1.3300000e+00
   1.3274667e+00
   1.3249333e+00
   1.3224000e+00
   1.3198667e+00
   1.3173333e+00
   1.3148000e+00
   1.3122667e+00
   1.3097333e+00
   1.3072000e+00
   1.3046667e+00
   1.3021333e+00
   1.2996000e+00
   1.2970667e+00
   1.2945333e+00
   1.2920000e+00
   1.2894667e+00
   1.2869333e+00
   1.2844000e+00
   1.2818667e+00
   1.2793333e+00
   1.2768000e+00
   1.2742667e+00
   1.2717333e+00
   1.2692000e+00
   1.2666667e+00
   1.2641333e+00
   1.2616000e+00
   1.2590667e+00
   1.2565333e+00
   1.2540000e+00
   1.2514667e+00
   1.2489333e+00
   1.2464000e+00
   1.2438667e+00
   1.2413333e+00
   1.2388000e+00
   1.2362667e+00
   1.2337333e+00
   1.2312000e+00
   1.2286667e+00
   1.2261333e+00
   1.2236000e+00
   1.2210667e+00
   1.2185333e+00
   1.2160000e+00
   1.2134667e+00
   1.2109333e+00
   1.2084000e+00
   1.2058667e+00
   1.2033333e+00
   1.2008000e+00
   1.1982667e+00
   1.1957333e+00
   1.1932000e+00
   1.1906667e+00
   1.1881333e+00
   1.1856000e+00
   1.1830667e+00
   1.1805333e+00
   1.1780000e+00
   1.1754667e+00
   1.1729333e+00
   1.1704000e+00
   1.1678667e+00
   1.1653333e+00
   1.1628000e+00
   1.1602667e+00
   1.1577333e+00
   1.1552000e+00
   1.1526667e+00
   1.1501333e+00
   1.1476000e+00
   1.1450667e+00
   1.1425333e+00
   1.1400000e+00
   1.1374667e+00
   1.1349333e+00
   1.1324000e+00
   1.1298667e+00
   1.1273333e+00
   1.1248000e+00
   1.1222667e+00
   1.1197333e+00
   1.1172000e+00
   1.1146667e+00
   1.1121333e+00
   1.1096000e+00
   1.1070667e+00
   1.1045333e+00
   1.1020000e+00
   1.0994667e+00
   1.0969333e+00
   1.0944000e+00
   1.0918667e+00
   1.0893333e+00
   1.0868000e+00
   1.0842667e+00
   1.0817333e+00
   1.0792000e+00
   1.0766667e+00
   1.0741333e+00
   1.0716000e+00
   1.0690667e+00
   1.0665333e+00
   1.0640000e+00
   1.0614667e+00
   1.0589333e+00
   1.0564000e+00
   1.0538667e+00
   1.0513333e+00
   1.0488000e+00
   1.0462667e+00
   1.0437333e+00
   1.0412000e+00
   1.0386667e+00
   1.0361333e+00
   1.0336000e+00
   1.0310667e+00
   1.0285333e+00
   1.0260000e+00
   1.0234667e+00
   1.0209333e+00
   1.0184000e+00
   1.0158667e+00
   1.0133333e+00
   1.0108000e+00
   1.0082667e+00
   1.0057333e+00
   1.0032000e+00
   1.0006667e+00
   9.9813334e-01
   9.9560000e-01
   9.9306666e-01
   9.9053334e-01
   9.8800000e-01
   9.8546666e-01
   9.8293334e-01
   9.8040000e-01
   9.7786666e-01
   9.7533334e-01
   9.7280000e-01
   9.7026666e-01
   9.6773334e-01
   9.6520000e-01
   9.6266666e-01
   9.6013334e-01
   9.5760000e-01
   9.5506666e-01
   9.5253334e-01
   9.5000000e-01
   9.4746666e-01
   9.4493334e-01
   9.4240000e-01
   9.3986666e-01
   9.3733334e-01
   9.3480000e-01
   9.3226666e-01
   9.2973334e-01
   9.2720000e-01
   9.2466666e-01
   9.2213334e-01
   9.1960000e-01
   9.1706666e-01
   9.1453334e-01
   9.1200000e-01
   9.0946666e-01
   9.0693334e-01
   9.0440000e-01
   9.0186666e-01
   8.9933334e-01
   8.9680000e-01
   8.9426666e-01
   8.9173334e-01
   8.8920000e-01
   8.8666666e-01
   8.8413334e-01
   8.8160000e-01
   8.7906666e-01
   8.7653334e-01
   8.7400000e-01
   8.7146666e-01
   8.6893334e-01
   8.6640000e-01
   8.6386666e-01
   8.6133334e-01
   8.5880000e-01
   8.5626666e-01
   8.5373334e-01
   8.5120000e-01
   8.4866666e-01
   8.4613334e-01
   8.4360000e-01
   8.4106666e-01
   8.3853334e-01
   8.3600000e-01
   8.3346666e-01
   8.3093334e-01
   8.2840000e-01
   8.2586666e-01
   8.2333334e-01
   8.2080000e-01
   8.1826666e-01
   8.1573334e-01
   8.1320000e-01
   8.1066666e-01
   8.0813334e-01
   8.0560000e-01
   8.0306666e-01
   8.0053334e-01
   7.9800000e-01
   7.9546666e-01
   7.9293334e-01
   7.9040000e-01
   7.8786666e-01
   7.8533334e-01
   7.8280000e-01
   7.8026666e-01
   7.7773334e-01
   7.7520000e-01
   7.7266666e-01
   7.7013334e-01
   7.6760000e-01
   7.6506666e-01
   7.6253334e-01
   7.6000000e-01
   7.5746666e-01
   7.5493334e-01
   7.5240000e-01
   7.4986666e-01
   7.4733334e-01
   7.4480000e-01
   7.4226666e-01
   7.3973334e-01
   7.3720000e-01
   7.3466666e-01
   7.3213334e-01
   7.2960000e-01
   7.2706666e-01
   7.2453334e-01
   7.2200000e-01
   7.1946666e-01
   7.1693334e-01
   7.1440000e-01
   7.1186666e-01
   7.0933334e-01
   7.0680000e-01
   7.0426666e-01
   7.0173334e-01
   6.9920000e-01
   6.9666666e-01
   6.9413334e-01
   6.9160000e-01
   6.8906666e-01
   6.8653334e-01
   6.8400000e-01
   6.8146666e-01
   6.7893334e-01
   6.7640000e-01
   6.7386666e-01
   6.7133334e-01
   6.6880000e-01
   6.6626666e-01
   6.6373334e-01
   6.6120000e-01
   6.5866666e-01
   6.5613334e-01
   6.5360000e-01
   6.5106666e-01
   6.4853334e-01
   6.4600000e-01
   6.4346666e-01
   6.4093334e-01
   6.3840000e-01
   6.3586666e-01
   6.3333334e-01
   6.3080000e-01
   6.2826666e-01
   6.2573334e-01
   6.2320000e-01
   6.2066666e-01
   6.1813334e-01
   6.1560000e-01
   6.1306666e-01
   6.1053334e-01
   6.0800000e-01
   6.0546666e-01
   6.0293334e-01
   6.0040000e-01
   5.9786666e-01
   5.9533334e-01
   5.9280000e-01
   5.9026666e-01
   5.8773334e-01
   5.8520000e-01
   5.8266666e-01
   5.8013334e-01
   5.7760000e-01
   5.7506666e-01
   5.7253334e-01
   5.7000000e-01
   5.6746666e-01
   5.6493334e-01
   5.6240000e-01
   5.5986666e-01
   5.5733334e-01
   5.5480000e-01
   5.5226666e-01
   5.4973334e-01
   5.4720000e-01
   5.4466666e-01
   5.4213334e-01
   5.3960000e-01
   5.3706666e-01
   5.3453334e-01
   5.3200000e-01
   5.2946666e-01
   5.2693334e-01
   5.2440000e-01
   5.2186666e-01
   5.1933334e-01
   5.1680000e-01
   5.1426666e-01
   5.1173334e-01
   5.0920000e-01
   5.0666666e-01
   5.0413334e-01
   5.0160000e-01
   4.9906666e-01
   4.9653334e-01
   4.9400000e-01
   4.9146666e-01
   4.8893334e-01
   4.8640000e-01
   4.8386666e-01
   4.8133334e-01
   4.7880000e-01
   4.7626666e-01
   4.7373334e-01
   4.7120000e-01
   4.6866666e-01
   4.6613334e-01
   4.6360000e-01
   4.6106666e-01
   4.5853334e-01
   4.5600000e-01
   4.5346666e-01
   4.5093334e-01
   4.4840000e-01
   4.4586666e-01
   4.4333334e-01
   4.4080000e-01
   4.3826666e-01
   4.3573334e-01
   4.3320000e-01
   4.3066666e-01
   4.2813334e-01
   4.2560000e-01
   4.2306666e-01
   4.2053334e-01
   4.1800000e-01
   4.1546666e-01
   4.1293334e-01
   4.1040000e-01
   4.0786666e-01
   4.0533334e-01
   4.0280000e-01
   4.0026666e-01
   3.9773334e-01
   3.9520000e-01
   3.9266666e-01
   3.9013334e-01
   3.8760000e-01
   3.8506666e-01
   3.8253334e-01
   3.8000000e-01
   3.7746666e-01
   3.7493334e-01
   3.7240000e-01
   3.6986666e-01
   3.6733334e-01
   3.6480000e-01
   3.6226666e-01
   3.5973334e-01
   3.5720000e-01
   3.5466666e-01
   3.5213334e-01
   3.4960000e-01
   3.4706666e-01
   3.4453334e-01
   3.4200000e-01
   3.3946666e-01
   3.3693334e-01
   3.3440000e-01
   3.3186666e-01
   3.2933334e-01
   3.2680000e-01
   3.2426666e-01
   3.2173334e-01
   3.1920000e-01
   3.1666666e-01
   3.1413334e-01
   3.1160000e-01
   3.0906666e-01
   3.0653334e-01
   3.0400000e-01
   3.0146666e-01
   2.9893334e-01
   2.9640000e-01
   2.9386666e-01
   2.9133334e-01
   2.8880000e-01
   2.8626666e-01
   2.8373334e-01
   2.8120000e-01
   2.7866666e-01
   2.7613334e-01
   2.7360000e-01
   2.7106666e-01
   2.6853334e-01
   2.6600000e-01
   2.6346666e-01
   2.6093334e-01
   2.5840000e-01
   2.5586666e-01
   2.5333334e-01
   2.5080000e-01
   2.4826666e-01
   2.4573334e-01
   2.4320000e-01
   2.4066666e-01
   2.3813334e-01
   2.3560000e-01
   2.3306666e-01
   2.3053334e-01
   2.2800000e-01
   2.2546666e-01
   2.2293334e-01
   2.2040000e-01
   2.1786666e-01
   2.1533334e-01
   2.1280000e-01
   2.1026666e-01
   2.0773334e-01
   2.0520000e-01
   2.0266666e-01
   2.0013334e-01
   1.9760000e-01
   1.9506667e-01
   1.9253333e-01
   1.9000000e-01
   1.8746667e-01
   1.8493333e-01
   1.8240000e-01
   1.7986667e-01
   1.7733333e-01
   1.7480000e-01
   1.7226667e-01
   1.6973333e-01
   1.6720000e-01
   1.6466667e-01
   1.6213333e-01
   1.5960000e-01
   1.5706667e-01
   1.5453333e-01
   1.5200000e-01
   1.4946667e-01
   1.4693333e-01
   1.4440000e-01
   1.4186667e-01
   1.3933333e-01
   1.3680000e-01
   1.3426667e-01
   1.3173333e-01
   1.2920000e-01
   1.2666667e-01
   1.2413333e-01
   1.2160000e-01
   1.1906667e-01
   1.1653333e-01
   1.1400000e-01
   1.1146667e-01
   1.0893333e-01
   1.0640000e-01
   1.0386667e-01
   1.0133333e-01
   9.8800000e-02
   9.6266666e-02
   9.3733334e-02
   9.1200000e-02
   8.8666666e-02
   8.6133334e-02
   8.3600000e-02
   8.1066666e-02
   7.8533334e-02
   7.6000000e-02
   7.3466666e-02
   7.0933334e-02
   6.8400000e-02
   6.5866666e-02
   6.3333334e-02
   6.0800000e-02
   5.8266666e-02
   5.5733334e-02
   5.3200000e-02
   5.0666666e-02
   4.8133334e-02
   4.5600000e-02
   4.3066666e-02
   4.0533334e-02
   3.8000000e-02
   3.5466666e-02
   3.2933334e-02
   3.0400000e-02
   2.7866666e-02
   2.5333334e-02
   2.2800000e-02
   2.0266666e-02
   1.7733333e-02
   1.5200000e-02
   1.2666667e-02
   1.0133333e-02
   7.6000000e-03
   5.0666666e-03
   2.5333334e-03
   0.0000000e+00
   0.0000000e+00
   0.0000000e+00
   0.0000000e+00
   0.0000000e+00
   0.0000000e+00
   0.0000000e+00
   0.0000000e+00
   0.0000000e+00
   0.0000000e+00
   0.0000000e+00
   0.0000000e+00
   0.0000000e+00
   0.0000000e+00
   0.0000000e+00
   0.0000000e+00
   0.0000000e+00
   0.0000000e+00
   0.0000000e+00
   0.0000000e+00
   0.0000000e+00
   0.0000000e+00
   0.0000000e+00
   0.0000000e+00
   0.0000000e+00
   0.0000000e+00
   0.0000000e+00
   0.0000000e+00
   0.0000000e+00
   0.0000000e+00
   0.0000000e+00
   0.0000000e+00
   0.0000000e+00
   0.0000000e+00
   0.0000000e+00
   0.0000000e+00
   0.0000000e+00
   0.0000000e+00
   0.0000000e+00
   0.0000000e+00
   0.0000000e+00
   0.0000000e+00
   0.0000000e+00
   0.0000000e+00
   0.0000000e+00
   0.0000000e+00
   0.0000000e+00
   0.0000000e+00
   0.0000000e+00
   0.0000000e+00
   0.0000000e+00
   0.0000000e+00
   0.0000000e+00
   0.0000000e+00
   0.0000000e+00
   0.0000000e+00
   0.0000000e+00
   0.0000000e+00
   0.0000000e+00
   0.0000000e+00
   0.0000000e+00
   0.0000000e+00
   0.0000000e+00
   0.0000000e+00
   0.0000000e+00
   0.0000000e+00
   0.0000000e+00
   0.0000000e+00
   0.0000000e+00
   0.0000000e+00
   0.0000000e+00
   0.0000000e+00
   0.0000000e+00
   0.0000000e+00
   0.0000000e+00
   0.0000000e+00
   0.0000000e+00
   0.0000000e+00
   0.0000000e+00
   0.0000000e+00
   0.0000000e+00
   0.0000000e+00
   0.0000000e+00
   0.0000000e+00
   0.0000000e+00
   0.0000000e+00
   0.0000000e+00
   0.0000000e+00
   0.0000000e+00
   0.0000000e+00
   0.0000000e+00
   0.0000000e+00
   0.0000000e+00
   0.0000000e+00
   0.0000000e+00
   0.0000000e+00
   0.0000000e+00
   0.0000000e+00
   0.0000000e+00
   0.0000000e+00
   0.0000000e+00
   0.0000000e+00
   0.0000000e+00
   0.0000000e+00
   0.0000000e+00
   0.0000000e+00
   0.0000000e+00
   0.0000000e+00
   0.0000000e+00
   0.0000000e+00
   0.0000000e+00
   0.0000000e+00
   0.0000000e+00
   0.0000000e+00
   0.0000000e+00
   0.0000000e+00
   0.0000000e+00
   0.0000000e+00
   0.0000000e+00
   0.0000000e+00
   0.0000000e+00
   0.0000000e+00
   0.0000000e+00
   0.0000000e+00
   0.0000000e+00
   0.0000000e+00
   0.0000000e+00
   0.0000000e+00
   0.0000000e+00
   0.0000000e+00
   0.0000000e+00
   0.0000000e+00
   0.0000000e+00
   0.0000000e+00
   0.0000000e+00
   0.0000000e+00
   0.0000000e+00
   0.0000000e+00
   0.0000000e+00
   0.0000000e+00
   0.0000000e+00
   0.0000000e+00
   0.0000000e+00
   0.0000000e+00
   0.0000000e+00
   0.0000000e+00
   0.0000000e+00
   0.0000000e+00
   0.0000000e+00
   0.0000000e+00
   0.0000000e+00
   0.0000000e+00
   0.0000000e+00
   0.0000000e+00
   0.0000000e+00
   0.0000000e+00
   0.0000000e+00
   0.0000000e+00
   0.0000000e+00
   0.0000000e+00
   0.0000000e+00
   0.0000000e+00
   0.0000000e+00
   0.0000000e+00
   0.0000000e+00
   0.0000000e+00
   0.0000000e+00
   0.0000000e+00
   0.0000000e+00
   0.0000000e+00
   0.0000000e+00
   0.0000000e+00
   0.0000000e+00
   0.0000000e+00
   0.0000000e+00
   0.0000000e+00
   0.0000000e+00
   0.0000000e+00
   0.0000000e+00
   0.0000000e+00
   0.0000000e+00
   0.0000000e+00
   0.0000000e+00
   0.0000000e+00
   0.0000000e+00
   0.0000000e+00
   0.0000000e+00
   0.0000000e+00
   0.0000000e+00
   0.0000000e+00
   0.0000000e+00
   0.0000000e+00
   0.0000000e+00
   0.0000000e+00
   0.0000000e+00
   0.0000000e+00
   0.0000000e+00
   0.0000000e+00
   0.0000000e+00
   0.0000000e+00
   0.0000000e+00
   0.0000000e+00
   0.0000000e+00
   0.0000000e+00
   0.0000000e+00
   0.0000000e+00
   0.0000000e+00
   0.0000000e+00
   0.0000000e+00
   0.0000000e+00
   0.0000000e+00
   0.0000000e+00
   0.0000000e+00
   0.0000000e+00
   0.0000000e+00
   0.0000000e+00
   0.0000000e+00
   0.0000000e+00
   0.0000000e+00
   0.0000000e+00
   0.0000000e+00
   0.0000000e+00
   0.0000000e+00
   0.0000000e+00
   0.0000000e+00
   0.0000000e+00
   0.0000000e+00
   0.0000000e+00
   0.0000000e+00
   0.0000000e+00
   0.0000000e+00
   0.0000000e+00
   0.0000000e+00
   0.0000000e+00
   0.0000000e+00
   0.0000000e+00
   0.0000000e+00
   0.0000000e+00
   0.0000000e+00
   0.0000000e+00
   0.0000000e+00
   0.0000000e+00
   0.0000000e+00
   0.0000000e+00
   0.0000000e+00
   0.0000000e+00
   0.0000000e+00
   0.0000000e+00
   0.0000000e+00
   0.0000000e+00
   0.0000000e+00
   1.6888889e-03
   3.3777778e-03
   5.0666666e-03
   6.7555556e-03
   8.4444444e-03
   1.0133333e-02
   1.1822222e-02
   1.3511111e-02
   1.5200000e-02
   1.6888889e-02
   1.8577778e-02
   2.0266666e-02
   2.1955556e-02
   2.3644444e-02
   2.5333334e-02
   2.7022222e-02
   2.8711112e-02
   3.0400000e-02
   3.2088888e-02
   3.3777778e-02
   3.5466666e-02
   3.7155556e-02
   3.8844444e-02
   4.0533334e-02
   4.2222222e-02
   4.3911112e-02
   4.5600000e-02
   4.7288888e-02
   4.8977778e-02
   5.0666666e-02
   5.2355556e-02
   5.4044444e-02
   5.5733334e-02
   5.7422222e-02
   5.9111112e-02
   6.0800000e-02
   6.2488888e-02
   6.4177778e-02
   6.5866666e-02
   6.7555556e-02
   6.9244444e-02
   7.0933334e-02
   7.2622222e-02
   7.4311112e-02
   7.6000000e-02
   7.7688888e-02
   7.9377778e-02
   8.1066666e-02
   8.2755556e-02
   8.4444444e-02
   8.6133334e-02
   8.7822222e-02
   8.9511112e-02
   9.1200000e-02
   9.2888888e-02
   9.4577778e-02
   9.6266666e-02
   9.7955556e-02
   9.9644444e-02
   1.0133333e-01
   1.0302222e-01
   1.0471111e-01
   1.0640000e-01
   1.0808889e-01
   1.0977778e-01
   1.1146667e-01
   1.1315556e-01
   1.1484444e-01
   1.1653333e-01
   1.1822222e-01
   1.1991111e-01
   1.2160000e-01
   1.2328889e-01
   1.2497778e-01
   1.2666667e-01
   1.2835556e-01
   1.3004444e-01
   1.3173333e-01
   1.3342222e-01
   1.3511111e-01
   1.3680000e-01
   1.3848889e-01
   1.4017778e-01
   1.4186667e-01
   1.4355556e-01
   1.4524444e-01
   1.4693333e-01
   1.4862222e-01
   1.5031111e-01
   1.5200000e-01
   1.5368889e-01
   1.5537778e-01
   1.5706667e-01
   1.5875556e-01
   1.6044444e-01
   1.6213333e-01
   1.6382222e-01
   1.6551111e-01
   1.6720000e-01
   1.6888889e-01
   1.7057778e-01
   1.7226667e-01
   1.7395556e-01
   1.7564444e-01
   1.7733333e-01
   1.7902222e-01
   1.8071111e-01
   1.8240000e-01
   1.8408889e-01
   1.8577778e-01
   1.8746667e-01
   1.8915556e-01
   1.9084444e-01
   1.9253333e-01
   1.9422222e-01
   1.9591111e-01
   1.9760000e-01
   1.9928889e-01
   2.0097778e-01
   2.0266666e-01
   2.0435556e-01
   2.0604444e-01
   2.0773334e-01
   2.0942222e-01
   2.1111112e-01
   2.1280000e-01
   2.1448888e-01
   2.1617778e-01
   2.1786666e-01
   2.1955556e-01
   2.2124444e-01
   2.2293334e-01
   2.2462222e-01
   2.2631112e-01
   2.2800000e-01
   2.2968888e-01
   2.3137778e-01
   2.3306666e-01
   2.3475556e-01
   2.3644444e-01
   2.3813334e-01
   2.3982222e-01
   2.4151112e-01
   2.4320000e-01
   2.4488888e-01
   2.4657778e-01
   2.4826666e-01
   2.4995556e-01
   2.5164444e-01
   2.5333334e-01
   2.5502222e-01
   2.5671112e-01
   2.5840000e-01
   2.6008888e-01
   2.6177778e-01
   2.6346666e-01
   2.6515556e-01
   2.6684444e-01
   2.6853334e-01
   2.7022222e-01
   2.7191112e-01
   2.7360000e-01
   2.7528888e-01
   2.7697778e-01
   2.7866666e-01
   2.8035556e-01
   2.8204444e-01
   2.8373334e-01
   2.8542222e-01
   2.8711112e-01
   2.8880000e-01
   2.9048888e-01
   2.9217778e-01
   2.9386666e-01
   2.9555556e-01
   2.9724444e-01
   2.9893334e-01
   3.0062222e-01
   3.0231112e-01
   3.0400000e-01
   3.0568888e-01
   3.0737778e-01
   3.0906666e-01
   3.1075556e-01
   3.1244444e-01
   3.1413334e-01
   3.1582222e-01
   3.1751112e-01
   3.1920000e-01
   3.2088888e-01
   3.2257778e-01
   3.2426666e-01
   3.2595556e-01
   3.2764444e-01
   3.2933334e-01
   3.3102222e-01
   3.3271112e-01
   3.3440000e-01
   3.3608888e-01
   3.3777778e-01
   3.3946666e-01
   3.4115556e-01
   3.4284444e-01
   3.4453334e-01
   3.4622222e-01
   3.4791112e-01
   3.4960000e-01
   3.5128888e-01
   3.5297778e-01
   3.5466666e-01
   3.5635556e-01
   3.5804444e-01
   3.5973334e-01
   3.6142222e-01
   3.6311112e-01
   3.6480000e-01
   3.6648888e-01
   3.6817778e-01
   3.6986666e-01
   3.7155556e-01
   3.7324444e-01
   3.7493334e-01
   3.7662222e-01
   3.7831112e-01
   3.8000000e-01
   3.8168888e-01
   3.8337778e-01
   3.8506666e-01
   3.8675556e-01
   3.8844444e-01
   3.9013334e-01
   3.9182222e-01
   3.9351112e-01
   3.9520000e-01
   3.9688888e-01
   3.9857778e-01
   4.0026666e-01
   4.0195556e-01
   4.0364444e-01
   4.0533334e-01
   4.0702222e-01
   4.0871112e-01
   4.1040000e-01
   4.1208888e-01
   4.1377778e-01
   4.1546666e-01
   4.1715556e-01
   4.1884444e-01
   4.2053334e-01
   4.2222222e-01
   4.2391112e-01
   4.2560000e-01
   4.2728888e-01
   4.2897778e-01
   4.3066666e-01
   4.3235556e-01
   4.3404444e-01
   4.3573334e-01
   4.3742222e-01
   4.3911112e-01
   4.4080000e-01
   4.4248888e-01
   4.4417778e-01
   4.4586666e-01
   4.4755556e-01
   4.4924444e-01
   4.5093334e-01
   4.5262222e-01
   4.5431112e-01
   4.5600000e-01
   4.5768888e-01
   4.5937778e-01
   4.6106666e-01
   4.6275556e-01
   4.6444444e-01
   4.6613334e-01
   4.6782222e-01
   4.6951112e-01
   4.7120000e-01
   4.7288888e-01
   4.7457778e-01
   4.7626666e-01
   4.7795556e-01
   4.7964444e-01
   4.8133334e-01
   4.8302222e-01
   4.8471112e-01
   4.8640000e-01
   4.8808888e-01
   4.8977778e-01
   4.9146666e-01
   4.9315556e-01
   4.9484444e-01
   4.9653334e-01
   4.9822222e-01
   4.9991112e-01
   5.0160000e-01
   5.0328888e-01
   5.0497778e-01
   5.0666666e-01
   5.0835556e-01
   5.1004444e-01
   5.1173334e-01
   5.1342222e-01
   5.1511112e-01
   5.1680000e-01
   5.1848888e-01
   5.2017778e-01
   5.2186666e-01
   5.2355556e-01
   5.2524444e-01
   5.2693334e-01
   5.2862222e-01
   5.3031112e-01
   5.3200000e-01
   5.3368888e-01
   5.3537778e-01
   5.3706666e-01
   5.3875556e-01
   5.4044444e-01
   5.4213334e-01
   5.4382222e-01
   5.4551112e-01
   5.4720000e-01
   5.4888888e-01
   5.5057778e-01
   5.5226666e-01
   5.5395556e-01
   5.5564444e-01
   5.5733334e-01
   5.5902222e-01
   5.6071112e-01
   5.6240000e-01
   5.6408888e-01
   5.6577778e-01
   5.6746666e-01
   5.6915556e-01
   5.7084444e-01
   5.7253334e-01
   5.7422222e-01
   5.7591112e-01
   5.7760000e-01
   5.7928888e-01
   5.8097778e-01
   5.8266666e-01
   5.8435556e-01
   5.8604444e-01
   5.8773334e-01
   5.8942222e-01
   5.9111112e-01
   5.9280000e-01
   5.9448888e-01
   5.9617778e-01
   5.9786666e-01
   5.9955556e-01
   6.0124444e-01
   6.0293334e-01
   6.0462222e-01
   6.0631112e-01
   6.0800000e-01
   6.0968888e-01
   6.1137778e-01
   6.1306666e-01
   6.1475556e-01
   6.1644444e-01
   6.1813334e-01
   6.1982222e-01
   6.2151112e-01
   6.2320000e-01
   6.2488888e-01
   6.2657778e-01
   6.2826666e-01
   6.2995556e-01
   6.3164444e-01
   6.3333334e-01
   6.3502222e-01
   6.3671112e-01
   6.3840000e-01
   6.4008888e-01
   6.4177778e-01
   6.4346666e-01
   6.4515556e-01
   6.4684444e-01
   6.4853334e-01
   6.5022222e-01
   6.5191112e-01
   6.5360000e-01
   6.5528888e-01
   6.5697778e-01
   6.5866666e-01
   6.6035556e-01
   6.6204444e-01
   6.6373334e-01
   6.6542222e-01
   6.6711112e-01
   6.6880000e-01
   6.7048888e-01
   6.7217778e-01
   6.7386666e-01
   6.7555556e-01
   6.7724444e-01
   6.7893334e-01
   6.8062222e-01
   6.8231112e-01
   6.8400000e-01
   6.8568888e-01
   6.8737778e-01
   6.8906666e-01
   6.9075556e-01
   6.9244444e-01
   6.9413334e-01
   6.9582222e-01
   6.9751112e-01
   6.9920000e-01
   7.0088888e-01
   7.0257778e-01
   7.0426666e-01
   7.0595556e-01
   7.0764444e-01
   7.0933334e-01
   7.1102222e-01
   7.1271112e-01
   7.1440000e-01
   7.1608888e-01
   7.1777778e-01
   7.1946666e-01
   7.2115556e-01
   7.2284444e-01
   7.2453334e-01
   7.2622222e-01
   7.2791112e-01
   7.2960000e-01
   7.3128888e-01
   7.3297778e-01
   7.3466666e-01
   7.3635556e-01
   7.3804444e-01
   7.3973334e-01
   7.4142222e-01
   7.4311112e-01
   7.4480000e-01
   7.4648888e-01
   7.4817778e-01
   7.4986666e-01
   7.5155556e-01
   7.5324444e-01
   7.5493334e-01
   7.5662222e-01
   7.5831112e-01
   7.6000000e-01
   7.6168888e-01
   7.6337778e-01
   7.6506666e-01
   7.6675556e-01
   7.6844444e-01
   7.7013334e-01
   7.7182222e-01
   7.7351112e-01
   7.7520000e-01
   7.7688888e-01
   7.7857778e-01
   7.8026666e-01
   7.8195556e-01
   7.8364444e-01
   7.8533334e-01
   7.8702222e-01
   7.8871112e-01
   7.9040000e-01
   7.9208888e-01
   7.9377778e-01
   7.9546666e-01
   7.9715556e-01
   7.9884444e-01
   8.0053334e-01
   8.0222222e-01
   8.0391112e-01
   8.0560000e-01
   8.0728888e-01
   8.0897778e-01
   8.1066666e-01
   8.1235556e-01
   8.1404444e-01
   8.1573334e-01
   8.1742222e-01
   8.1911112e-01
   8.2080000e-01
   8.2248888e-01
   8.2417778e-01
   8.2586666e-01
   8.2755556e-01
   8.2924444e-01
   8.3093334e-01
   8.3262222e-01
   8.3431112e-01
   8.3600000e-01
   8.3768888e-01
   8.3937778e-01
   8.4106666e-01
   8.4275556e-01
   8.4444444e-01
   8.4613334e-01
   8.4782222e-01
   8.4951112e-01
   8.5120000e-01
   8.5288888e-01
   8.5457778e-01
   8.5626666e-01
   8.5795556e-01
   8.5964444e-01
   8.6133334e-01
   8.6302222e-01
   8.6471112e-01
   8.6640000e-01
   8.6808888e-01
   8.6977778e-01
   8.7146666e-01
   8.7315556e-01
   8.7484444e-01
   8.7653334e-01
   8.7822222e-01
   8.7991112e-01
   8.8160000e-01
   8.8328888e-01
   8.8497778e-01
   8.8666666e-01
   8.8835556e-01
   8.9004444e-01
   8.9173334e-01
   8.9342222e-01
   8.9511112e-01
   8.9680000e-01
   8.9848888e-01
   9.0017778e-01
   9.0186666e-01
   9.0355556e-01
   9.0524444e-01
   9.0693334e-01
   9.0862222e-01
   9.1031112e-01
   9.1200000e-01
   9.1368888e-01
   9.1537778e-01
   9.1706666e-01
   9.1875556e-01
   9.2044444e-01
   9.2213334e-01
   9.2382222e-01
   9.2551112e-01
   9.2720000e-01
   9.2888888e-01
   9.3057778e-01
   9.3226666e-01
   9.3395556e-01
   9.3564444e-01
   9.3733334e-01
   9.3902222e-01
   9.4071112e-01
   9.4240000e-01
   9.4408888e-01
   9.4577778e-01
   9.4746666e-01
   9.4915556e-01
   9.5084444e-01
   9.5253334e-01
   9.5422222e-01
   9.5591112e-01
   9.5760000e-01
   9.5928888e-01
   9.6097778e-01
   9.6266666e-01
   9.6435556e-01
   9.6604444e-01
   9.6773334e-01
   9.6942222e-01
   9.7111112e-01
   9.7280000e-01
   9.7448888e-01
   9.7617778e-01
   9.7786666e-01
   9.7955556e-01
   9.8124444e-01
   9.8293334e-01
   9.8462222e-01
   9.8631112e-01
   9.8800000e-01
   9.8968888e-01
   9.9137778e-01
   9.9306666e-01
   9.9475556e-01
   9.9644444e-01
   9.9813334e-01
   9.9982222e-01
   1.0015111e+00
   1.0032000e+00
   1.0048889e+00
   1.0065778e+00
   1.0082667e+00
   1.0099556e+00
   1.0116444e+00
   1.0133333e+00
   1.0150222e+00
   1.0167111e+00
   1.0184000e+00
   1.0200889e+00
   1.0217778e+00
   1.0234667e+00
   1.0251556e+00
   1.0268444e+00
   1.0285333e+00
   1.0302222e+00
   1.0319111e+00
   1.0336000e+00
   1.0352889e+00
   1.0369778e+00
   1.0386667e+00
   1.0403556e+00
   1.0420444e+00
   1.0437333e+00
   1.0454222e+00
   1.0471111e+00
   1.0488000e+00
   1.0504889e+00
   1.0521778e+00
   1.0538667e+00
   1.0555556e+00
   1.0572444e+00
   1.0589333e+00
   1.0606222e+00
   1.0623111e+00
   1.0640000e+00
   1.0656889e+00
   1.0673778e+00
   1.0690667e+00
   1.0707556e+00
   1.0724444e+00
   1.0741333e+00
   1.0758222e+00
   1.0775111e+00
   1.0792000e+00
   1.0808889e+00
   1.0825778e+00
   1.0842667e+00
   1.0859556e+00
   1.0876444e+00
   1.0893333e+00
   1.0910222e+00
   1.0927111e+00
   1.0944000e+00
   1.0960889e+00
   1.0977778e+00
   1.0994667e+00
   1.1011556e+00
   1.1028444e+00
   1.1045333e+00
   1.1062222e+00
   1.1079111e+00
   1.1096000e+00
   1.1112889e+00
   1.1129778e+00
   1.1146667e+00
   1.1163556e+00
   1.1180444e+00
   1.1197333e+00
   1.1214222e+00
   1.1231111e+00
   1.1248000e+00
   1.1264889e+00
   1.1281778e+00
   1.1298667e+00
   1.1315556e+00
   1.1332444e+00
   1.1349333e+00
   1.1366222e+00
   1.1383111e+00
   1.1400000e+00
   1.1416889e+00
   1.1433778e+00
   1.1450667e+00
   1.1467556e+00
   1.1484444e+00
   1.1501333e+00
   1.1518222e+00
   1.1535111e+00
   1.1552000e+00
   1.1568889e+00
   1.1585778e+00
   1.1602667e+00
   1.1619556e+00
   1.1636444e+00
   1.1653333e+00
   1.1670222e+00
   1.1687111e+00
   1.1704000e+00
   1.1720889e+00
   1.1737778e+00
   1.1754667e+00
   1.1771556e+00
   1.1788444e+00
   1.1805333e+00
   1.1822222e+00
   1.1839111e+00
   1.1856000e+00
   1.1872889e+00
   1.1889778e+00
   1.1906667e+00
   1.1923556e+00
   1.1940444e+00
   1.1957333e+00
   1.1974222e+00
   1.1991111e+00
   1.2008000e+00
   1.2024889e+00
   1.2041778e+00
   1.2058667e+00
   1.2075556e+00
   1.2092444e+00
   1.2109333e+00
   1.2126222e+00
   1.2143111e+00
   1.2160000e+00
   1.2176889e+00
   1.2193778e+00
   1.2210667e+00
   1.2227556e+00
   1.2244444e+00
   1.2261333e+00
   1.2278222e+00
   1.2295111e+00
   1.2312000e+00
   1.2328889e+00
   1.2345778e+00
   1.2362667e+00
   1.2379556e+00
   1.2396444e+00
   1.2413333e+00
   1.2430222e+00
   1.2447111e+00
   1.2464000e+00
   1.2480889e+00
   1.2497778e+00
   1.2514667e+00
   1.2531556e+00
   1.2548444e+00
   1.2565333e+00
   1.2582222e+00
   1.2599111e+00
   1.2616000e+00
   1.2632889e+00
   1.2649778e+00
   1.2666667e+00
   1.2649778e+00
   1.2632889e+00
   1.2616000e+00
   1.2599111e+00
   1.2582222e+00
   1.2565333e+00
   1.2548444e+00
   1.2531556e+00
   1.2514667e+00
   1.2497778e+00
   1.2480889e+00
   1.2464000e+00
   1.2447111e+00
   1.2430222e+00
   1.2413333e+00
   1.2396444e+00
   1.2379556e+00
   1.2362667e+00
   1.2345778e+00
   1.2328889e+00
   1.2312000e+00
   1.2295111e+00
   1.2278222e+00
   1.2261333e+00
   1.2244444e+00
   1.2227556e+00
   1.2210667e+00
   1.2193778e+00
   1.2176889e+00
   1.2160000e+00
   1.2143111e+00
   1.2126222e+00
   1.2109333e+00
   1.2092444e+00
   1.2075556e+00
   1.2058667e+00
   1.2041778e+00
   1.2024889e+00
   1.2008000e+00
   1.1991111e+00
   1.1974222e+00
   1.1957333e+00
   1.1940444e+00
   1.1923556e+00
   1.1906667e+00
   1.1889778e+00
   1.1872889e+00
   1.1856000e+00
   1.1839111e+00
   1.1822222e+00
   1.1805333e+00
   1.1788444e+00
   1.1771556e+00
   1.1754667e+00
   1.1737778e+00
   1.1720889e+00
   1.1704000e+00
   1.1687111e+00
   1.1670222e+00
   1.1653333e+00
   1.1636444e+00
   1.1619556e+00
   1.1602667e+00
   1.1585778e+00
   1.1568889e+00
   1.1552000e+00
   1.1535111e+00
   1.1518222e+00
   1.1501333e+00
   1.1484444e+00
   1.1467556e+00
   1.1450667e+00
   1.1433778e+00
   1.1416889e+00
   1.1400000e+00
   1.1383111e+00
   1.1366222e+00
   1.1349333e+00
   1.1332444e+00
   1.1315556e+00
   1.1298667e+00
   1.1281778e+00
   1.1264889e+00
   1.1248000e+00
   1.1231111e+00
   1.1214222e+00
   1.1197333e+00
   1.1180444e+00
   1.1163556e+00
   1.1146667e+00
   1.1129778e+00
   1.1112889e+00
   1.1096000e+00
   1.1079111e+00
   1.1062222e+00
   1.1045333e+00
   1.1028444e+00
   1.1011556e+00
   1.0994667e+00
   1.0977778e+00
   1.0960889e+00
   1.0944000e+00
   1.0927111e+00
   1.0910222e+00
   1.0893333e+00
   1.0876444e+00
   1.0859556e+00
   1.0842667e+00
   1.0825778e+00
   1.0808889e+00
   1.0792000e+00
   1.0775111e+00
   1.0758222e+00
   1.0741333e+00
   1.0724444e+00
   1.0707556e+00
   1.0690667e+00
   1.0673778e+00
   1.0656889e+00
   1.0640000e+00
   1.0623111e+00
   1.0606222e+00
   1.0589333e+00
   1.0572444e+00
   1.0555556e+00
   1.0538667e+00
   1.0521778e+00
   1.0504889e+00
   1.0488000e+00
   1.0471111e+00
   1.0454222e+00
   1.0437333e+00
   1.0420444e+00
   1.0403556e+00
   1.0386667e+00
   1.0369778e+00
   1.0352889e+00
   1.0336000e+00
   1.0319111e+00
   1.0302222e+00
   1.0285333e+00
   1.0268444e+00
   1.0251556e+00
   1.0234667e+00
   1.0217778e+00
   1.0200889e+00
   1.0184000e+00
   1.0167111e+00
   1.0150222e+00
   1.0133333e+00
   1.0116444e+00
   1.0099556e+00
   1.0082667e+00
   1.0065778e+00
   1.0048889e+00
   1.0032000e+00
   1.0015111e+00
   9.9982222e-01
   9.9813334e-01
   9.9644444e-01
   9.9475556e-01
   9.9306666e-01
   9.9137778e-01
   9.8968888e-01
   9.8800000e-01
   9.8631112e-01
   9.8462222e-01
   9.8293334e-01
   9.8124444e-01
   9.7955556e-01
   9.7786666e-01
   9.7617778e-01
   9.7448888e-01
   9.7280000e-01
   9.7111112e-01
   9.6942222e-01
   9.6773334e-01
   9.6604444e-01
   9.6435556e-01
   9.6266666e-01
   9.6097778e-01
   9.5928888e-01
   9.5760000e-01
   9.5591112e-01
   9.5422222e-01
   9.5253334e-01
   9.5084444e-01
   9.4915556e-01
   9.4746666e-01
   9.4577778e-01
   9.4408888e-01
   9.4240000e-01
   9.4071112e-01
   9.3902222e-01
   9.3733334e-01
   9.3564444e-01
   9.3395556e-01
   9.3226666e-01
   9.3057778e-01
   9.2888888e-01
   9.2720000e-01
   9.2551112e-01
   9.2382222e-01
   9.2213334e-01
   9.2044444e-01
   9.1875556e-01
   9.1706666e-01
   9.1537778e-01
   9.1368888e-01
   9.1200000e-01
   9.1031112e-01
   9.0862222e-01
   9.0693334e-01
   9.0524444e-01
   9.0355556e-01
   9.0186666e-01
   9.0017778e-01
   8.9848888e-01
   8.9680000e-01
   8.9511112e-01
   8.9342222e-01
   8.9173334e-01
   8.9004444e-01
   8.8835556e-01
   8.8666666e-01
   8.8497778e-01
   8.8328888e-01
   8.8160000e-01
   8.7991112e-01
   8.7822222e-01
   8.7653334e-01
   8.7484444e-01
   8.7315556e-01
   8.7146666e-01
   8.6977778e-01
   8.6808888e-01
   8.6640000e-01
   8.6471112e-01
   8.6302222e-01
   8.6133334e-01
   8.5964444e-01
   8.5795556e-01
   8.5626666e-01
   8.5457778e-01
   8.5288888e-01
   8.5120000e-01
   8.4951112e-01
   8.4782222e-01
   8.4613334e-01
   8.4444444e-01
   8.4444444e-01
   8.4444444e-01
   8.4444444e-01
   8.4444444e-01
   8.4444444e-01
   8.4444444e-01
   8.4444444e-01
   8.4444444e-01
   8.4444444e-01
   8.4444444e-01
   8.4444444e-01
   8.4444444e-01
   8.4444444e-01
   8.4444444e-01
   8.4444444e-01
   8.4444444e-01
   8.4444444e-01
   8.4444444e-01
   8.4444444e-01
   8.4444444e-01
   8.4444444e-01
   8.4444444e-01
   8.4444444e-01
   8.4444444e-01
   8.4444444e-01
   8.4444444e-01
   8.4444444e-01
   8.4444444e-01
   8.4444444e-01
   8.4444444e-01
   8.4444444e-01
   8.4444444e-01
   8.4444444e-01
   8.4444444e-01
   8.4444444e-01
   8.4444444e-01
   8.4444444e-01
   8.4444444e-01
   8.4444444e-01
   8.4444444e-01
   8.4444444e-01
   8.4444444e-01
   8.4444444e-01
   8.4444444e-01
   8.4444444e-01
   8.4444444e-01
   8.4444444e-01
   8.4444444e-01
   8.4444444e-01
   8.4444444e-01
   8.4444444e-01
   8.4444444e-01
   8.4444444e-01
   8.4444444e-01
   8.4444444e-01
   8.4444444e-01
   8.4444444e-01
   8.4444444e-01
   8.4444444e-01
   8.4444444e-01
   8.4444444e-01
   8.4444444e-01
   8.4444444e-01
   8.4444444e-01
   8.4444444e-01
   8.4444444e-01
   8.4444444e-01
   8.4444444e-01
   8.4444444e-01
   8.4444444e-01
   8.4444444e-01
   8.4444444e-01
   8.4444444e-01
   8.4444444e-01
   8.4444444e-01
   8.4444444e-01
   8.4444444e-01
   8.4444444e-01
   8.4444444e-01
   8.4444444e-01
   8.4444444e-01
   8.4444444e-01
   8.4444444e-01
   8.4444444e-01
   8.4444444e-01
   8.4444444e-01
   8.4444444e-01
   8.4444444e-01
   8.4444444e-01
   8.4444444e-01
   8.4444444e-01
   8.4444444e-01
   8.4444444e-01
   8.4444444e-01
   8.4444444e-01
   8.4444444e-01
   8.4444444e-01
   8.4444444e-01
   8.4444444e-01
   8.4444444e-01
   8.4444444e-01
   8.4444444e-01
   8.4444444e-01
   8.4444444e-01
   8.4444444e-01
   8.4444444e-01
   8.4444444e-01
   8.4444444e-01
   8.4444444e-01
   8.4444444e-01
   8.4444444e-01
   8.4444444e-01
   8.4444444e-01
   8.4444444e-01
   8.4444444e-01
   8.4444444e-01
   8.4444444e-01
   8.4444444e-01
   8.4444444e-01
   8.4444444e-01
   8.4444444e-01
   8.4444444e-01
   8.4444444e-01
   8.4444444e-01
   8.4444444e-01
   8.4444444e-01
   8.4444444e-01
   8.4444444e-01
   8.4444444e-01
   8.4444444e-01
   8.4444444e-01
   8.4444444e-01
   8.4444444e-01
   8.4444444e-01
   8.4444444e-01
   8.4444444e-01
   8.4444444e-01
   8.4444444e-01
   8.4444444e-01
   8.4444444e-01
   8.4444444e-01
   8.4444444e-01
   8.4444444e-01
   8.4444444e-01
   8.4444444e-01
   8.4444444e-01
   8.4444444e-01
   8.4444444e-01
   8.4444444e-01
   8.4444444e-01
   8.4444444e-01
   8.4444444e-01
   8.4444444e-01
   8.4444444e-01
   8.4444444e-01
   8.4444444e-01
   8.4444444e-01
   8.4444444e-01
   8.4444444e-01
   8.4444444e-01
   8.4444444e-01
   8.4444444e-01
   8.4444444e-01
   8.4444444e-01
   8.4444444e-01
   8.4444444e-01
   8.4444444e-01
   8.4444444e-01
   8.4444444e-01
   8.4444444e-01
   8.4444444e-01
   8.4444444e-01
   8.4444444e-01
   8.4444444e-01
   8.4444444e-01
   8.4444444e-01
   8.4444444e-01
   8.4444444e-01
   8.4444444e-01
   8.4444444e-01
   8.4444444e-01
   8.4444444e-01
   8.4444444e-01
   8.4444444e-01
   8.4444444e-01
   8.4444444e-01
   8.4444444e-01
   8.4444444e-01
   8.4444444e-01
   8.4444444e-01
   8.4444444e-01
   8.4444444e-01
   8.4444444e-01
   8.4444444e-01
   8.4444444e-01
   8.4444444e-01
   8.4444444e-01
   8.4444444e-01
   8.4444444e-01
   8.4444444e-01
   8.4444444e-01
   8.4444444e-01
   8.4444444e-01
   8.4444444e-01
   8.4444444e-01
   8.4444444e-01
   8.4444444e-01
   8.4444444e-01
   8.4444444e-01
   8.4444444e-01
   8.4444444e-01
   8.4444444e-01
   8.4444444e-01
   8.4444444e-01
   8.4444444e-01
   8.4444444e-01
   8.4444444e-01
   8.4444444e-01
   8.4444444e-01
   8.4444444e-01
   8.4444444e-01
   8.4444444e-01
   8.4444444e-01
   8.4444444e-01
   8.4444444e-01
   8.4444444e-01
   8.4444444e-01
   8.4444444e-01
   8.4444444e-01
   8.4444444e-01
   8.4444444e-01
   8.4444444e-01
   8.4444444e-01
   8.4444444e-01
   8.4444444e-01
   8.4444444e-01
   8.4444444e-01
   8.4444444e-01
   8.4444444e-01
   8.4444444e-01
   8.4444444e-01
   8.4444444e-01
   8.4444444e-01
   8.4444444e-01
   8.4444444e-01
   8.4444444e-01
   8.4444444e-01
   8.4444444e-01
   8.4444444e-01
   8.4444444e-01
   8.4444444e-01
   8.4444444e-01
   8.4444444e-01
   8.4444444e-01
   8.4444444e-01
   8.4444444e-01
   8.4444444e-01
   8.4444444e-01
   8.4444444e-01
   8.4444444e-01
   8.4444444e-01
   8.4444444e-01
   8.4444444e-01
   8.4444444e-01
   8.4444444e-01
   8.4444444e-01
   8.4444444e-01
   8.4444444e-01
   8.4444444e-01
   8.4444444e-01
   8.4444444e-01
   8.4444444e-01
   8.4444444e-01
   8.4444444e-01
   8.4444444e-01
   8.4444444e-01
   8.4444444e-01
   8.4444444e-01
   8.4444444e-01
   8.4444444e-01
   8.4444444e-01
   8.4444444e-01
   8.4444444e-01
   8.4444444e-01
   8.4444444e-01
   8.4444444e-01
   8.4444444e-01
   8.4444444e-01
   8.4444444e-01
   8.4444444e-01
   8.4444444e-01
   8.4444444e-01
   8.4444444e-01
   8.4444444e-01
   8.4444444e-01
   8.4444444e-01
   8.4444444e-01
   8.4444444e-01
   8.4444444e-01
   8.4444444e-01
   8.4444444e-01
   8.4444444e-01
   8.4444444e-01
   8.4444444e-01
   8.4444444e-01
   8.4444444e-01
   8.4444444e-01
   8.4444444e-01
   8.4444444e-01
   8.4444444e-01
   8.4444444e-01
   8.4444444e-01
   8.4444444e-01
   8.4444444e-01
   8.4444444e-01
   8.4444444e-01
   8.4444444e-01
   8.4444444e-01
   8.4444444e-01
   8.4444444e-01
   8.4444444e-01
   8.4444444e-01
   8.4444444e-01
   8.4444444e-01
   8.4444444e-01
   8.4444444e-01
   8.4444444e-01
   8.4444444e-01
   8.4444444e-01
   8.4444444e-01
   8.4444444e-01
   8.4444444e-01
   8.4444444e-01
   8.4444444e-01
   8.4444444e-01
   8.4444444e-01
   8.4444444e-01
   8.4444444e-01
   8.4444444e-01
   8.4444444e-01
   8.4444444e-01
   8.4444444e-01
   8.4444444e-01
   8.4444444e-01
   8.4444444e-01
   8.4444444e-01
   8.4444444e-01
   8.4444444e-01
   8.4444444e-01
   8.4444444e-01
   8.4444444e-01
   8.4444444e-01
   8.4444444e-01
   8.4444444e-01
   8.4444444e-01
   8.4444444e-01
   8.4444444e-01
   8.4444444e-01
   8.4444444e-01
   8.4444444e-01
   8.4444444e-01
   8.4444444e-01
   8.4444444e-01
   8.4444444e-01
   8.4444444e-01
   8.4444444e-01
   8.4444444e-01
   8.4444444e-01
   8.4444444e-01
   8.4444444e-01
   8.4444444e-01
   8.4444444e-01
   8.4444444e-01
   8.4444444e-01
   8.4444444e-01
   8.4444444e-01
   8.4444444e-01
   8.4444444e-01
   8.4444444e-01
   8.4444444e-01
   8.4444444e-01
   8.4444444e-01
   8.4444444e-01
   8.4444444e-01
   8.4444444e-01
   8.4444444e-01
   8.4444444e-01
   8.4444444e-01
   8.4444444e-01
   8.4444444e-01
   8.4444444e-01
   8.4444444e-01
   8.4444444e-01
   8.4444444e-01
   8.4444444e-01
   8.4444444e-01
   8.4444444e-01
   8.4444444e-01
   8.4444444e-01
   8.4444444e-01
   8.4444444e-01
   8.4444444e-01
   8.4444444e-01
   8.4444444e-01
   8.4444444e-01
   8.4444444e-01
   8.4444444e-01
   8.4444444e-01
   8.4444444e-01
   8.4444444e-01
   8.4444444e-01
   8.4444444e-01
   8.4444444e-01
   8.4444444e-01
   8.4444444e-01
   8.4444444e-01
   8.4444444e-01
   8.4444444e-01
   8.4444444e-01
   8.4444444e-01
   8.4444444e-01
   8.4444444e-01
   8.4444444e-01
   8.4444444e-01
   8.4444444e-01
   8.4444444e-01
   8.4444444e-01
   8.4444444e-01
   8.4444444e-01
   8.4444444e-01
   8.4444444e-01
   8.4444444e-01
   8.4444444e-01
   8.4444444e-01
   8.4444444e-01
   8.4444444e-01
   8.4444444e-01
   8.4444444e-01
   8.4444444e-01
   8.4444444e-01
   8.4444444e-01
   8.4444444e-01
   8.4444444e-01
   8.4444444e-01
   8.4444444e-01
   8.4444444e-01
   8.4444444e-01
   8.4444444e-01
   8.4444444e-01
   8.4444444e-01
   8.4444444e-01
   8.4444444e-01
   8.4444444e-01
   8.4444444e-01
   8.4444444e-01
   8.4444444e-01
   8.4444444e-01
   8.4444444e-01
   8.4444444e-01
   8.4444444e-01
   8.4444444e-01
   8.4444444e-01
   8.4444444e-01
   8.4444444e-01
   8.4444444e-01
   8.4444444e-01
   8.4444444e-01
   8.4444444e-01
   8.4444444e-01
   8.4444444e-01
   8.4444444e-01
   8.4444444e-01
   8.4444444e-01
   8.4444444e-01
   8.4444444e-01
   8.4444444e-01
   8.4444444e-01
   8.4444444e-01
   8.4444444e-01
   8.4444444e-01
   8.4444444e-01
   8.4444444e-01
   8.4444444e-01
   8.4444444e-01
   8.4444444e-01
   8.4444444e-01
   8.4444444e-01
   8.4444444e-01
   8.4444444e-01
   8.4444444e-01
   8.4444444e-01
   8.4444444e-01
   8.4444444e-01
   8.4444444e-01
   8.4444444e-01
   8.4444444e-01
   8.4444444e-01
   8.4444444e-01
   8.4444444e-01
   8.4444444e-01
   8.4613334e-01
   8.4782222e-01
   8.4951112e-01
   8.5120000e-01
   8.5288888e-01
   8.5457778e-01
   8.5626666e-01
   8.5795556e-01
   8.5964444e-01
   8.6133334e-01
   8.6302222e-01
   8.6471112e-01
   8.6640000e-01
   8.6808888e-01
   8.6977778e-01
   8.7146666e-01
   8.7315556e-01
   8.7484444e-01
   8.7653334e-01
   8.7822222e-01
   8.7991112e-01
   8.8160000e-01
   8.8328888e-01
   8.8497778e-01
   8.8666666e-01
   8.8835556e-01
   8.9004444e-01
   8.9173334e-01
   8.9342222e-01
   8.9511112e-01
   8.9680000e-01
   8.9848888e-01
   9.0017778e-01
   9.0186666e-01
   9.0355556e-01
   9.0524444e-01
   9.0693334e-01
   9.0862222e-01
   9.1031112e-01
   9.1200000e-01
   9.1368888e-01
   9.1537778e-01
   9.1706666e-01
   9.1875556e-01
   9.2044444e-01
   9.2213334e-01
   9.2382222e-01
   9.2551112e-01
   9.2720000e-01
   9.2888888e-01
   9.3057778e-01
   9.3226666e-01
   9.3395556e-01
   9.3564444e-01
   9.3733334e-01
   9.3902222e-01
   9.4071112e-01
   9.4240000e-01
   9.4408888e-01
   9.4577778e-01
   9.4746666e-01
   9.4915556e-01
   9.5084444e-01
   9.5253334e-01
   9.5422222e-01
   9.5591112e-01
   9.5760000e-01
   9.5928888e-01
   9.6097778e-01
   9.6266666e-01
   9.6435556e-01
   9.6604444e-01
   9.6773334e-01
   9.6942222e-01
   9.7111112e-01
   9.7280000e-01
   9.7448888e-01
   9.7617778e-01
   9.7786666e-01
   9.7955556e-01
   9.8124444e-01
   9.8293334e-01
   9.8462222e-01
   9.8631112e-01
   9.8800000e-01
   9.8968888e-01
   9.9137778e-01
   9.9306666e-01
   9.9475556e-01
   9.9644444e-01
   9.9813334e-01
   9.9982222e-01
   1.0015111e+00
   1.0032000e+00
   1.0048889e+00
   1.0065778e+00
   1.0082667e+00
   1.0099556e+00
   1.0116444e+00
   1.0133333e+00
   1.0150222e+00
   1.0167111e+00
   1.0184000e+00
   1.0200889e+00
   1.0217778e+00
   1.0234667e+00
   1.0251556e+00
   1.0268444e+00
   1.0285333e+00
   1.0302222e+00
   1.0319111e+00
   1.0336000e+00
   1.0352889e+00
   1.0369778e+00
   1.0386667e+00
   1.0403556e+00
   1.0420444e+00
   1.0437333e+00
   1.0454222e+00
   1.0471111e+00
   1.0488000e+00
   1.0504889e+00
   1.0521778e+00
   1.0538667e+00
   1.0555556e+00
   1.0572444e+00
   1.0589333e+00
   1.0606222e+00
   1.0623111e+00
   1.0640000e+00
   1.0656889e+00
   1.0673778e+00
   1.0690667e+00
   1.0707556e+00
   1.0724444e+00
   1.0741333e+00
   1.0758222e+00
   1.0775111e+00
   1.0792000e+00
   1.0808889e+00
   1.0825778e+00
   1.0842667e+00
   1.0859556e+00
   1.0876444e+00
   1.0893333e+00
   1.0910222e+00
   1.0927111e+00
   1.0944000e+00
   1.0960889e+00
   1.0977778e+00
   1.0994667e+00
   1.1011556e+00
   1.1028444e+00
   1.1045333e+00
   1.1062222e+00
   1.1079111e+00
   1.1096000e+00
   1.1112889e+00
   1.1129778e+00
   1.1146667e+00
   1.1163556e+00
   1.1180444e+00
   1.1197333e+00
   1.1214222e+00
   1.1231111e+00
   1.1248000e+00
   1.1264889e+00
   1.1281778e+00
   1.1298667e+00
   1.1315556e+00
   1.1332444e+00
   1.1349333e+00
   1.1366222e+00
   1.1383111e+00
   1.1400000e+00
   1.1416889e+00
   1.1433778e+00
   1.1450667e+00
   1.1467556e+00
   1.1484444e+00
   1.1501333e+00
   1.1518222e+00
   1.1535111e+00
   1.1552000e+00
   1.1568889e+00
   1.1585778e+00
   1.1602667e+00
   1.1619556e+00
   1.1636444e+00
   1.1653333e+00
   1.1670222e+00
   1.1687111e+00
   1.1704000e+00
   1.1720889e+00
   1.1737778e+00
   1.1754667e+00
   1.1771556e+00
   1.1788444e+00
   1.1805333e+00
   1.1822222e+00
   1.1839111e+00
   1.1856000e+00
   1.1872889e+00
   1.1889778e+00
   1.1906667e+00
   1.1923556e+00
   1.1940444e+00
   1.1957333e+00
   1.1974222e+00
   1.1991111e+00
   1.2008000e+00
   1.2024889e+00
   1.2041778e+00
   1.2058667e+00
   1.2075556e+00
   1.2092444e+00
   1.2109333e+00
   1.2126222e+00
   1.2143111e+00
   1.2160000e+00
   1.2176889e+00
   1.2193778e+00
   1.2210667e+00
   1.2227556e+00
   1.2244444e+00
   1.2261333e+00
   1.2278222e+00
   1.2295111e+00
   1.2312000e+00
   1.2328889e+00
   1.2345778e+00
   1.2362667e+00
   1.2379556e+00
   1.2396444e+00
   1.2413333e+00
   1.2430222e+00
   1.2447111e+00
   1.2464000e+00
   1.2480889e+00
   1.2497778e+00
   1.2514667e+00
   1.2531556e+00
   1.2548444e+00
   1.2565333e+00
   1.2582222e+00
   1.2599111e+00
   1.2616000e+00
   1.2632889e+00
   1.2649778e+00
   1.2666667e+00
   1.2649778e+00
   1.2632889e+00
   1.2616000e+00
   1.2599111e+00
   1.2582222e+00
   1.2565333e+00
   1.2548444e+00
   1.2531556e+00
   1.2514667e+00
   1.2497778e+00
   1.2480889e+00
   1.2464000e+00
   1.2447111e+00
   1.2430222e+00
   1.2413333e+00
   1.2396444e+00
   1.2379556e+00
   1.2362667e+00
   1.2345778e+00
   1.2328889e+00
   1.2312000e+00
   1.2295111e+00
   1.2278222e+00
   1.2261333e+00
   1.2244444e+00
   1.2227556e+00
   1.2210667e+00
   1.2193778e+00
   1.2176889e+00
   1.2160000e+00
   1.2143111e+00
   1.2126222e+00
   1.2109333e+00
   1.2092444e+00
   1.2075556e+00
   1.2058667e+00
   1.2041778e+00
   1.2024889e+00
   1.2008000e+00
   1.1991111e+00
   1.1974222e+00
   1.1957333e+00
   1.1940444e+00
   1.1923556e+00
   1.1906667e+00
   1.1889778e+00
   1.1872889e+00
   1.1856000e+00
   1.1839111e+00
   1.1822222e+00
   1.1805333e+00
   1.1788444e+00
   1.1771556e+00
   1.1754667e+00
   1.1737778e+00
   1.1720889e+00
   1.1704000e+00
   1.1687111e+00
   1.1670222e+00
   1.1653333e+00
   1.1636444e+00
   1.1619556e+00
   1.1602667e+00
   1.1585778e+00
   1.1568889e+00
   1.1552000e+00
   1.1535111e+00
   1.1518222e+00
   1.1501333e+00
   1.1484444e+00
   1.1467556e+00
   1.1450667e+00
   1.1433778e+00
   1.1416889e+00
   1.1400000e+00
   1.1383111e+00
   1.1366222e+00
   1.1349333e+00
   1.1332444e+00
   1.1315556e+00
   1.1298667e+00
   1.1281778e+00
   1.1264889e+00
   1.1248000e+00
   1.1231111e+00
   1.1214222e+00
   1.1197333e+00
   1.1180444e+00
   1.1163556e+00
   1.1146667e+00
   1.1129778e+00
   1.1112889e+00
   1.1096000e+00
   1.1079111e+00
   1.1062222e+00
   1.1045333e+00
   1.1028444e+00
   1.1011556e+00
   1.0994667e+00
   1.0977778e+00
   1.0960889e+00
   1.0944000e+00
   1.0927111e+00
   1.0910222e+00
   1.0893333e+00
   1.0876444e+00
   1.0859556e+00
   1.0842667e+00
   1.0825778e+00
   1.0808889e+00
   1.0792000e+00
   1.0775111e+00
   1.0758222e+00
   1.0741333e+00
   1.0724444e+00
   1.0707556e+00
   1.0690667e+00
   1.0673778e+00
   1.0656889e+00
   1.0640000e+00
   1.0623111e+00
   1.0606222e+00
   1.0589333e+00
   1.0572444e+00
   1.0555556e+00
   1.0538667e+00
   1.0521778e+00
   1.0504889e+00
   1.0488000e+00
   1.0471111e+00
   1.0454222e+00
   1.0437333e+00
   1.0420444e+00
   1.0403556e+00
   1.0386667e+00
   1.0369778e+00
   1.0352889e+00
   1.0336000e+00
   1.0319111e+00
   1.0302222e+00
   1.0285333e+00
   1.0268444e+00
   1.0251556e+00
   1.0234667e+00
   1.0217778e+00
   1.0200889e+00
   1.0184000e+00
   1.0167111e+00
   1.0150222e+00
   1.0133333e+00
   1.0116444e+00
   1.0099556e+00
   1.0082667e+00
   1.0065778e+00
   1.0048889e+00
   1.0032000e+00
   1.0015111e+00
   9.9982222e-01
   9.9813334e-01
   9.9644444e-01
   9.9475556e-01
   9.9306666e-01
   9.9137778e-01
   9.8968888e-01
   9.8800000e-01
   9.8631112e-01
   9.8462222e-01
   9.8293334e-01
   9.8124444e-01
   9.7955556e-01
   9.7786666e-01
   9.7617778e-01
   9.7448888e-01
   9.7280000e-01
   9.7111112e-01
   9.6942222e-01
   9.6773334e-01
   9.6604444e-01
   9.6435556e-01
   9.6266666e-01
   9.6097778e-01
   9.5928888e-01
   9.5760000e-01
   9.5591112e-01
   9.5422222e-01
   9.5253334e-01
   9.5084444e-01
   9.4915556e-01
   9.4746666e-01
   9.4577778e-01
   9.4408888e-01
   9.4240000e-01
   9.4071112e-01
   9.3902222e-01
   9.3733334e-01
   9.3564444e-01
   9.3395556e-01
   9.3226666e-01
   9.3057778e-01
   9.2888888e-01
   9.2720000e-01
   9.2551112e-01
   9.2382222e-01
   9.2213334e-01
   9.2044444e-01
   9.1875556e-01
   9.1706666e-01
   9.1537778e-01
   9.1368888e-01
   9.1200000e-01
   9.1031112e-01
   9.0862222e-01
   9.0693334e-01
   9.0524444e-01
   9.0355556e-01
   9.0186666e-01
   9.0017778e-01
   8.9848888e-01
   8.9680000e-01
   8.9511112e-01
   8.9342222e-01
   8.9173334e-01
   8.9004444e-01
   8.8835556e-01
   8.8666666e-01
   8.8497778e-01
   8.8328888e-01
   8.8160000e-01
   8.7991112e-01
   8.7822222e-01
   8.7653334e-01
   8.7484444e-01
   8.7315556e-01
   8.7146666e-01
   8.6977778e-01
   8.6808888e-01
   8.6640000e-01
   8.6471112e-01
   8.6302222e-01
   8.6133334e-01
   8.5964444e-01
   8.5795556e-01
   8.5626666e-01
   8.5457778e-01
   8.5288888e-01
   8.5120000e-01
   8.4951112e-01
   8.4782222e-01
   8.4613334e-01
   8.4444444e-01
   8.4275556e-01
   8.4106666e-01
   8.3937778e-01
   8.3768888e-01
   8.3600000e-01
   8.3431112e-01
   8.3262222e-01
   8.3093334e-01
   8.2924444e-01
   8.2755556e-01
   8.2586666e-01
   8.2417778e-01
   8.2248888e-01
   8.2080000e-01
   8.1911112e-01
   8.1742222e-01
   8.1573334e-01
   8.1404444e-01
   8.1235556e-01
   8.1066666e-01
   8.0897778e-01
   8.0728888e-01
   8.0560000e-01
   8.0391112e-01
   8.0222222e-01
   8.0053334e-01
   7.9884444e-01
   7.9715556e-01
   7.9546666e-01
   7.9377778e-01
   7.9208888e-01
   7.9040000e-01
   7.8871112e-01
   7.8702222e-01
   7.8533334e-01
   7.8364444e-01
   7.8195556e-01
   7.8026666e-01
   7.7857778e-01
   7.7688888e-01
   7.7520000e-01
   7.7351112e-01
   7.7182222e-01
   7.7013334e-01
   7.6844444e-01
   7.6675556e-01
   7.6506666e-01
   7.6337778e-01
   7.6168888e-01
   7.6000000e-01
   7.5831112e-01
   7.5662222e-01
   7.5493334e-01
   7.5324444e-01
   7.5155556e-01
   7.4986666e-01
   7.4817778e-01
   7.4648888e-01
   7.4480000e-01
   7.4311112e-01
   7.4142222e-01
   7.3973334e-01
   7.3804444e-01
   7.3635556e-01
   7.3466666e-01
   7.3297778e-01
   7.3128888e-01
   7.2960000e-01
   7.2791112e-01
   7.2622222e-01
   7.2453334e-01
   7.2284444e-01
   7.2115556e-01
   7.1946666e-01
   7.1777778e-01
   7.1608888e-01
   7.1440000e-01
   7.1271112e-01
   7.1102222e-01
   7.0933334e-01
   7.0764444e-01
   7.0595556e-01
   7.0426666e-01
   7.0257778e-01
   7.0088888e-01
   6.9920000e-01
   6.9751112e-01
   6.9582222e-01
   6.9413334e-01
   6.9244444e-01
   6.9075556e-01
   6.8906666e-01
   6.8737778e-01
   6.8568888e-01
   6.8400000e-01
   6.8231112e-01
   6.8062222e-01
   6.7893334e-01
   6.7724444e-01
   6.7555556e-01
   6.7386666e-01
   6.7217778e-01
   6.7048888e-01
   6.6880000e-01
   6.6711112e-01
   6.6542222e-01
   6.6373334e-01
   6.6204444e-01
   6.6035556e-01
   6.5866666e-01
   6.5697778e-01
   6.5528888e-01
   6.5360000e-01
   6.5191112e-01
   6.5022222e-01
   6.4853334e-01
   6.4684444e-01
   6.4515556e-01
   6.4346666e-01
   6.4177778e-01
   6.4008888e-01
   6.3840000e-01
   6.3671112e-01
   6.3502222e-01
   6.3333334e-01
   6.3164444e-01
   6.2995556e-01
   6.2826666e-01
   6.2657778e-01
   6.2488888e-01
   6.2320000e-01
   6.2151112e-01
   6.1982222e-01
   6.1813334e-01
   6.1644444e-01
   6.1475556e-01
   6.1306666e-01
   6.1137778e-01
   6.0968888e-01
   6.0800000e-01
   6.0631112e-01
   6.0462222e-01
   6.0293334e-01
   6.0124444e-01
   5.9955556e-01
   5.9786666e-01
   5.9617778e-01
   5.9448888e-01
   5.9280000e-01
   5.9111112e-01
   5.8942222e-01
   5.8773334e-01
   5.8604444e-01
   5.8435556e-01
   5.8266666e-01
   5.8097778e-01
   5.7928888e-01
   5.7760000e-01
   5.7591112e-01
   5.7422222e-01
   5.7253334e-01
   5.7084444e-01
   5.6915556e-01
   5.6746666e-01
   5.6577778e-01
   5.6408888e-01
   5.6240000e-01
   5.6071112e-01
   5.5902222e-01
   5.5733334e-01
   5.5564444e-01
   5.5395556e-01
   5.5226666e-01
   5.5057778e-01
   5.4888888e-01
   5.4720000e-01
   5.4551112e-01
   5.4382222e-01
   5.4213334e-01
   5.4044444e-01
   5.3875556e-01
   5.3706666e-01
   5.3537778e-01
   5.3368888e-01
   5.3200000e-01
   5.3031112e-01
   5.2862222e-01
   5.2693334e-01
   5.2524444e-01
   5.2355556e-01
   5.2186666e-01
   5.2017778e-01
   5.1848888e-01
   5.1680000e-01
   5.1511112e-01
   5.1342222e-01
   5.1173334e-01
   5.1004444e-01
   5.0835556e-01
   5.0666666e-01
   5.0497778e-01
   5.0328888e-01
   5.0160000e-01
   4.9991112e-01
   4.9822222e-01
   4.9653334e-01
   4.9484444e-01
   4.9315556e-01
   4.9146666e-01
   4.8977778e-01
   4.8808888e-01
   4.8640000e-01
   4.8471112e-01
   4.8302222e-01
   4.8133334e-01
   4.7964444e-01
   4.7795556e-01
   4.7626666e-01
   4.7457778e-01
   4.7288888e-01
   4.7120000e-01
   4.6951112e-01
   4.6782222e-01
   4.6613334e-01
   4.6444444e-01
   4.6275556e-01
   4.6106666e-01
   4.5937778e-01
   4.5768888e-01
   4.5600000e-01
   4.5431112e-01
   4.5262222e-01
   4.5093334e-01
   4.4924444e-01
   4.4755556e-01
   4.4586666e-01
   4.4417778e-01
   4.4248888e-01
   4.4080000e-01
   4.3911112e-01
   4.3742222e-01
   4.3573334e-01
   4.3404444e-01
   4.3235556e-01
   4.3066666e-01
   4.2897778e-01
   4.2728888e-01
   4.2560000e-01
   4.2391112e-01
   4.2222222e-01
   4.2053334e-01
   4.1884444e-01
   4.1715556e-01
   4.1546666e-01
   4.1377778e-01
   4.1208888e-01
   4.1040000e-01
   4.0871112e-01
   4.0702222e-01
   4.0533334e-01
   4.0364444e-01
   4.0195556e-01
   4.0026666e-01
   3.9857778e-01
   3.9688888e-01
   3.9520000e-01
   3.9351112e-01
   3.9182222e-01
   3.9013334e-01
   3.8844444e-01
   3.8675556e-01
   3.8506666e-01
   3.8337778e-01
   3.8168888e-01
   3.8000000e-01
   3.7831112e-01
   3.7662222e-01
   3.7493334e-01
   3.7324444e-01
   3.7155556e-01
   3.6986666e-01
   3.6817778e-01
   3.6648888e-01
   3.6480000e-01
   3.6311112e-01
   3.6142222e-01
   3.5973334e-01
   3.5804444e-01
   3.5635556e-01
   3.5466666e-01
   3.5297778e-01
   3.5128888e-01
   3.4960000e-01
   3.4791112e-01
   3.4622222e-01
   3.4453334e-01
   3.4284444e-01
   3.4115556e-01
   3.3946666e-01
   3.3777778e-01
   3.3608888e-01
   3.3440000e-01
   3.3271112e-01
   3.3102222e-01
   3.2933334e-01
   3.2764444e-01
   3.2595556e-01
   3.2426666e-01
   3.2257778e-01
   3.2088888e-01
   3.1920000e-01
   3.1751112e-01
   3.1582222e-01
   3.1413334e-01
   3.1244444e-01
   3.1075556e-01
   3.0906666e-01
   3.0737778e-01
   3.0568888e-01
   3.0400000e-01
   3.0231112e-01
   3.0062222e-01
   2.9893334e-01
   2.9724444e-01
   2.9555556e-01
   2.9386666e-01
   2.9217778e-01
   2.9048888e-01
   2.8880000e-01
   2.8711112e-01
   2.8542222e-01
   2.8373334e-01
   2.8204444e-01
   2.8035556e-01
   2.7866666e-01
   2.7697778e-01
   2.7528888e-01
   2.7360000e-01
   2.7191112e-01
   2.7022222e-01
   2.6853334e-01
   2.6684444e-01
   2.6515556e-01
   2.6346666e-01
   2.6177778e-01
   2.6008888e-01
   2.5840000e-01
   2.5671112e-01
   2.5502222e-01
   2.5333334e-01
   2.5164444e-01
   2.4995556e-01
   2.4826666e-01
   2.4657778e-01
   2.4488888e-01
   2.4320000e-01
   2.4151112e-01
   2.3982222e-01
   2.3813334e-01
   2.3644444e-01
   2.3475556e-01
   2.3306666e-01
   2.3137778e-01
   2.2968888e-01
   2.2800000e-01
   2.2631112e-01
   2.2462222e-01
   2.2293334e-01
   2.2124444e-01
   2.1955556e-01
   2.1786666e-01
   2.1617778e-01
   2.1448888e-01
   2.1280000e-01
   2.1111112e-01
   2.0942222e-01
   2.0773334e-01
   2.0604444e-01
   2.0435556e-01
   2.0266666e-01
   2.0097778e-01
   1.9928889e-01
   1.9760000e-01
   1.9591111e-01
   1.9422222e-01
   1.9253333e-01
   1.9084444e-01
   1.8915556e-01
   1.8746667e-01
   1.8577778e-01
   1.8408889e-01
   1.8240000e-01
   1.8071111e-01
   1.7902222e-01
   1.7733333e-01
   1.7564444e-01
   1.7395556e-01
   1.7226667e-01
   1.7057778e-01
   1.6888889e-01
   1.6720000e-01
   1.6551111e-01
   1.6382222e-01
   1.6213333e-01
   1.6044444e-01
   1.5875556e-01
   1.5706667e-01
   1.5537778e-01
   1.5368889e-01
   1.5200000e-01
   1.5031111e-01
   1.4862222e-01
   1.4693333e-01
   1.4524444e-01
   1.4355556e-01
   1.4186667e-01
   1.4017778e-01
   1.3848889e-01
   1.3680000e-01
   1.3511111e-01
   1.3342222e-01
   1.3173333e-01
   1.3004444e-01
   1.2835556e-01
   1.2666667e-01
   1.2497778e-01
   1.2328889e-01
   1.2160000e-01
   1.1991111e-01
   1.1822222e-01
   1.1653333e-01
   1.1484444e-01
   1.1315556e-01
   1.1146667e-01
   1.0977778e-01
   1.0808889e-01
   1.0640000e-01
   1.0471111e-01
   1.0302222e-01
   1.0133333e-01
   9.9644444e-02
   9.7955556e-02
   9.6266666e-02
   9.4577778e-02
   9.2888888e-02
   9.1200000e-02
   8.9511112e-02
   8.7822222e-02
   8.6133334e-02
   8.4444444e-02
   8.2755556e-02
   8.1066666e-02
   7.9377778e-02
   7.7688888e-02
   7.6000000e-02
   7.4311112e-02
   7.2622222e-02
   7.0933334e-02
   6.9244444e-02
   6.7555556e-02
   6.5866666e-02
   6.4177778e-02
   6.2488888e-02
   6.0800000e-02
   5.9111112e-02
   5.7422222e-02
   5.5733334e-02
   5.4044444e-02
   5.2355556e-02
   5.0666666e-02
   4.8977778e-02
   4.7288888e-02
   4.5600000e-02
   4.3911112e-02
   4.2222222e-02
   4.0533334e-02
   3.8844444e-02
   3.7155556e-02
   3.5466666e-02
   3.3777778e-02
   3.2088888e-02
   3.0400000e-02
   2.8711112e-02
   2.7022222e-02
   2.5333334e-02
   2.3644444e-02
   2.1955556e-02
   2.0266666e-02
   1.8577778e-02
   1.6888889e-02
   1.5200000e-02
   1.3511111e-02
   1.1822222e-02
   1.0133333e-02
   8.4444444e-03
   6.7555556e-03
   5.0666666e-03
   3.3777778e-03
   1.6888889e-03
   0.0000000e+00
   0.0000000e+00
   0.0000000e+00
   0.0000000e+00
   0.0000000e+00
   0.0000000e+00
   0.0000000e+00
   0.0000000e+00
   0.0000000e+00
   0.0000000e+00
   0.0000000e+00
   0.0000000e+00
   0.0000000e+00
   0.0000000e+00
   0.0000000e+00
   0.0000000e+00
   0.0000000e+00
   0.0000000e+00
   0.0000000e+00
   0.0000000e+00
   0.0000000e+00
   0.0000000e+00
   0.0000000e+00
   0.0000000e+00
   0.0000000e+00
   0.0000000e+00
   0.0000000e+00
   0.0000000e+00
   0.0000000e+00
   0.0000000e+00
   0.0000000e+00
   0.0000000e+00
   0.0000000e+00
   0.0000000e+00
   0.0000000e+00
   0.0000000e+00
   0.0000000e+00
   0.0000000e+00
   0.0000000e+00
   0.0000000e+00
   0.0000000e+00
   0.0000000e+00
   0.0000000e+00
   0.0000000e+00
   0.0000000e+00
   0.0000000e+00
   0.0000000e+00
   0.0000000e+00
   0.0000000e+00
   0.0000000e+00
   0.0000000e+00
   0.0000000e+00
   0.0000000e+00
   0.0000000e+00
   0.0000000e+00
   0.0000000e+00
   0.0000000e+00
   0.0000000e+00
   0.0000000e+00
   0.0000000e+00
   0.0000000e+00
   0.0000000e+00
   0.0000000e+00
   0.0000000e+00
   0.0000000e+00
   0.0000000e+00
   0.0000000e+00
   0.0000000e+00
   0.0000000e+00
   0.0000000e+00
   0.0000000e+00
   0.0000000e+00
   0.0000000e+00
   0.0000000e+00
   0.0000000e+00
   0.0000000e+00
   0.0000000e+00
   0.0000000e+00
   0.0000000e+00
   0.0000000e+00
   0.0000000e+00
   0.0000000e+00
   0.0000000e+00
   0.0000000e+00
   0.0000000e+00
   0.0000000e+00
   0.0000000e+00
   0.0000000e+00
   0.0000000e+00
   0.0000000e+00
   0.0000000e+00
   0.0000000e+00
   0.0000000e+00
   0.0000000e+00
   0.0000000e+00
   0.0000000e+00
   0.0000000e+00
   0.0000000e+00
   0.0000000e+00
   0.0000000e+00
   0.0000000e+00
   0.0000000e+00
   0.0000000e+00
   0.0000000e+00
   0.0000000e+00
   0.0000000e+00
   0.0000000e+00
   0.0000000e+00
   0.0000000e+00
   0.0000000e+00
   0.0000000e+00
   0.0000000e+00
   0.0000000e+00
   0.0000000e+00
   0.0000000e+00
   0.0000000e+00
   0.0000000e+00
   0.0000000e+00
   0.0000000e+00
   0.0000000e+00
   0.0000000e+00
   0.0000000e+00
   0.0000000e+00
   0.0000000e+00
   0.0000000e+00
   0.0000000e+00
   0.0000000e+00
   0.0000000e+00
   0.0000000e+00
   0.0000000e+00
   0.0000000e+00
   0.0000000e+00
   0.0000000e+00
   0.0000000e+00
   0.0000000e+00
   0.0000000e+00
   0.0000000e+00
   0.0000000e+00
   0.0000000e+00
   0.0000000e+00
   0.0000000e+00
   0.0000000e+00
   0.0000000e+00
   0.0000000e+00
   0.0000000e+00
   0.0000000e+00
   0.0000000e+00
   0.0000000e+00
   0.0000000e+00
   0.0000000e+00
   0.0000000e+00
   0.0000000e+00
   0.0000000e+00
   0.0000000e+00
   0.0000000e+00
   0.0000000e+00
   0.0000000e+00
   0.0000000e+00
   0.0000000e+00
   0.0000000e+00
   0.0000000e+00
   0.0000000e+00
   0.0000000e+00
   0.0000000e+00
   0.0000000e+00
   0.0000000e+00
   0.0000000e+00
   0.0000000e+00
   0.0000000e+00
   0.0000000e+00
   0.0000000e+00
   0.0000000e+00
   0.0000000e+00
   0.0000000e+00
   0.0000000e+00
   0.0000000e+00
   0.0000000e+00
   0.0000000e+00
   0.0000000e+00
   0.0000000e+00
   0.0000000e+00
   0.0000000e+00
   0.0000000e+00
   0.0000000e+00
   0.0000000e+00
   0.0000000e+00
   0.0000000e+00
   0.0000000e+00
   0.0000000e+00
   0.0000000e+00
   0.0000000e+00
   0.0000000e+00
   0.0000000e+00
   0.0000000e+00
   0.0000000e+00
   0.0000000e+00
   0.0000000e+00
   0.0000000e+00
   0.0000000e+00
   0.0000000e+00
   0.0000000e+00
   0.0000000e+00
   0.0000000e+00
   0.0000000e+00
   0.0000000e+00
   0.0000000e+00
   0.0000000e+00
   0.0000000e+00
   0.0000000e+00
   0.0000000e+00
   0.0000000e+00
   0.0000000e+00
   0.0000000e+00
   0.0000000e+00
   0.0000000e+00
   0.0000000e+00
   0.0000000e+00
   0.0000000e+00
   0.0000000e+00
   0.0000000e+00
   0.0000000e+00
   0.0000000e+00
   0.0000000e+00
   0.0000000e+00
   0.0000000e+00
   0.0000000e+00
   0.0000000e+00
   0.0000000e+00
   0.0000000e+00
   0.0000000e+00
   0.0000000e+00
   0.0000000e+00
   0.0000000e+00
   0.0000000e+00
   0.0000000e+00
   0.0000000e+00
   0.0000000e+00
   0.0000000e+00
   0.0000000e+00
   0.0000000e+00
   0.0000000e+00
   0.0000000e+00
   0.0000000e+00
   0.0000000e+00
   0.0000000e+00
   0.0000000e+00
   0.0000000e+00
   0.0000000e+00
   0.0000000e+00
   0.0000000e+00
   0.0000000e+00
   1.9973333e+00
   1.9946667e+00
   1.9920000e+00
   1.9893333e+00
   1.9866667e+00
   1.9840000e+00
   1.9813333e+00
   1.9786667e+00
   1.9760000e+00
   1.9733333e+00
   1.9706667e+00
   1.9680000e+00
   1.9653333e+00
   1.9626667e+00
   1.9600000e+00
   1.9573333e+00
   1.9546667e+00
   1.9520000e+00
   1.9493333e+00
   1.9466667e+00
   1.9440000e+00
   1.9413333e+00
   1.9386667e+00
   1.9360000e+00
   1.9333333e+00
   1.9306667e+00
   1.9280000e+00
   1.9253333e+00
   1.9226667e+00
   1.9200000e+00
   1.9173333e+00
   1.9146667e+00
   1.9120000e+00
   1.9093333e+00
   1.9066667e+00
   1.9040000e+00
   1.9013333e+00
   1.8986667e+00
   1.8960000e+00
   1.8933333e+00
   1.8906667e+00
   1.8880000e+00
   1.8853333e+00
   1.8826667e+00
   1.8800000e+00
   1.8773333e+00
   1.8746667e+00
   1.8720000e+00
   1.8693333e+00
   1.8666667e+00
   1.8640000e+00
   1.8613333e+00
   1.8586667e+00
   1.8560000e+00
   1.8533333e+00
   1.8506667e+00
   1.8480000e+00
   1.8453333e+00
   1.8426667e+00
   1.8400000e+00
   1.8373333e+00
   1.8346667e+00
   1.8320000e+00
   1.8293333e+00
   1.8266667e+00
   1.8240000e+00
   1.8213333e+00
   1.8186667e+00
   1.8160000e+00
   1.8133333e+00
   1.8106667e+00
   1.8080000e+00
   1.8053333e+00
   1.8026667e+00
   1.8000000e+00
   1.7973333e+00
   1.7946667e+00
   1.7920000e+00
   1.7893333e+00
   1.7866667e+00
   1.7840000e+00
   1.7813333e+00
   1.7786667e+00
   1.7760000e+00
   1.7733333e+00
   1.7706667e+00
   1.7680000e+00
   1.7653333e+00
   1.7626667e+00
   1.7600000e+00
   1.7573333e+00
   1.7546667e+00
   1.7520000e+00
   1.7493333e+00
   1.7466667e+00
   1.7440000e+00
   1.7413333e+00
   1.7386667e+00
   1.7360000e+00
   1.7333333e+00
   1.7306667e+00
   1.7280000e+00
   1.7253333e+00
   1.7226667e+00
   1.7200000e+00
   1.7173333e+00
   1.7146667e+00
   1.7120000e+00
   1.7093333e+00
   1.7066667e+00
   1.7040000e+00
   1.7013333e+00
   1.6986667e+00
   1.6960000e+00
   1.6933333e+00
   1.6906667e+00
   1.6880000e+00
   1.6853333e+00
   1.6826667e+00
   1.6800000e+00
   1.6773333e+00
   1.6746667e+00
   1.6720000e+00
   1.6693333e+00
   1.6666667e+00
   1.6640000e+00
   1.6613333e+00
   1.6586667e+00
   1.6560000e+00
   1.6533333e+00
   1.6506667e+00
   1.6480000e+00
   1.6453333e+00
   1.6426667e+00
   1.6400000e+00
   1.6373333e+00
   1.6346667e+00
   1.6320000e+00
   1.6293333e+00
   1.6266667e+00
   1.6240000e+00
   1.6213333e+00
   1.6186667e+00
   1.6160000e+00
   1.6133333e+00
   1.6106667e+00
   1.6080000e+00
   1.6053333e+00
   1.6026667e+00
   1.6000000e+00
   1.5973333e+00
   1.5946667e+00
   1.5920000e+00
   1.5893333e+00
   1.5866667e+00
   1.5840000e+00
   1.5813333e+00
   1.5786667e+00
   1.5760000e+00
   1.5733333e+00
   1.5706667e+00
   1.5680000e+00
   1.5653333e+00
   1.5626667e+00
   1.5600000e+00
   1.5573333e+00
   1.5546667e+00
   1.5520000e+00
   1.5493333e+00
   1.5466667e+00
   1.5440000e+00
   1.5413333e+00
   1.5386667e+00
   1.5360000e+00
   1.5333333e+00
   1.5306667e+00
   1.5280000e+00
   1.5253333e+00
   1.5226667e+00
   1.5200000e+00
   1.5173333e+00
   1.5146667e+00
   1.5120000e+00
   1.5093333e+00
   1.5066667e+00
   1.5040000e+00
   1.5013333e+00
   1.4986667e+00
   1.4960000e+00
   1.4933333e+00
   1.4906667e+00
   1.4880000e+00
   1.4853333e+00
   1.4826667e+00
   1.4800000e+00
   1.4773333e+00
   1.4746667e+00
   1.4720000e+00
   1.4693333e+00
   1.4666667e+00
   1.4640000e+00
   1.4613333e+00
   1.4586667e+00
   1.4560000e+00
   1.4533333e+00
   1.4506667e+00
   1.4480000e+00
   1.4453333e+00
   1.4426667e+00
   1.4400000e+00
   1.4373333e+00
   1.4346667e+00
   1.4320000e+00
   1.4293333e+00
   1.4266667e+00
   1.4240000e+00
   1.4213333e+00
   1.4186667e+00
   1.4160000e+00
   1.4133333e+00
   1.4106667e+00
   1.4080000e+00
   1.4053333e+00
   1.4026667e+00
   1.4000000e+00
   1.3973333e+00
   1.3946667e+00
   1.3920000e+00
   1.3893333e+00
   1.3866667e+00
   1.3840000e+00
   1.3813333e+00
   1.3786667e+00
   1.3760000e+00
   1.3733333e+00
   1.3706667e+00
   1.3680000e+00
   1.3653333e+00
   1.3626667e+00
   1.3600000e+00
   1.3573333e+00
   1.3546667e+00
   1.3520000e+00
   1.3493333e+00
   1.3466667e+00
   1.3440000e+00
   1.3413333e+00
   1.3386667e+00
   1.3360000e+00
   1.3333333e+00
   1.3306667e+00
   1.3280000e+00
   1.3253333e+00
   1.3226667e+00
   1.3200000e+00
   1.3173333e+00
   1.3146667e+00
   1.3120000e+00
   1.3093333e+00
   1.3066667e+00
   1.3040000e+00
   1.3013333e+00
   1.2986667e+00
   1.2960000e+00
   1.2933333e+00
   1.2906667e+00
   1.2880000e+00
   1.2853333e+00
   1.2826667e+00
   1.2800000e+00
   1.2773333e+00
   1.2746667e+00
   1.2720000e+00
   1.2693333e+00
   1.2666667e+00
   1.2640000e+00
   1.2613333e+00
   1.2586667e+00
   1.2560000e+00
   1.2533333e+00
   1.2506667e+00
   1.2480000e+00
   1.2453333e+00
   1.2426667e+00
   1.2400000e+00
   1.2373333e+00
   1.2346667e+00
   1.2320000e+00
   1.2293333e+00
   1.2266667e+00
   1.2240000e+00
   1.2213333e+00
   1.2186667e+00
   1.2160000e+00
   1.2133333e+00
   1.2106667e+00
   1.2080000e+00
   1.2053333e+00
   1.2026667e+00
   1.2000000e+00
   1.1973333e+00
   1.1946667e+00
   1.1920000e+00
   1.1893333e+00
   1.1866667e+00
   1.1840000e+00
   1.1813333e+00
   1.1786667e+00
   1.1760000e+00
   1.1733333e+00
   1.1706667e+00
   1.1680000e+00
   1.1653333e+00
   1.1626667e+00
   1.1600000e+00
   1.1573333e+00
   1.1546667e+00
   1.1520000e+00
   1.1493333e+00
   1.1466667e+00
   1.1440000e+00
   1.1413333e+00
   1.1386667e+00
   1.1360000e+00
   1.1333333e+00
   1.1306667e+00
   1.1280000e+00
   1.1253333e+00
   1.1226667e+00
   1.1200000e+00
   1.1173333e+00
   1.1146667e+00
   1.1120000e+00
   1.1093333e+00
   1.1066667e+00
   1.1040000e+00
   1.1013333e+00
   1.0986667e+00
   1.0960000e+00
   1.0933333e+00
   1.0906667e+00
   1.0880000e+00
   1.0853333e+00
   1.0826667e+00
   1.0800000e+00
   1.0773333e+00
   1.0746667e+00
   1.0720000e+00
   1.0693333e+00
   1.0666667e+00
   1.0640000e+00
   1.0613333e+00
   1.0586667e+00
   1.0560000e+00
   1.0533333e+00
   1.0506667e+00
   1.0480000e+00
   1.0453333e+00
   1.0426667e+00
   1.0400000e+00
   1.0373333e+00
   1.0346667e+00
   1.0320000e+00
   1.0293333e+00
   1.0266667e+00
   1.0240000e+00
   1.0213333e+00
   1.0186667e+00
   1.0160000e+00
   1.0133333e+00
   1.0106667e+00
   1.0080000e+00
   1.0053333e+00
   1.0026667e+00
   1.0000000e+00
   9.9733334e-01
   9.9466666e-01
   9.9200000e-01
   9.8933334e-01
   9.8666666e-01
   9.8400000e-01
   9.8133334e-01
   9.7866666e-01
   9.7600000e-01
   9.7333334e-01
   9.7066666e-01
   9.6800000e-01
   9.6533334e-01
   9.6266666e-01
   9.6000000e-01
   9.5733334e-01
   9.5466666e-01
   9.5200000e-01
   9.4933334e-01
   9.4666666e-01
   9.4400000e-01
   9.4133334e-01
   9.3866666e-01
   9.3600000e-01
   9.3333334e-01
   9.3066666e-01
   9.2800000e-01
   9.2533334e-01
   9.2266666e-01
   9.2000000e-01
   9.1733334e-01
   9.1466666e-01
   9.1200000e-01
   9.0933334e-01
   9.0666666e-01
   9.0400000e-01
   9.0133334e-01
   8.9866666e-01
   8.9600000e-01
   8.9333334e-01
   8.9066666e-01
   8.8800000e-01
   8.8533334e-01
   8.8266666e-01
   8.8000000e-01
   8.7733334e-01
   8.7466666e-01
   8.7200000e-01
   8.6933334e-01
   8.6666666e-01
   8.6400000e-01
   8.6133334e-01
   8.5866666e-01
   8.5600000e-01
   8.5333334e-01
   8.5066666e-01
   8.4800000e-01
   8.4533334e-01
   8.4266666e-01
   8.4000000e-01
   8.3733334e-01
   8.3466666e-01
   8.3200000e-01
   8.2933334e-01
   8.2666666e-01
   8.2400000e-01
   8.2133334e-01
   8.1866666e-01
   8.1600000e-01
   8.1333334e-01
   8.1066666e-01
   8.0800000e-01
   8.0533334e-01
   8.0266666e-01
   8.0000000e-01
   7.9733334e-01
   7.9466666e-01
   7.9200000e-01
   7.8933334e-01
   7.8666666e-01
   7.8400000e-01
   7.8133334e-01
   7.7866666e-01
   7.7600000e-01
   7.7333334e-01
   7.7066666e-01
   7.6800000e-01
   7.6533334e-01
   7.6266666e-01
   7.6000000e-01
   7.5733334e-01
   7.5466666e-01
   7.5200000e-01
   7.4933334e-01
   7.4666666e-01
   7.4400000e-01
   7.4133334e-01
   7.3866666e-01
   7.3600000e-01
   7.3333334e-01
   7.3066666e-01
   7.2800000e-01
   7.2533334e-01
   7.2266666e-01
   7.2000000e-01
   7.1733334e-01
   7.1466666e-01
   7.1200000e-01
   7.0933334e-01
   7.0666666e-01
   7.0400000e-01
   7.0133334e-01
   6.9866666e-01
   6.9600000e-01
   6.9333334e-01
   6.9066666e-01
   6.8800000e-01
   6.8533334e-01
   6.8266666e-01
   6.8000000e-01
   6.7733334e-01
   6.7466666e-01
   6.7200000e-01
   6.6933334e-01
   6.6666666e-01
   6.6400000e-01
   6.6133334e-01
   6.5866666e-01
   6.5600000e-01
   6.5333334e-01
   6.5066666e-01
   6.4800000e-01
   6.4533334e-01
   6.4266666e-01
   6.4000000e-01
   6.3733334e-01
   6.3466666e-01
   6.3200000e-01
   6.2933334e-01
   6.2666666e-01
   6.2400000e-01
   6.2133334e-01
   6.1866666e-01
   6.1600000e-01
   6.1333334e-01
   6.1066666e-01
   6.0800000e-01
   6.0533334e-01
   6.0266666e-01
   6.0000000e-01
   5.9733334e-01
   5.9466666e-01
   5.9200000e-01
   5.8933334e-01
   5.8666666e-01
   5.8400000e-01
   5.8133334e-01
   5.7866666e-01
   5.7600000e-01
   5.7333334e-01
   5.7066666e-01
   5.6800000e-01
   5.6533334e-01
   5.6266666e-01
   5.6000000e-01
   5.5733334e-01
   5.5466666e-01
   5.5200000e-01
   5.4933334e-01
   5.4666666e-01
   5.4400000e-01
   5.4133334e-01
   5.3866666e-01
   5.3600000e-01
   5.3333334e-01
   5.3066666e-01
   5.2800000e-01
   5.2533334e-01
   5.2266666e-01
   5.2000000e-01
   5.1733334e-01
   5.1466666e-01
   5.1200000e-01
   5.0933334e-01
   5.0666666e-01
   5.0400000e-01
   5.0133334e-01
   4.9866666e-01
   4.9600000e-01
   4.9333334e-01
   4.9066666e-01
   4.8800000e-01
   4.8533334e-01
   4.8266666e-01
   4.8000000e-01
   4.7733334e-01
   4.7466666e-01
   4.7200000e-01
   4.6933334e-01
   4.6666666e-01
   4.6400000e-01
   4.6133334e-01
   4.5866666e-01
   4.5600000e-01
   4.5333334e-01
   4.5066666e-01
   4.4800000e-01
   4.4533334e-01
   4.4266666e-01
   4.4000000e-01
   4.3733334e-01
   4.3466666e-01
   4.3200000e-01
   4.2933334e-01
   4.2666666e-01
   4.2400000e-01
   4.2133334e-01
   4.1866666e-01
   4.1600000e-01
   4.1333334e-01
   4.1066666e-01
   4.0800000e-01
   4.0533334e-01
   4.0266666e-01
   4.0000000e-01
   3.9733334e-01
   3.9466666e-01
   3.9200000e-01
   3.8933334e-01
   3.8666666e-01
   3.8400000e-01
   3.8133334e-01
   3.7866666e-01
   3.7600000e-01
   3.7333334e-01
   3.7066666e-01
   3.6800000e-01
   3.6533334e-01
   3.6266666e-01
   3.6000000e-01
   3.5733334e-01
   3.5466666e-01
   3.5200000e-01
   3.4933334e-01
   3.4666666e-01
   3.4400000e-01
   3.4133334e-01
   3.3866666e-01
   3.3600000e-01
   3.3333334e-01
   3.3066666e-01
   3.2800000e-01
   3.2533334e-01
   3.2266666e-01
   3.2000000e-01
   3.1733334e-01
   3.1466666e-01
   3.1200000e-01
   3.0933334e-01
   3.0666666e-01
   3.0400000e-01
   3.0133334e-01
   2.9866666e-01
   2.9600000e-01
   2.9333334e-01
   2.9066666e-01
   2.8800000e-01
   2.8533334e-01
   2.8266666e-01
   2.8000000e-01
   2.7733334e-01
   2.7466666e-01
   2.7200000e-01
   2.6933334e-01
   2.6666666e-01
   2.6400000e-01
   2.6133334e-01
   2.5866666e-01
   2.5600000e-01
   2.5333334e-01
   2.5066666e-01
   2.4800000e-01
   2.4533334e-01
   2.4266666e-01
   2.4000000e-01
   2.3733334e-01
   2.3466666e-01
   2.3200000e-01
   2.2933334e-01
   2.2666666e-01
   2.2400000e-01
   2.2133334e-01
   2.1866666e-01
   2.1600000e-01
   2.1333334e-01
   2.1066666e-01
   2.0800000e-01
   2.0533334e-01
   2.0266666e-01
   2.0000000e-01
   1.9733333e-01
   1.9466667e-01
   1.9200000e-01
   1.8933333e-01
   1.8666667e-01
   1.8400000e-01
   1.8133333e-01
   1.7866667e-01
   1.7600000e-01
   1.7333333e-01
   1.7066667e-01
   1.6800000e-01
   1.6533333e-01
   1.6266667e-01
   1.6000000e-01
   1.5733333e-01
   1.5466667e-01
   1.5200000e-01
   1.4933333e-01
   1.4666667e-01
   1.4400000e-01
   1.4133333e-01
   1.3866667e-01
   1.3600000e-01
   1.3333333e-01
   1.3066667e-01
   1.2800000e-01
   1.2533333e-01
   1.2266667e-01
   1.2000000e-01
   1.1733333e-01
   1.1466667e-01
   1.1200000e-01
   1.0933333e-01
   1.0666667e-01
   1.0400000e-01
   1.0133333e-01
   9.8666666e-02
   9.6000000e-02
   9.3333334e-02
   9.0666666e-02
   8.8000000e-02
   8.5333334e-02
   8.2666666e-02
   8.0000000e-02
   7.7333334e-02
   7.4666666e-02
   7.2000000e-02
   6.9333334e-02
   6.6666666e-02
   6.4000000e-02
   6.1333334e-02
   5.8666666e-02
   5.6000000e-02
   5.3333334e-02
   5.0666666e-02
   4.8000000e-02
   4.5333334e-02
   4.2666666e-02
   4.0000000e-02
   3.7333334e-02
   3.4666666e-02
   3.2000000e-02
   2.9333334e-02
   2.6666666e-02
   2.4000000e-02
   2.1333334e-02
   1.8666667e-02
   1.6000000e-02
   1.3333333e-02
   1.0666667e-02
   8.0000000e-03
   5.3333334e-03
   2.6666666e-03
   0.0000000e+00
   1.9973333e+00
   1.9946667e+00
   1.9920000e+00
   1.9893333e+00
   1.9866667e+00
   1.9840000e+00
   1.9813333e+00
   1.9786667e+00
   1.9760000e+00
   1.9733333e+00
   1.9706667e+00
   1.9680000e+00
   1.9653333e+00
   1.9626667e+00
   1.9600000e+00
   1.9573333e+00
   1.9546667e+00
   1.9520000e+00
   1.9493333e+00
   1.9466667e+00
   1.9440000e+00
   1.9413333e+00
   1.9386667e+00
   1.9360000e+00
   1.9333333e+00
   1.9306667e+00
   1.9280000e+00
   1.9253333e+00
   1.9226667e+00
   1.9200000e+00
   1.9173333e+00
   1.9146667e+00
   1.9120000e+00
   1.9093333e+00
   1.9066667e+00
   1.9040000e+00
   1.9013333e+00
   1.8986667e+00
   1.8960000e+00
   1.8933333e+00
   1.8906667e+00
   1.8880000e+00
   1.8853333e+00
   1.8826667e+00
   1.8800000e+00
   1.8773333e+00
   1.8746667e+00
   1.8720000e+00
   1.8693333e+00
   1.8666667e+00
   1.8640000e+00
   1.8613333e+00
   1.8586667e+00
   1.8560000e+00
   1.8533333e+00
   1.8506667e+00
   1.8480000e+00
   1.8453333e+00
   1.8426667e+00
   1.8400000e+00
   1.8373333e+00
   1.8346667e+00
   1.8320000e+00
   1.8293333e+00
   1.8266667e+00
   1.8240000e+00
   1.8213333e+00
   1.8186667e+00
   1.8160000e+00
   1.8133333e+00
   1.8106667e+00
   1.8080000e+00
   1.8053333e+00
   1.8026667e+00
   1.8000000e+00
   1.7973333e+00
   1.7946667e+00
   1.7920000e+00
   1.7893333e+00
   1.7866667e+00
   1.7840000e+00
   1.7813333e+00
   1.7786667e+00
   1.7760000e+00
   1.7733333e+00
   1.7706667e+00
   1.7680000e+00
   1.7653333e+00
   1.7626667e+00
   1.7600000e+00
   1.7573333e+00
   1.7546667e+00
   1.7520000e+00
   1.7493333e+00
   1.7466667e+00
   1.7440000e+00
   1.7413333e+00
   1.7386667e+00
   1.7360000e+00
   1.7333333e+00
   1.7306667e+00
   1.7280000e+00
   1.7253333e+00
   1.7226667e+00
   1.7200000e+00
   1.7173333e+00
   1.7146667e+00
   1.7120000e+00
   1.7093333e+00
   1.7066667e+00
   1.7040000e+00
   1.7013333e+00
   1.6986667e+00
   1.6960000e+00
   1.6933333e+00
   1.6906667e+00
   1.6880000e+00
   1.6853333e+00
   1.6826667e+00
   1.6800000e+00
   1.6773333e+00
   1.6746667e+00
   1.6720000e+00
   1.6693333e+00
   1.6666667e+00
   1.6640000e+00
   1.6613333e+00
   1.6586667e+00
   1.6560000e+00
   1.6533333e+00
   1.6506667e+00
   1.6480000e+00
   1.6453333e+00
   1.6426667e+00
   1.6400000e+00
   1.6373333e+00
   1.6346667e+00
   1.6320000e+00
   1.6293333e+00
   1.6266667e+00
   1.6240000e+00
   1.6213333e+00
   1.6186667e+00
   1.6160000e+00
   1.6133333e+00
   1.6106667e+00
   1.6080000e+00
   1.6053333e+00
   1.6026667e+00
   1.6000000e+00
   1.5973333e+00
   1.5946667e+00
   1.5920000e+00
   1.5893333e+00
   1.5866667e+00
   1.5840000e+00
   1.5813333e+00
   1.5786667e+00
   1.5760000e+00
   1.5733333e+00
   1.5706667e+00
   1.5680000e+00
   1.5653333e+00
   1.5626667e+00
   1.5600000e+00
   1.5573333e+00
   1.5546667e+00
   1.5520000e+00
   1.5493333e+00
   1.5466667e+00
   1.5440000e+00
   1.5413333e+00
   1.5386667e+00
   1.5360000e+00
   1.5333333e+00
   1.5306667e+00
   1.5280000e+00
   1.5253333e+00
   1.5226667e+00
   1.5200000e+00
   1.5173333e+00
   1.5146667e+00
   1.5120000e+00
   1.5093333e+00
   1.5066667e+00
   1.5040000e+00
   1.5013333e+00
   1.4986667e+00
   1.4960000e+00
   1.4933333e+00
   1.4906667e+00
   1.4880000e+00
   1.4853333e+00
   1.4826667e+00
   1.4800000e+00
   1.4773333e+00
   1.4746667e+00
   1.4720000e+00
   1.4693333e+00
   1.4666667e+00
   1.4640000e+00
   1.4613333e+00
   1.4586667e+00
   1.4560000e+00
   1.4533333e+00
   1.4506667e+00
   1.4480000e+00
   1.4453333e+00
   1.4426667e+00
   1.4400000e+00
   1.4373333e+00
   1.4346667e+00
   1.4320000e+00
   1.4293333e+00
   1.4266667e+00
   1.4240000e+00
   1.4213333e+00
   1.4186667e+00
   1.4160000e+00
   1.4133333e+00
   1.4106667e+00
   1.4080000e+00
   1.4053333e+00
   1.4026667e+00
   1.4000000e+00
   1.3973333e+00
   1.3946667e+00
   1.3920000e+00
   1.3893333e+00
   1.3866667e+00
   1.3840000e+00
   1.3813333e+00
   1.3786667e+00
   1.3760000e+00
   1.3733333e+00
   1.3706667e+00
   1.3680000e+00
   1.3653333e+00
   1.3626667e+00
   1.3600000e+00
   1.3573333e+00
   1.3546667e+00
   1.3520000e+00
   1.3493333e+00
   1.3466667e+00
   1.3440000e+00
   1.3413333e+00
   1.3386667e+00
   1.3360000e+00
   1.3333333e+00
   1.3306667e+00
   1.3280000e+00
   1.3253333e+00
   1.3226667e+00
   1.3200000e+00
   1.3173333e+00
   1.3146667e+00
   1.3120000e+00
   1.3093333e+00
   1.3066667e+00
   1.3040000e+00
   1.3013333e+00
   1.2986667e+00
   1.2960000e+00
   1.2933333e+00
   1.2906667e+00
   1.2880000e+00
   1.2853333e+00
   1.2826667e+00
   1.2800000e+00
   1.2773333e+00
   1.2746667e+00
   1.2720000e+00
   1.2693333e+00
   1.2666667e+00
   1.2640000e+00
   1.2613333e+00
   1.2586667e+00
   1.2560000e+00
   1.2533333e+00
   1.2506667e+00
   1.2480000e+00
   1.2453333e+00
   1.2426667e+00
   1.2400000e+00
   1.2373333e+00
   1.2346667e+00
   1.2320000e+00
   1.2293333e+00
   1.2266667e+00
   1.2240000e+00
   1.2213333e+00
   1.2186667e+00
   1.2160000e+00
   1.2133333e+00
   1.2106667e+00
   1.2080000e+00
   1.2053333e+00
   1.2026667e+00
   1.2000000e+00
   1.1973333e+00
   1.1946667e+00
   1.1920000e+00
   1.1893333e+00
   1.1866667e+00
   1.1840000e+00
   1.1813333e+00
   1.1786667e+00
   1.1760000e+00
   1.1733333e+00
   1.1706667e+00
   1.1680000e+00
   1.1653333e+00
   1.1626667e+00
   1.1600000e+00
   1.1573333e+00
   1.1546667e+00
   1.1520000e+00
   1.1493333e+00
   1.1466667e+00
   1.1440000e+00
   1.1413333e+00
   1.1386667e+00
   1.1360000e+00
   1.1333333e+00
   1.1306667e+00
   1.1280000e+00
   1.1253333e+00
   1.1226667e+00
   1.1200000e+00
   1.1173333e+00
   1.1146667e+00
   1.1120000e+00
   1.1093333e+00
   1.1066667e+00
   1.1040000e+00
   1.1013333e+00
   1.0986667e+00
   1.0960000e+00
   1.0933333e+00
   1.0906667e+00
   1.0880000e+00
   1.0853333e+00
   1.0826667e+00
   1.0800000e+00
   1.0773333e+00
   1.0746667e+00
   1.0720000e+00
   1.0693333e+00
   1.0666667e+00
   1.0640000e+00
   1.0613333e+00
   1.0586667e+00
   1.0560000e+00
   1.0533333e+00
   1.0506667e+00
   1.0480000e+00
   1.0453333e+00
   1.0426667e+00
   1.0400000e+00
   1.0373333e+00
   1.0346667e+00
   1.0320000e+00
   1.0293333e+00
   1.0266667e+00
   1.0240000e+00
   1.0213333e+00
   1.0186667e+00
   1.0160000e+00
   1.0133333e+00
   1.0106667e+00
   1.0080000e+00
   1.0053333e+00
   1.0026667e+00
   1.0000000e+00
   9.9733334e-01
   9.9466666e-01
   9.9200000e-01
   9.8933334e-01
   9.8666666e-01
   9.8400000e-01
   9.8133334e-01
   9.7866666e-01
   9.7600000e-01
   9.7333334e-01
   9.7066666e-01
   9.6800000e-01
   9.6533334e-01
   9.6266666e-01
   9.6000000e-01
   9.5733334e-01
   9.5466666e-01
   9.5200000e-01
   9.4933334e-01
   9.4666666e-01
   9.4400000e-01
   9.4133334e-01
   9.3866666e-01
   9.3600000e-01
   9.3333334e-01
   9.3066666e-01
   9.2800000e-01
   9.2533334e-01
   9.2266666e-01
   9.2000000e-01
   9.1733334e-01
   9.1466666e-01
   9.1200000e-01
   9.0933334e-01
   9.0666666e-01
   9.0400000e-01
   9.0133334e-01
   8.9866666e-01
   8.9600000e-01
   8.9333334e-01
   8.9066666e-01
   8.8800000e-01
   8.8533334e-01
   8.8266666e-01
   8.8000000e-01
   8.7733334e-01
   8.7466666e-01
   8.7200000e-01
   8.6933334e-01
   8.6666666e-01
   8.6400000e-01
   8.6133334e-01
   8.5866666e-01
   8.5600000e-01
   8.5333334e-01
   8.5066666e-01
   8.4800000e-01
   8.4533334e-01
   8.4266666e-01
   8.4000000e-01
   8.3733334e-01
   8.3466666e-01
   8.3200000e-01
   8.2933334e-01
   8.2666666e-01
   8.2400000e-01
   8.2133334e-01
   8.1866666e-01
   8.1600000e-01
   8.1333334e-01
   8.1066666e-01
   8.0800000e-01
   8.0533334e-01
   8.0266666e-01
   8.0000000e-01
   7.9733334e-01
   7.9466666e-01
   7.9200000e-01
   7.8933334e-01
   7.8666666e-01
   7.8400000e-01
   7.8133334e-01
   7.7866666e-01
   7.7600000e-01
   7.7333334e-01
   7.7066666e-01
   7.6800000e-01
   7.6533334e-01
   7.6266666e-01
   7.6000000e-01
   7.5733334e-01
   7.5466666e-01
   7.5200000e-01
   7.4933334e-01
   7.4666666e-01
   7.4400000e-01
   7.4133334e-01
   7.3866666e-01
   7.3600000e-01
   7.3333334e-01
   7.3066666e-01
   7.2800000e-01
   7.2533334e-01
   7.2266666e-01
   7.2000000e-01
   7.1733334e-01
   7.1466666e-01
   7.1200000e-01
   7.0933334e-01
   7.0666666e-01
   7.0400000e-01
   7.0133334e-01
   6.9866666e-01
   6.9600000e-01
   6.9333334e-01
   6.9066666e-01
   6.8800000e-01
   6.8533334e-01
   6.8266666e-01
   6.8000000e-01
   6.7733334e-01
   6.7466666e-01
   6.7200000e-01
   6.6933334e-01
   6.6666666e-01
   6.6400000e-01
   6.6133334e-01
   6.5866666e-01
   6.5600000e-01
   6.5333334e-01
   6.5066666e-01
   6.4800000e-01
   6.4533334e-01
   6.4266666e-01
   6.4000000e-01
   6.3733334e-01
   6.3466666e-01
   6.3200000e-01
   6.2933334e-01
   6.2666666e-01
   6.2400000e-01
   6.2133334e-01
   6.1866666e-01
   6.1600000e-01
   6.1333334e-01
   6.1066666e-01
   6.0800000e-01
   6.0533334e-01
   6.0266666e-01
   6.0000000e-01
   5.9733334e-01
   5.9466666e-01
   5.9200000e-01
   5.8933334e-01
   5.8666666e-01
   5.8400000e-01
   5.8133334e-01
   5.7866666e-01
   5.7600000e-01
   5.7333334e-01
   5.7066666e-01
   5.6800000e-01
   5.6533334e-01
   5.6266666e-01
   5.6000000e-01
   5.5733334e-01
   5.5466666e-01
   5.5200000e-01
   5.4933334e-01
   5.4666666e-01
   5.4400000e-01
   5.4133334e-01
   5.3866666e-01
   5.3600000e-01
   5.3333334e-01
   5.3066666e-01
   5.2800000e-01
   5.2533334e-01
   5.2266666e-01
   5.2000000e-01
   5.1733334e-01
   5.1466666e-01
   5.1200000e-01
   5.0933334e-01
   5.0666666e-01
   5.0400000e-01
   5.0133334e-01
   4.9866666e-01
   4.9600000e-01
   4.9333334e-01
   4.9066666e-01
   4.8800000e-01
   4.8533334e-01
   4.8266666e-01
   4.8000000e-01
   4.7733334e-01
   4.7466666e-01
   4.7200000e-01
   4.6933334e-01
   4.6666666e-01
   4.6400000e-01
   4.6133334e-01
   4.5866666e-01
   4.5600000e-01
   4.5333334e-01
   4.5066666e-01
   4.4800000e-01
   4.4533334e-01
   4.4266666e-01
   4.4000000e-01
   4.3733334e-01
   4.3466666e-01
   4.3200000e-01
   4.2933334e-01
   4.2666666e-01
   4.2400000e-01
   4.2133334e-01
   4.1866666e-01
   4.1600000e-01
   4.1333334e-01
   4.1066666e-01
   4.0800000e-01
   4.0533334e-01
   4.0266666e-01
   4.0000000e-01
   3.9733334e-01
   3.9466666e-01
   3.9200000e-01
   3.8933334e-01
   3.8666666e-01
   3.8400000e-01
   3.8133334e-01
   3.7866666e-01
   3.7600000e-01
   3.7333334e-01
   3.7066666e-01
   3.6800000e-01
   3.6533334e-01
   3.6266666e-01
   3.6000000e-01
   3.5733334e-01
   3.5466666e-01
   3.5200000e-01
   3.4933334e-01
   3.4666666e-01
   3.4400000e-01
   3.4133334e-01
   3.3866666e-01
   3.3600000e-01
   3.3333334e-01
   3.3066666e-01
   3.2800000e-01
   3.2533334e-01
   3.2266666e-01
   3.2000000e-01
   3.1733334e-01
   3.1466666e-01
   3.1200000e-01
   3.0933334e-01
   3.0666666e-01
   3.0400000e-01
   3.0133334e-01
   2.9866666e-01
   2.9600000e-01
   2.9333334e-01
   2.9066666e-01
   2.8800000e-01
   2.8533334e-01
   2.8266666e-01
   2.8000000e-01
   2.7733334e-01
   2.7466666e-01
   2.7200000e-01
   2.6933334e-01
   2.6666666e-01
   2.6400000e-01
   2.6133334e-01
   2.5866666e-01
   2.5600000e-01
   2.5333334e-01
   2.5066666e-01
   2.4800000e-01
   2.4533334e-01
   2.4266666e-01
   2.4000000e-01
   2.3733334e-01
   2.3466666e-01
   2.3200000e-01
   2.2933334e-01
   2.2666666e-01
   2.2400000e-01
   2.2133334e-01
   2.1866666e-01
   2.1600000e-01
   2.1333334e-01
   2.1066666e-01
   2.0800000e-01
   2.0533334e-01
   2.0266666e-01
   2.0000000e-01
   1.9733333e-01
   1.9466667e-01
   1.9200000e-01
   1.8933333e-01
   1.8666667e-01
   1.8400000e-01
   1.8133333e-01
   1.7866667e-01
   1.7600000e-01
   1.7333333e-01
   1.7066667e-01
   1.6800000e-01
   1.6533333e-01
   1.6266667e-01
   1.6000000e-01
   1.5733333e-01
   1.5466667e-01
   1.5200000e-01
   1.4933333e-01
   1.4666667e-01
   1.4400000e-01
   1.4133333e-01
   1.3866667e-01
   1.3600000e-01
   1.3333333e-01
   1.3066667e-01
   1.2800000e-01
   1.2533333e-01
   1.2266667e-01
   1.2000000e-01
   1.1733333e-01
   1.1466667e-01
   1.1200000e-01
   1.0933333e-01
   1.0666667e-01
   1.0400000e-01
   1.0133333e-01
   9.8666666e-02
   9.6000000e-02
   9.3333334e-02
   9.0666666e-02
   8.8000000e-02
   8.5333334e-02
   8.2666666e-02
   8.0000000e-02
   7.7333334e-02
   7.4666666e-02
   7.2000000e-02
   6.9333334e-02
   6.6666666e-02
   6.4000000e-02
   6.1333334e-02
   5.8666666e-02
   5.6000000e-02
   5.3333334e-02
   5.0666666e-02
   4.8000000e-02
   4.5333334e-02
   4.2666666e-02
   4.0000000e-02
   3.7333334e-02
   3.4666666e-02
   3.2000000e-02
   2.9333334e-02
   2.6666666e-02
   2.4000000e-02
   2.1333334e-02
   1.8666667e-02
   1.6000000e-02
   1.3333333e-02
   1.0666667e-02
   8.0000000e-03
   5.3333334e-03
   2.6666666e-03
   0.0000000e+00
   0.0000000e+00
   0.0000000e+00
   0.0000000e+00
   0.0000000e+00
   0.0000000e+00
   0.0000000e+00
   0.0000000e+00
   0.0000000e+00
   0.0000000e+00
   0.0000000e+00
   0.0000000e+00
   0.0000000e+00
   0.0000000e+00
   0.0000000e+00
   0.0000000e+00
   0.0000000e+00
   0.0000000e+00
   0.0000000e+00
   0.0000000e+00
   0.0000000e+00
   0.0000000e+00
   0.0000000e+00
   0.0000000e+00
   0.0000000e+00
   0.0000000e+00
   0.0000000e+00
   0.0000000e+00
   0.0000000e+00
   0.0000000e+00
   0.0000000e+00
   0.0000000e+00
   0.0000000e+00
   0.0000000e+00
   0.0000000e+00
   0.0000000e+00
   0.0000000e+00
   0.0000000e+00
   0.0000000e+00
   0.0000000e+00
   0.0000000e+00
   0.0000000e+00
   0.0000000e+00
   0.0000000e+00
   0.0000000e+00
   0.0000000e+00
   0.0000000e+00
   0.0000000e+00
   0.0000000e+00
   0.0000000e+00
   0.0000000e+00
   0.0000000e+00
   0.0000000e+00
   0.0000000e+00
   0.0000000e+00
   0.0000000e+00
   0.0000000e+00
   0.0000000e+00
   0.0000000e+00
   0.0000000e+00
   0.0000000e+00
   0.0000000e+00
   0.0000000e+00
   0.0000000e+00
   0.0000000e+00
   0.0000000e+00
   0.0000000e+00
   0.0000000e+00
   0.0000000e+00
   0.0000000e+00
   0.0000000e+00
   0.0000000e+00
   0.0000000e+00
   0.0000000e+00
   0.0000000e+00
   0.0000000e+00
   0.0000000e+00
   0.0000000e+00
   0.0000000e+00
   0.0000000e+00
   0.0000000e+00
   0.0000000e+00
   0.0000000e+00
   0.0000000e+00
   0.0000000e+00
   0.0000000e+00
   0.0000000e+00
   0.0000000e+00
   0.0000000e+00
   0.0000000e+00
   0.0000000e+00
   0.0000000e+00
   0.0000000e+00
   0.0000000e+00
   0.0000000e+00
   0.0000000e+00
   0.0000000e+00
   0.0000000e+00
   0.0000000e+00
   0.0000000e+00
   0.0000000e+00
   0.0000000e+00
   0.0000000e+00
   0.0000000e+00
   0.0000000e+00
   0.0000000e+00
   0.0000000e+00
   0.0000000e+00
   0.0000000e+00
   0.0000000e+00
   0.0000000e+00
   0.0000000e+00
   0.0000000e+00
   0.0000000e+00
   0.0000000e+00
   0.0000000e+00
   0.0000000e+00
   0.0000000e+00
   0.0000000e+00
   0.0000000e+00
   0.0000000e+00
   0.0000000e+00
   0.0000000e+00
   0.0000000e+00
   0.0000000e+00
   0.0000000e+00
   0.0000000e+00
   0.0000000e+00
   0.0000000e+00
   0.0000000e+00
   0.0000000e+00
   0.0000000e+00
   0.0000000e+00
   0.0000000e+00
   0.0000000e+00
   0.0000000e+00
   0.0000000e+00
   0.0000000e+00
   0.0000000e+00
   0.0000000e+00
   0.0000000e+00
   0.0000000e+00
   0.0000000e+00
   0.0000000e+00
   0.0000000e+00
   0.0000000e+00
   0.0000000e+00
   0.0000000e+00
   0.0000000e+00
   0.0000000e+00
   0.0000000e+00
   0.0000000e+00
   0.0000000e+00
   0.0000000e+00
   0.0000000e+00
   0.0000000e+00
   0.0000000e+00
   0.0000000e+00
   0.0000000e+00
   0.0000000e+00
   0.0000000e+00
   0.0000000e+00
   0.0000000e+00
   0.0000000e+00
   0.0000000e+00
   0.0000000e+00
   0.0000000e+00
   0.0000000e+00
   0.0000000e+00
   0.0000000e+00
   0.0000000e+00
   0.0000000e+00
   0.0000000e+00
   0.0000000e+00
   0.0000000e+00
   0.0000000e+00
   0.0000000e+00
   0.0000000e+00
   0.0000000e+00
   0.0000000e+00
   0.0000000e+00
   0.0000000e+00
   0.0000000e+00
   0.0000000e+00
   0.0000000e+00
   0.0000000e+00
   0.0000000e+00
   0.0000000e+00
   0.0000000e+00
   0.0000000e+00
   0.0000000e+00
   0.0000000e+00
   0.0000000e+00
   0.0000000e+00
   0.0000000e+00
   0.0000000e+00
   0.0000000e+00
   0.0000000e+00
   0.0000000e+00
   0.0000000e+00
   0.0000000e+00
   0.0000000e+00
   0.0000000e+00
   0.0000000e+00
   0.0000000e+00
   0.0000000e+00
   0.0000000e+00
   0.0000000e+00
   0.0000000e+00
   0.0000000e+00
   0.0000000e+00
   0.0000000e+00
   0.0000000e+00
   0.0000000e+00
   0.0000000e+00
   0.0000000e+00
   0.0000000e+00
   0.0000000e+00
   0.0000000e+00
   0.0000000e+00
   0.0000000e+00
   0.0000000e+00
   0.0000000e+00
   0.0000000e+00
   0.0000000e+00
   0.0000000e+00
   0.0000000e+00
   0.0000000e+00
   0.0000000e+00
   0.0000000e+00
   0.0000000e+00
   0.0000000e+00
   0.0000000e+00
   0.0000000e+00
   0.0000000e+00
   0.0000000e+00
   0.0000000e+00
   0.0000000e+00
   0.0000000e+00
   0.0000000e+00
   0.0000000e+00
   0.0000000e+00
   0.0000000e+00
   0.0000000e+00
   0.0000000e+00
   0.0000000e+00
   0.0000000e+00
   0.0000000e+00
   0.0000000e+00
   0.0000000e+00
   0.0000000e+00
   5.7028592e-06
   5.8179250e-06
   5.9352175e-06
   6.0547777e-06
   6.1766476e-06
   6.3008697e-06
   6.4274872e-06
   6.5565442e-06
   6.6880855e-06
   6.8221568e-06
   6.9588043e-06
   7.0980753e-06
   7.2400178e-06
   7.3846806e-06
   7.5321134e-06
   7.6823667e-06
   7.8354920e-06
   7.9915415e-06
   8.1505684e-06
   8.3126269e-06
   8.4777719e-06
   8.6460595e-06
   8.8175466e-06
   8.9922911e-06
   9.1703519e-06
   9.3517890e-06
   9.5366633e-06
   9.7250367e-06
   9.9169723e-06
   1.0112534e-05
   1.0311788e-05
   1.0514799e-05
   1.0721635e-05
   1.0932365e-05
   1.1147059e-05
   1.1365787e-05
   1.1588621e-05
   1.1815635e-05
   1.2046904e-05
   1.2282502e-05
   1.2522508e-05
   1.2766999e-05
   1.3016056e-05
   1.3269759e-05
   1.3528190e-05
   1.3791434e-05
   1.4059575e-05
   1.4332700e-05
   1.4610898e-05
   1.4894256e-05
   1.5182868e-05
   1.5476824e-05
   1.5776219e-05
   1.6081148e-05
   1.6391709e-05
   1.6708000e-05
   1.7030122e-05
   1.7358177e-05
   1.7692267e-05
   1.8032500e-05
   1.8378981e-05
   1.8731820e-05
   1.9091127e-05
   1.9457015e-05
   1.9829598e-05
   2.0208992e-05
   2.0595316e-05
   2.0988689e-05
   2.1389233e-05
   2.1797072e-05
   2.2212333e-05
   2.2635142e-05
   2.3065631e-05
   2.3503931e-05
   2.3950176e-05
   2.4404503e-05
   2.4867051e-05
   2.5337960e-05
   2.5817374e-05
   2.6305437e-05
   2.6802299e-05
   2.7308108e-05
   2.7823018e-05
   2.8347183e-05
   2.8880761e-05
   2.9423912e-05
   2.9976798e-05
   3.0539584e-05
   3.1112438e-05
   3.1695530e-05
   3.2289034e-05
   3.2893125e-05
   3.3507982e-05
   3.4133785e-05
   3.4770720e-05
   3.5418974e-05
   3.6078736e-05
   3.6750200e-05
   3.7433561e-05
   3.8129020e-05
   3.8836777e-05
   3.9557039e-05
   4.0290015e-05
   4.1035915e-05
   4.1794956e-05
   4.2567356e-05
   4.3353336e-05
   4.4153123e-05
   4.4966945e-05
   4.5795034e-05
   4.6637627e-05
   4.7494963e-05
   4.8367286e-05
   4.9254841e-05
   5.0157882e-05
   5.1076661e-05
   5.2011439e-05
   5.2962476e-05
   5.3930041e-05
   5.4914403e-05
   5.5915838e-05
   5.6934624e-05
   5.7971045e-05
   5.9025389e-05
   6.0097946e-05
   6.1189014e-05
   6.2298894e-05
   6.3427890e-05
   6.4576313e-05
   6.5744477e-05
   6.6932702e-05
   6.8141312e-05
   6.9370636e-05
   7.0621008e-05
   7.1892767e-05
   7.3186258e-05
   7.4501828e-05
   7.5839834e-05
   7.7200634e-05
   7.8584593e-05
   7.9992083e-05
   8.1423479e-05
   8.2879162e-05
   8.4359520e-05
   8.5864946e-05
   8.7395838e-05
   8.8952602e-05
   9.0535647e-05
   9.2145391e-05
   9.3782256e-05
   9.5446670e-05
   9.7139070e-05
   9.8859897e-05
   1.0060960e-04
   1.0238863e-04
   1.0419745e-04
   1.0603653e-04
   1.0790634e-04
   1.0980737e-04
   1.1174010e-04
   1.1370503e-04
   1.1570266e-04
   1.1773351e-04
   1.1979808e-04
   1.2189691e-04
   1.2403052e-04
   1.2619946e-04
   1.2840427e-04
   1.3064552e-04
   1.3292375e-04
   1.3523955e-04
   1.3759350e-04
   1.3998617e-04
   1.4241818e-04
   1.4489012e-04
   1.4740261e-04
   1.4995626e-04
   1.5255172e-04
   1.5518961e-04
   1.5787059e-04
   1.6059532e-04
   1.6336446e-04
   1.6617869e-04
   1.6903870e-04
   1.7194517e-04
   1.7489883e-04
   1.7790037e-04
   1.8095053e-04
   1.8405004e-04
   1.8719964e-04
   1.9040010e-04
   1.9365218e-04
   1.9695665e-04
   2.0031431e-04
   2.0372594e-04
   2.0719237e-04
   2.1071440e-04
   2.1429288e-04
   2.1792864e-04
   2.2162254e-04
   2.2537545e-04
   2.2918824e-04
   2.3306180e-04
   2.3699704e-04
   2.4099487e-04
   2.4505622e-04
   2.4918203e-04
   2.5337324e-04
   2.5763083e-04
   2.6195577e-04
   2.6634905e-04
   2.7081168e-04
   2.7534467e-04
   2.7994906e-04
   2.8462589e-04
   2.8937623e-04
   2.9420113e-04
   2.9910171e-04
   3.0407904e-04
   3.0913426e-04
   3.1426848e-04
   3.1948287e-04
   3.2477858e-04
   3.3015679e-04
   3.3561869e-04
   3.4116549e-04
   3.4679841e-04
   3.5251870e-04
   3.5832761e-04
   3.6422641e-04
   3.7021639e-04
   3.7629886e-04
   3.8247514e-04
   3.8874658e-04
   3.9511453e-04
   4.0158036e-04
   4.0814547e-04
   4.1481128e-04
   4.2157920e-04
   4.2845069e-04
   4.3542722e-04
   4.4251027e-04
   4.4970134e-04
   4.5700195e-04
   4.6441366e-04
   4.7193802e-04
   4.7957662e-04
   4.8733105e-04
   4.9520294e-04
   5.0319394e-04
   5.1130571e-04
   5.1953993e-04
   5.2789831e-04
   5.3638258e-04
   5.4499448e-04
   5.5373579e-04
   5.6260831e-04
   5.7161384e-04
   5.8075424e-04
   5.9003135e-04
   5.9944706e-04
   6.0900329e-04
   6.1870196e-04
   6.2854503e-04
   6.3853447e-04
   6.4867230e-04
   6.5896055e-04
   6.6940126e-04
   6.7999651e-04
   6.9074841e-04
   7.0165909e-04
   7.1273071e-04
   7.2396545e-04
   7.3536551e-04
   7.4693313e-04
   7.5867058e-04
   7.7058014e-04
   7.8266414e-04
   7.9492492e-04
   8.0736484e-04
   8.1998633e-04
   8.3279180e-04
   8.4578371e-04
   8.5896456e-04
   8.7233687e-04
   8.8590318e-04
   8.9966607e-04
   9.1362816e-04
   9.2779209e-04
   9.4216052e-04
   9.5673617e-04
   9.7152176e-04
   9.8652007e-04
   1.0017339e-03
   1.0171661e-03
   1.0328194e-03
   1.0486969e-03
   1.0648015e-03
   1.0811361e-03
   1.0977036e-03
   1.1145073e-03
   1.1315500e-03
   1.1488350e-03
   1.1663654e-03
   1.1841443e-03
   1.2021750e-03
   1.2204607e-03
   1.2390047e-03
   1.2578103e-03
   1.2768810e-03
   1.2962201e-03
   1.3158310e-03
   1.3357172e-03
   1.3558823e-03
   1.3763298e-03
   1.3970633e-03
   1.4180864e-03
   1.4394029e-03
   1.4610164e-03
   1.4829308e-03
   1.5051497e-03
   1.5276772e-03
   1.5505169e-03
   1.5736730e-03
   1.5971494e-03
   1.6209500e-03
   1.6450790e-03
   1.6695404e-03
   1.6943385e-03
   1.7194774e-03
   1.7449613e-03
   1.7707946e-03
   1.7969816e-03
   1.8235267e-03
   1.8504343e-03
   1.8777089e-03
   1.9053551e-03
   1.9333773e-03
   1.9617803e-03
   1.9905687e-03
   2.0197473e-03
   2.0493207e-03
   2.0792939e-03
   2.1096718e-03
   2.1404592e-03
   2.1716612e-03
   2.2032827e-03
   2.2353289e-03
   2.2678050e-03
   2.3007160e-03
   2.3340673e-03
   2.3678642e-03
   2.4021121e-03
   2.4368163e-03
   2.4719823e-03
   2.5076157e-03
   2.5437221e-03
   2.5803070e-03
   2.6173763e-03
   2.6549356e-03
   2.6929908e-03
   2.7315477e-03
   2.7706124e-03
   2.8101908e-03
   2.8502890e-03
   2.8909131e-03
   2.9320692e-03
   2.9737637e-03
   3.0160028e-03
   3.0587930e-03
   3.1021406e-03
   3.1460522e-03
   3.1905343e-03
   3.2355935e-03
   3.2812367e-03
   3.3274704e-03
   3.3743017e-03
   3.4217372e-03
   3.4697841e-03
   3.5184494e-03
   3.5677402e-03
   3.6176635e-03
   3.6682268e-03
   3.7194373e-03
   3.7713023e-03
   3.8238294e-03
   3.8770261e-03
   3.9308999e-03
   3.9854586e-03
   4.0407099e-03
   4.0966616e-03
   4.1533215e-03
   4.2106978e-03
   4.2687984e-03
   4.3276315e-03
   4.3872052e-03
   4.4475278e-03
   4.5086077e-03
   4.5704533e-03
   4.6330731e-03
   4.6964758e-03
   4.7606699e-03
   4.8256642e-03
   4.8914676e-03
   4.9580890e-03
   5.0255374e-03
   5.0938218e-03
   5.1629514e-03
   5.2329354e-03
   5.3037833e-03
   5.3755043e-03
   5.4481080e-03
   5.5216039e-03
   5.5960018e-03
   5.6713114e-03
   5.7475426e-03
   5.8247052e-03
   5.9028093e-03
   5.9818650e-03
   6.0618824e-03
   6.1428720e-03
   6.2248440e-03
   6.3078090e-03
   6.3917774e-03
   6.4767600e-03
   6.5627675e-03
   6.6498107e-03
   6.7379006e-03
   6.8270481e-03
   6.9172645e-03
   7.0085609e-03
   7.1009486e-03
   7.1944391e-03
   7.2890439e-03
   7.3847745e-03
   7.4816428e-03
   7.5796603e-03
   7.6788392e-03
   7.7791913e-03
   7.8807288e-03
   7.9834639e-03
   8.0874088e-03
   8.1925761e-03
   8.2989781e-03
   8.4066275e-03
   8.5155371e-03
   8.6257196e-03
   8.7371879e-03
   8.8499551e-03
   8.9640343e-03
   9.0794388e-03
   9.1961819e-03
   9.3142770e-03
   9.4337378e-03
   9.5545778e-03
   9.6768108e-03
   9.8004508e-03
   9.9255118e-03
   1.0052008e-02
   1.0179953e-02
   1.0309362e-02
   1.0440249e-02
   1.0572628e-02
   1.0706514e-02
   1.0841923e-02
   1.0978869e-02
   1.1117366e-02
   1.1257430e-02
   1.1399077e-02
   1.1542321e-02
   1.1687179e-02
   1.1833664e-02
   1.1981795e-02
   1.2131585e-02
   1.2283052e-02
   1.2436210e-02
   1.2591077e-02
   1.2747668e-02
   1.2906001e-02
   1.3066091e-02
   1.3227955e-02
   1.3391610e-02
   1.3557073e-02
   1.3724360e-02
   1.3893490e-02
   1.4064479e-02
   1.4237344e-02
   1.4412104e-02
   1.4588775e-02
   1.4767375e-02
   1.4947923e-02
   1.5130437e-02
   1.5314933e-02
   1.5501432e-02
   1.5689950e-02
   1.5880507e-02
   1.6073121e-02
   1.6267811e-02
   1.6464596e-02
   1.6663495e-02
   1.6864526e-02
   1.7067710e-02
   1.7273066e-02
   1.7480612e-02
   1.7690369e-02
   1.7902357e-02
   1.8116595e-02
   1.8333104e-02
   1.8551903e-02
   1.8773014e-02
   1.8996455e-02
   1.9222249e-02
   1.9450415e-02
   1.9680974e-02
   1.9913948e-02
   2.0149357e-02
   2.0387223e-02
   2.0627567e-02
   2.0870410e-02
   2.1115775e-02
   2.1363682e-02
   2.1614154e-02
   2.1867213e-02
   2.2122880e-02
   2.2381179e-02
   2.2642131e-02
   2.2905760e-02
   2.3172087e-02
   2.3441135e-02
   2.3712928e-02
   2.3987489e-02
   2.4264840e-02
   2.4545005e-02
   2.4828008e-02
   2.5113873e-02
   2.5402622e-02
   2.5694280e-02
   2.5988870e-02
   2.6286418e-02
   2.6586947e-02
   2.6890482e-02
   2.7197047e-02
   2.7506666e-02
   2.7819366e-02
   2.8135170e-02
   2.8454104e-02
   2.8776192e-02
   2.9101461e-02
   2.9429936e-02
   2.9761642e-02
   3.0096605e-02
   3.0434852e-02
   3.0776407e-02
   3.1121297e-02
   3.1469549e-02
   3.1821189e-02
   3.2176243e-02
   3.2534738e-02
   3.2896701e-02
   3.3262159e-02
   3.3631139e-02
   3.4003668e-02
   3.4379773e-02
   3.4759482e-02
   3.5142822e-02
   3.5529822e-02
   3.5920508e-02
   3.6314910e-02
   3.6713054e-02
   3.7114970e-02
   3.7520685e-02
   3.7930229e-02
   3.8343629e-02
   3.8760915e-02
   3.9182115e-02
   3.9607258e-02
   4.0036374e-02
   4.0469491e-02
   4.0906640e-02
   4.1347848e-02
   4.1793147e-02
   4.2242566e-02
   4.2696134e-02
   4.3153882e-02
   4.3615840e-02
   4.4082038e-02
   4.4552505e-02
   4.5027274e-02
   4.5506373e-02
   4.5989835e-02
   4.6477689e-02
   4.6969967e-02
   4.7466699e-02
   4.7967917e-02
   4.8473652e-02
   4.8983935e-02
   4.9498798e-02
   5.0018272e-02
   5.0542390e-02
   5.1071182e-02
   5.1604681e-02
   5.2142919e-02
   5.2685927e-02
   5.3233739e-02
   5.3786386e-02
   5.4343901e-02
   5.4906316e-02
   5.5473664e-02
   5.6045978e-02
   5.6623290e-02
   5.7205634e-02
   5.7793042e-02
   5.8385548e-02
   5.8983184e-02
   5.9585985e-02
   6.0193982e-02
   6.0807211e-02
   6.1425704e-02
   6.2049496e-02
   6.2678619e-02
   6.3313108e-02
   6.3952997e-02
   6.4598319e-02
   6.5249109e-02
   6.5905400e-02
   6.6567228e-02
   6.7234626e-02
   6.7907629e-02
   6.8586271e-02
   6.9270587e-02
   6.9960611e-02
   7.0656378e-02
   7.1357923e-02
   7.2065281e-02
   7.2778486e-02
   7.3497573e-02
   7.4222578e-02
   7.4953535e-02
   7.5690480e-02
   7.6433447e-02
   7.7182472e-02
   7.7937591e-02
   7.8698838e-02
   7.9466249e-02
   8.0239859e-02
   8.1019704e-02
   8.1805820e-02
   8.2598241e-02
   8.3397004e-02
   8.4202144e-02
   8.5013697e-02
   8.5831699e-02
   8.6656185e-02
   8.7487190e-02
   8.8324752e-02
   8.9168906e-02
   9.0019687e-02
   9.0877131e-02
   9.1741275e-02
   9.2612154e-02
   9.3489804e-02
   9.4374262e-02
   9.5265563e-02
   9.6163742e-02
   9.7068837e-02
   9.7980883e-02
   9.8899916e-02
   9.9825972e-02
   1.0075909e-01
   1.0169930e-01
   1.0264664e-01
   1.0360115e-01
   1.0456286e-01
   1.0553181e-01
   1.0650803e-01
   1.0749157e-01
   1.0848245e-01
   1.0948071e-01
   1.1048639e-01
   1.1149953e-01
   1.1252016e-01
   1.1354831e-01
   1.1458402e-01
   1.1562733e-01
   1.1667828e-01
   1.1773689e-01
   1.1880321e-01
   1.1987726e-01
   1.2095909e-01
   1.2204873e-01
   1.2314621e-01
   1.2425158e-01
   1.2536486e-01
   1.2648610e-01
   1.2761531e-01
   1.2875256e-01
   1.2989785e-01
   1.3105124e-01
   1.3221275e-01
   1.3338243e-01
   1.3456029e-01
   1.3574639e-01
   1.3694076e-01
   1.3814342e-01
   1.3935441e-01
   1.4057377e-01
   1.4180153e-01
   1.4303772e-01
   1.4428239e-01
   1.4553555e-01
   1.4679725e-01
   1.4806752e-01
   1.4934639e-01
   1.5063390e-01
   1.5193008e-01
   1.5323495e-01
   1.5454857e-01
   1.5587094e-01
   1.5720212e-01
   1.5854213e-01
   1.5989101e-01
   1.6124878e-01
   1.6261548e-01
   1.6399114e-01
   1.6537579e-01
   1.6676946e-01
   1.6817219e-01
   1.6958400e-01
   1.7100493e-01
   1.7243501e-01
   1.7387426e-01
   1.7532272e-01
   1.7678042e-01
   1.7824738e-01
   1.7972365e-01
   1.8120924e-01
   1.8270419e-01
   1.8420852e-01
   1.8572227e-01
   1.8724546e-01
   1.8877813e-01
   1.9032029e-01
   1.9187198e-01
   1.9343323e-01
   1.9500406e-01
   1.9658450e-01
   1.9817459e-01
   1.9977433e-01
   2.0138377e-01
   2.0300292e-01
   2.0463182e-01
   2.0627049e-01
   2.0791896e-01
   2.0957725e-01
   2.1124538e-01
   2.1292338e-01
   2.1461128e-01
   2.1630910e-01
   2.1801686e-01
   2.1973459e-01
   2.2146230e-01
   2.2320003e-01
   2.2494780e-01
   2.2670563e-01
   2.2847354e-01
   2.3025155e-01
   2.3203968e-01
   2.3383796e-01
   2.3564640e-01
   2.3746503e-01
   2.3929387e-01
   2.4113294e-01
   2.4298225e-01
   2.4484182e-01
   2.4671168e-01
   2.4859185e-01
   2.5048233e-01
   2.5238315e-01
   2.5429433e-01
   2.5621588e-01
   2.5814783e-01
   2.6009017e-01
   2.6204294e-01
   2.6400615e-01
   2.6597981e-01
   2.6796393e-01
   2.6995854e-01
   2.7196364e-01
   2.7397925e-01
   2.7600539e-01
   2.7804206e-01
   2.8008927e-01
   2.8214705e-01
   2.8421540e-01
   2.8629432e-01
   2.8838384e-01
   2.9048397e-01
   2.9259470e-01
   2.9471606e-01
   2.9684805e-01
   2.9899068e-01
   3.0114395e-01
   3.0330788e-01
   3.0548247e-01
   3.0766773e-01
   3.0986366e-01
   3.1207027e-01
   3.1428757e-01
   3.1651555e-01
   3.1875424e-01
   3.2100362e-01
   3.2326370e-01
   3.2553448e-01
   3.2781597e-01
   3.3010817e-01
   3.3241108e-01
   3.3472469e-01
   3.3704902e-01
   3.3938406e-01
   3.4172981e-01
   3.4408626e-01
   3.4645342e-01
   3.4883129e-01
   3.5121985e-01
   3.5361911e-01
   3.5602907e-01
   3.5844972e-01
   3.6088104e-01
   3.6332305e-01
   3.6577573e-01
   3.6823907e-01
   3.7071308e-01
   3.7319773e-01
   3.7569303e-01
   3.7819895e-01
   3.8071550e-01
   3.8324267e-01
   3.8578044e-01
   3.8832879e-01
   3.9088773e-01
   3.9345724e-01
   3.9603730e-01
   3.9862789e-01
   4.0122902e-01
   4.0384066e-01
   4.0646279e-01
   4.0909540e-01
   4.1173848e-01
   4.1439200e-01
   4.1705595e-01
   4.1973031e-01
   4.2241506e-01
   4.2511018e-01
   4.2781565e-01
   4.3053145e-01
   4.3325756e-01
   4.3599396e-01
   4.3874062e-01
   4.4149751e-01
   4.4426462e-01
   4.4704193e-01
   4.4982939e-01
   4.5262700e-01
   4.5543472e-01
   4.5825252e-01
   4.6108038e-01
   4.6391827e-01
   4.6676615e-01
   4.6962401e-01
   4.7249180e-01
   4.7536950e-01
   4.7825707e-01
   4.8115448e-01
   4.8406170e-01
   4.8697870e-01
   4.8990544e-01
   4.9284188e-01
   4.9578799e-01
   4.9874373e-01
   5.0170906e-01
   5.0468395e-01
   5.0766835e-01
   5.1066224e-01
   5.1366556e-01
   5.1667827e-01
   5.1970035e-01
   5.2273173e-01
   5.2577238e-01
   5.2882226e-01
   5.3188132e-01
   5.3494952e-01
   5.3802681e-01
   5.4111314e-01
   5.4420847e-01
   5.4731275e-01
   5.5042592e-01
   5.5354795e-01
   5.5667879e-01
   5.5981837e-01
   5.6296665e-01
   5.6612358e-01
   5.6928910e-01
   5.7246316e-01
   5.7564571e-01
   5.7883669e-01
   5.8203605e-01
   5.8524373e-01
   5.8845967e-01
   5.9168381e-01
   5.9491610e-01
   5.9815648e-01
   6.0140488e-01
   6.0466125e-01
   6.0792553e-01
   6.1119765e-01
   6.1447755e-01
   6.1776516e-01
   6.2106043e-01
   6.2436329e-01
   6.2767366e-01
   6.3099150e-01
   6.3431672e-01
   6.3764926e-01
   6.4098906e-01
   6.4433604e-01
   6.4769013e-01
   6.5105126e-01
   6.5441937e-01
   6.5779438e-01
   6.6117621e-01
   6.6456480e-01
   6.6796006e-01
   6.7136193e-01
   6.7477033e-01
   6.7818519e-01
   6.8160641e-01
   6.8503394e-01
   6.8846769e-01
   6.9190758e-01
   6.9535353e-01
   6.9880546e-01
   7.0226329e-01
   7.0572694e-01
   7.0919632e-01
   7.1267136e-01
   7.1615197e-01
   7.1963806e-01
   7.2312955e-01
   7.2662635e-01
   7.3012838e-01
   7.3363556e-01
   7.3714778e-01
   7.4066497e-01
   7.4418703e-01
   7.4771388e-01
   7.5124542e-01
   7.5478156e-01
   7.5832222e-01
   7.6186730e-01
   7.6541670e-01
   7.6897033e-01
   7.7252810e-01
   7.7608992e-01
   7.7965568e-01
   7.8322529e-01
   7.8679866e-01
   7.9037569e-01
   7.9395627e-01
   7.9754032e-01
   8.0112772e-01
   8.0471839e-01
   8.0831221e-01
   8.1190910e-01
   8.1550894e-01
   8.1911164e-01
   8.2271709e-01
   8.2632519e-01
   8.2993583e-01
   8.3354892e-01
   8.3716433e-01
   8.4078198e-01
   8.4440175e-01
   8.4802353e-01
   8.5164723e-01
   8.5527272e-01
   8.5889990e-01
   8.6252867e-01
   8.6615891e-01
   8.6979051e-01
   8.7342336e-01
   8.7705735e-01
   8.8069237e-01
   8.8432831e-01
   8.8796505e-01
   8.9160248e-01
   8.9524049e-01
   8.9887896e-01
   9.0251778e-01
   9.0615683e-01
   9.0979599e-01
   9.1343515e-01
   9.1707420e-01
   9.2071302e-01
   9.2435148e-01
   9.2798947e-01
   9.3162688e-01
   9.3526357e-01
   9.3889945e-01
   9.4253437e-01
   9.4616823e-01
   9.4980090e-01
   9.5343227e-01
   9.5706220e-01
   9.6069059e-01
   9.6431730e-01
   9.6794221e-01
   9.7156521e-01
   9.7518616e-01
   9.7880495e-01
   9.8242145e-01
   9.8603553e-01
   9.8964707e-01
   9.9325595e-01
   9.9686204e-01
   1.0004652e+00
   1.0040653e+00
   1.0076623e+00
   1.0112560e+00
   1.0148462e+00
   1.0184329e+00
   1.0220160e+00
   1.0255952e+00
   1.0291705e+00
   1.0327417e+00
   1.0363087e+00
   1.0398715e+00
   1.0434297e+00
   1.0469834e+00
   1.0505324e+00
   1.0540766e+00
   1.0576158e+00
   1.0611499e+00
   1.0646787e+00
   1.0682023e+00
   1.0717203e+00
   1.0752327e+00
   1.0787394e+00
   1.0822402e+00
   1.0857349e+00
   1.0892236e+00
   1.0927059e+00
   1.0961819e+00
   1.0996513e+00
   1.1031140e+00
   1.1065700e+00
   1.1100190e+00
   1.1134609e+00
   1.1168957e+00
   1.1203231e+00
   1.1237430e+00
   1.1271554e+00
   1.1305600e+00
   1.1339568e+00
   1.1373456e+00
   1.1407262e+00
   1.1440986e+00
   1.1474626e+00
   1.1508181e+00
   1.1541650e+00
   1.1575030e+00
   1.1608321e+00
   1.1641522e+00
   1.1674631e+00
   1.1707647e+00
   1.1740568e+00
   1.1773394e+00
   1.1806122e+00
   1.1838752e+00
   1.1871282e+00
   1.1903711e+00
   1.1936038e+00
   1.1968261e+00
   1.2000379e+00
   1.2032390e+00
   1.2064294e+00
   1.2096089e+00
   1.2127774e+00
   1.2159347e+00
   1.2190808e+00
   1.2222154e+00
   1.2253385e+00
   1.2284499e+00
   1.2315495e+00
   1.2346371e+00
   1.2377127e+00
   1.2407761e+00
   1.2438272e+00
   1.2468659e+00
   1.2498920e+00
   1.2529053e+00
   1.2559059e+00
   1.2588934e+00
   1.2618679e+00
   1.2648292e+00
   1.2677772e+00
   1.2707117e+00
   1.2736326e+00
   1.2765398e+00
   1.2794331e+00
   1.2823125e+00
   1.2851778e+00
   1.2880290e+00
   1.2908657e+00
   1.2936881e+00
   1.2964958e+00
   1.2992889e+00
   1.3020671e+00
   1.3048304e+00
   1.3075787e+00
   1.3103118e+00
   1.3130296e+00
   1.3157319e+00
   1.3184188e+00
   1.3210899e+00
   1.3237454e+00
   1.3263849e+00
   1.3290084e+00
   1.3316158e+00
   1.3342070e+00
   1.3367818e+00
   1.3393402e+00
   1.3418820e+00
   1.3444071e+00
   1.3469154e+00
   1.3494068e+00
   1.3518812e+00
   1.3543385e+00
   1.3567785e+00
   1.3592011e+00
   1.3616063e+00
   1.3639939e+00
   1.3663639e+00
   1.3687160e+00
   1.3710503e+00
   1.3733666e+00
   1.3756648e+00
   1.3779448e+00
   1.3802065e+00
   1.3824498e+00
   1.3846745e+00
   1.3868807e+00
   1.3890681e+00
   1.3912368e+00
   1.3933865e+00
   1.3955172e+00
   1.3976288e+00
   1.3997212e+00
   1.4017944e+00
   1.4038481e+00
   1.4058823e+00
   1.4078970e+00
   1.4098920e+00
   1.4118672e+00
   1.4138226e+00
   1.4157580e+00
   1.4176734e+00
   1.4195687e+00
   1.4214438e+00
   1.4232986e+00
   1.4251330e+00
   1.4269469e+00
   1.4287402e+00
   1.4305130e+00
   1.4322650e+00
   1.4339962e+00
   1.4357066e+00
   1.4373959e+00
   1.4390643e+00
   1.4407115e+00
   1.4423376e+00
   1.4439423e+00
   1.4455258e+00
   1.4470878e+00
   1.4486283e+00
   1.4501473e+00
   1.4516446e+00
   1.4531202e+00
   1.4545740e+00
   1.4560061e+00
   1.4574162e+00
   1.4588043e+00
   1.4601704e+00
   1.4615143e+00
   1.4628361e+00
   1.4641357e+00
   1.4654130e+00
   1.4666679e+00
   1.4679004e+00
   1.4691105e+00
   1.4702980e+00
   1.4714629e+00
   1.4726052e+00
   1.4737249e+00
   1.4748217e+00
   1.4758958e+00
   1.4769470e+00
   1.4779753e+00
   1.4789807e+00
   1.4799630e+00
   1.4809224e+00
   1.4818586e+00
   1.4827717e+00
   1.4836616e+00
   1.4845283e+00
   1.4853718e+00
   1.4861919e+00
   1.4869888e+00
   1.4877622e+00
   1.4885122e+00
   1.4892388e+00
   1.4899419e+00
   1.4906214e+00
   1.4912775e+00
   1.4919099e+00
   1.4925187e+00
   1.4931039e+00
   1.4936654e+00
   1.4942032e+00
   1.4947173e+00
   1.4952077e+00
   1.4956742e+00
   1.4961170e+00
   1.4965360e+00
   1.4969311e+00
   1.4973024e+00
   1.4976498e+00
   1.4979734e+00
   1.4982730e+00
   1.4985487e+00
   1.4988005e+00
   1.4990283e+00
   1.4992322e+00
   1.4994121e+00
   1.4995681e+00
   1.4997000e+00
   1.4998080e+00
   1.4998920e+00
   1.4999520e+00
   1.4999880e+00
   1.5000000e+00
   1.4999880e+00
   1.4999520e+00
   1.4998920e+00
   1.4998080e+00
   1.4997000e+00
   1.4995681e+00
   1.4994121e+00
   1.4992322e+00
   1.4990283e+00
   1.4988005e+00
   1.4985487e+00
   1.4982730e+00
   1.4979734e+00
   1.4976498e+00
   1.4973024e+00
   1.4969311e+00
   1.4965360e+00
   1.4961170e+00
   1.4956742e+00
   1.4952077e+00
   1.4947173e+00
   1.4942032e+00
   1.4936654e+00
   1.4931039e+00
   1.4925187e+00
   1.4919099e+00
   1.4912775e+00
   1.4906214e+00
   1.4899419e+00
   1.4892388e+00
   1.4885122e+00
   1.4877622e+00
   1.4869888e+00
   1.4861919e+00
   1.4853718e+00
   1.4845283e+00
   1.4836616e+00
   1.4827717e+00
   1.4818586e+00
   1.4809224e+00
   1.4799630e+00
   1.4789807e+00
   1.4779753e+00
   1.4769470e+00
   1.4758958e+00
   1.4748217e+00
   1.4737249e+00
   1.4726052e+00
   1.4714629e+00
   1.4702980e+00
   1.4691105e+00
   1.4679004e+00
   1.4666679e+00
   1.4654130e+00
   1.4641357e+00
   1.4628361e+00
   1.4615143e+00
   1.4601704e+00
   1.4588043e+00
   1.4574162e+00
   1.4560061e+00
   1.4545740e+00
   1.4531202e+00
   1.4516446e+00
   1.4501473e+00
   1.4486283e+00
   1.4470878e+00
   1.4455258e+00
   1.4439423e+00
   1.4423376e+00
   1.4407115e+00
   1.4390643e+00
   1.4373959e+00
   1.4357066e+00
   1.4339962e+00
   1.4322650e+00
   1.4305130e+00
   1.4287402e+00
   1.4269469e+00
   1.4251330e+00
   1.4232986e+00
   1.4214438e+00
   1.4195687e+00
   1.4176734e+00
   1.4157580e+00
   1.4138226e+00
   1.4118672e+00
   1.4098920e+00
   1.4078970e+00
   1.4058823e+00
   1.4038481e+00
   1.4017944e+00
   1.3997212e+00
   1.3976288e+00
   1.3955172e+00
   1.3933865e+00
   1.3912368e+00
   1.3890681e+00
   1.3868807e+00
   1.3846745e+00
   1.3824498e+00
   1.3802065e+00
   1.3779448e+00
   1.3756648e+00
   1.3733666e+00
   1.3710503e+00
   1.3687160e+00
   1.3663639e+00
   1.3639939e+00
   1.3616063e+00
   1.3592011e+00
   1.3567785e+00
   1.3543385e+00
   1.3518812e+00
   1.3494068e+00
   1.3469154e+00
   1.3444071e+00
   1.3418820e+00
   1.3393402e+00
   1.3367818e+00
   1.3342070e+00
   1.3316158e+00
   1.3290084e+00
   1.3263849e+00
   1.3237454e+00
   1.3210899e+00
   1.3184188e+00
   1.3157319e+00
   1.3130296e+00
   1.3103118e+00
   1.3075787e+00
   1.3048304e+00
   1.3020671e+00
   1.2992889e+00
   1.2964958e+00
   1.2936881e+00
   1.2908657e+00
   1.2880290e+00
   1.2851778e+00
   1.2823125e+00
   1.2794331e+00
   1.2765398e+00
   1.2736326e+00
   1.2707117e+00
   1.2677772e+00
   1.2648292e+00
   1.2618679e+00
   1.2588934e+00
   1.2559059e+00
   1.2529053e+00
   1.2498920e+00
   1.2468659e+00
   1.2438272e+00
   1.2407761e+00
   1.2377127e+00
   1.2346371e+00
   1.2315495e+00
   1.2284499e+00
   1.2253385e+00
   1.2222154e+00
   1.2190808e+00
   1.2159347e+00
   1.2127774e+00
   1.2096089e+00
   1.2064294e+00
   1.2032390e+00
   1.2000379e+00
   1.1968261e+00
   1.1936038e+00
   1.1903711e+00
   1.1871282e+00
   1.1838752e+00
   1.1806122e+00
   1.1773394e+00
   1.1740568e+00
   1.1707647e+00
   1.1674631e+00
   1.1641522e+00
   1.1608321e+00
   1.1575030e+00
   1.1541650e+00
   1.1508181e+00
   1.1474626e+00
   1.1440986e+00
   1.1407262e+00
   1.1373456e+00
   1.1339568e+00
   1.1305600e+00
   1.1271554e+00
   1.1237430e+00
   1.1203231e+00
   1.1168957e+00
   1.1134609e+00
   1.1100190e+00
   1.1065700e+00
   1.1031140e+00
   1.0996513e+00
   1.0961819e+00
   1.0927059e+00
   1.0892236e+00
   1.0857349e+00
   1.0822402e+00
   1.0787394e+00
   1.0752327e+00
   1.0717203e+00
   1.0682023e+00
   1.0646787e+00
   1.0611499e+00
   1.0576158e+00
   1.0540766e+00
   1.0505324e+00
   1.0469834e+00
   1.0434297e+00
   1.0398715e+00
   1.0363087e+00
   1.0327417e+00
   1.0291705e+00
   1.0255952e+00
   1.0220160e+00
   1.0184329e+00
   1.0148462e+00
   1.0112560e+00
   1.0076623e+00
   1.0040653e+00
   1.0004652e+00
   9.9686204e-01
   9.9325595e-01
   9.8964707e-01
   9.8603553e-01
   9.8242145e-01
   9.7880495e-01
   9.7518616e-01
   9.7156521e-01
   9.6794221e-01
   9.6431730e-01
   9.6069059e-01
   9.5706220e-01
   9.5343227e-01
   9.4980090e-01
   9.4616823e-01
   9.4253437e-01
   9.3889945e-01
   9.3526357e-01
   9.3162688e-01
   9.2798947e-01
   9.2435148e-01
   9.2071302e-01
   9.1707420e-01
   9.1343515e-01
   9.0979599e-01
   9.0615683e-01
   9.0251778e-01
   8.9887896e-01
   8.9524049e-01
   8.9160248e-01
   8.8796505e-01
   8.8432831e-01
   8.8069237e-01
   8.7705735e-01
   8.7342336e-01
   8.6979051e-01
   8.6615891e-01
   8.6252867e-01
   8.5889990e-01
   8.5527272e-01
   8.5164723e-01
   8.4802353e-01
   8.4440175e-01
   8.4078198e-01
   8.3716433e-01
   8.3354892e-01
   8.2993583e-01
   8.2632519e-01
   8.2271709e-01
   8.1911164e-01
   8.1550894e-01
   8.1190910e-01
   8.0831221e-01
   8.0471839e-01
   8.0112772e-01
   7.9754032e-01
   7.9395627e-01
   7.9037569e-01
   7.8679866e-01
   7.8322529e-01
   7.7965568e-01
   7.7608992e-01
   7.7252810e-01
   7.6897033e-01
   7.6541670e-01
   7.6186730e-01
   7.5832222e-01
   7.5478156e-01
   7.5124542e-01
   7.4771388e-01
   7.4418703e-01
   7.4066497e-01
   7.3714778e-01
   7.3363556e-01
   7.3012838e-01
   7.2662635e-01
   7.2312955e-01
   7.1963806e-01
   7.1615197e-01
   7.1267136e-01
   7.0919632e-01
   7.0572694e-01
   7.0226329e-01
   6.9880546e-01
   6.9535353e-01
   6.9190758e-01
   6.8846769e-01
   6.8503394e-01
   6.8160641e-01
   6.7818519e-01
   6.7477033e-01
   6.7136193e-01
   6.6796006e-01
   6.6456480e-01
   6.6117621e-01
   6.5779438e-01
   6.5441937e-01
   6.5105126e-01
   6.4769013e-01
   6.4433604e-01
   6.4098906e-01
   6.3764926e-01
   6.3431672e-01
   6.3099150e-01
   6.2767366e-01
   6.2436329e-01
   6.2106043e-01
   6.1776516e-01
   6.1447755e-01
   6.1119765e-01
   6.0792553e-01
   6.0466125e-01
   6.0140488e-01
   5.9815648e-01
   5.9491610e-01
   5.9168381e-01
   5.8845967e-01
   5.8524373e-01
   5.8203605e-01
   5.7883669e-01
   5.7564571e-01
   5.7246316e-01
   5.6928910e-01
   5.6612358e-01
   5.6296665e-01
   5.5981837e-01
   5.5667879e-01
   5.5354795e-01
   5.5042592e-01
   5.4731275e-01
   5.4420847e-01
   5.4111314e-01
   5.3802681e-01
   5.3494952e-01
   5.3188132e-01
   5.2882226e-01
   5.2577238e-01
   5.2273173e-01
   5.1970035e-01
   5.1667827e-01
   5.1366556e-01
   5.1066224e-01
   5.0766835e-01
   5.0468395e-01
   5.0170906e-01
   4.9874373e-01
   4.9578799e-01
   4.9284188e-01
   4.8990544e-01
   4.8697870e-01
   4.8406170e-01
   4.8115448e-01
   4.7825707e-01
   4.7536950e-01
   4.7249180e-01
   4.6962401e-01
   4.6676615e-01
   4.6391827e-01
   4.6108038e-01
   4.5825252e-01
   4.5543472e-01
   4.5262700e-01
   4.4982939e-01
   4.4704193e-01
   4.4426462e-01
   4.4149751e-01
   4.3874062e-01
   4.3599396e-01
   4.3325756e-01
   4.3053145e-01
   4.2781565e-01
   4.2511018e-01
   4.2241506e-01
   4.1973031e-01
   4.1705595e-01
   4.1439200e-01
   4.1173848e-01
   4.0909540e-01
   4.0646279e-01
   4.0384066e-01
   4.0122902e-01
   3.9862789e-01
   3.9603730e-01
   3.9345724e-01
   3.9088773e-01
   3.8832879e-01
   3.8578044e-01
   3.8324267e-01
   3.8071550e-01
   3.7819895e-01
   3.7569303e-01
   3.7319773e-01
   3.7071308e-01
   3.6823907e-01
   3.6577573e-01
   3.6332305e-01
   3.6088104e-01
   3.5844972e-01
   3.5602907e-01
   3.5361911e-01
   3.5121985e-01
   3.4883129e-01
   3.4645342e-01
   3.4408626e-01
   3.4172981e-01
   3.3938406e-01
   3.3704902e-01
   3.3472469e-01
   3.3241108e-01
   3.3010817e-01
   3.2781597e-01
   3.2553448e-01
   3.2326370e-01
   3.2100362e-01
   3.1875424e-01
   3.1651555e-01
   3.1428757e-01
   3.1207027e-01
   3.0986366e-01
   3.0766773e-01
   3.0548247e-01
   3.0330788e-01
   3.0114395e-01
   2.9899068e-01
   2.9684805e-01
   2.9471606e-01
   2.9259470e-01
   2.9048397e-01
   2.8838384e-01
   2.8629432e-01
   2.8421540e-01
   2.8214705e-01
   2.8008927e-01
   2.7804206e-01
   2.7600539e-01
   2.7397925e-01
   2.7196364e-01
   2.6995854e-01
   2.6796393e-01
   2.6597981e-01
   2.6400615e-01
   2.6204294e-01
   2.6009017e-01
   2.5814783e-01
   2.5621588e-01
   2.5429433e-01
   2.5238315e-01
   2.5048233e-01
   2.4859185e-01
   2.4671168e-01
   2.4484182e-01
   2.4298225e-01
   2.4113294e-01
   2.3929387e-01
   2.3746503e-01
   2.3564640e-01
   2.3383796e-01
   2.3203968e-01
   2.3025155e-01
   2.2847354e-01
   2.2670563e-01
   2.2494780e-01
   2.2320003e-01
   2.2146230e-01
   2.1973459e-01
   2.1801686e-01
   2.1630910e-01
   2.1461128e-01
   2.1292338e-01
   2.1124538e-01
   2.0957725e-01
   2.0791896e-01
   2.0627049e-01
   2.0463182e-01
   2.0300292e-01
   2.0138377e-01
   1.9977433e-01
   1.9817459e-01
   1.9658450e-01
   1.9500406e-01
   1.9343323e-01
   1.9187198e-01
   1.9032029e-01
   1.8877813e-01
   1.8724546e-01
   1.8572227e-01
   1.8420852e-01
   1.8270419e-01
   1.8120924e-01
   1.7972365e-01
   1.7824738e-01
   1.7678042e-01
   1.7532272e-01
   1.7387426e-01
   1.7243501e-01
   1.7100493e-01
   1.6958400e-01
   1.6817219e-01
   1.6676946e-01
   1.6537579e-01
   1.6399114e-01
   1.6261548e-01
   1.6124878e-01
   1.5989101e-01
   1.5854213e-01
   1.5720212e-01
   1.5587094e-01
   1.5454857e-01
   1.5323495e-01
   1.5193008e-01
   1.5063390e-01
   1.4934639e-01
   1.4806752e-01
   1.4679725e-01
   1.4553555e-01
   1.4428239e-01
   1.4303772e-01
   1.4180153e-01
   1.4057377e-01
   1.3935441e-01
   1.3814342e-01
   1.3694076e-01
   1.3574639e-01
   1.3456029e-01
   1.3338243e-01
   1.3221275e-01
   1.3105124e-01
   1.2989785e-01
   1.2875256e-01
   1.2761531e-01
   1.2648610e-01
   1.2536486e-01
   1.2425158e-01
   1.2314621e-01
   1.2204873e-01
   1.2095909e-01
   1.1987726e-01
   1.1880321e-01
   1.1773689e-01
   1.1667828e-01
   1.1562733e-01
   1.1458402e-01
   1.1354831e-01
   1.1252016e-01
   1.1149953e-01
   1.1048639e-01
   1.0948071e-01
   1.0848245e-01
   1.0749157e-01
   1.0650803e-01
   1.0553181e-01
   1.0456286e-01
   1.0360115e-01
   1.0264664e-01
   1.0169930e-01
   1.0075909e-01
   9.9825972e-02
   9.8899916e-02
   9.7980883e-02
   9.7068837e-02
   9.6163742e-02
   9.5265563e-02
   9.4374262e-02
   9.3489804e-02
   9.2612154e-02
   9.1741275e-02
   9.0877131e-02
   9.0019687e-02
   8.9168906e-02
   8.8324752e-02
   8.7487190e-02
   8.6656185e-02
   8.5831699e-02
   8.5013697e-02
   8.4202144e-02
   8.3397004e-02
   8.2598241e-02
   8.1805820e-02
   8.1019704e-02
   8.0239859e-02
   7.9466249e-02
   7.8698838e-02
   7.7937591e-02
   7.7182472e-02
   7.6433447e-02
   7.5690480e-02
   7.4953535e-02
   7.4222578e-02
   7.3497573e-02
   7.2778486e-02
   7.2065281e-02
   7.1357923e-02
   7.0656378e-02
   6.9960611e-02
   6.9270587e-02
   6.8586271e-02
   6.7907629e-02
   6.7234626e-02
   6.6567228e-02
   6.5905400e-02
   6.5249109e-02
   6.4598319e-02
   6.3952997e-02
   6.3313108e-02
   6.2678619e-02
   6.2049496e-02
   6.1425704e-02
   6.0807211e-02
   6.0193982e-02
   5.9585985e-02
   5.8983184e-02
   5.8385548e-02
   5.7793042e-02
   5.7205634e-02
   5.6623290e-02
   5.6045978e-02
   5.5473664e-02
   5.4906316e-02
   5.4343901e-02
   5.3786386e-02
   5.3233739e-02
   5.2685927e-02
   5.2142919e-02
   5.1604681e-02
   5.1071182e-02
   5.0542390e-02
   5.0018272e-02
   4.9498798e-02
   4.8983935e-02
   4.8473652e-02
   4.7967917e-02
   4.7466699e-02
   4.6969967e-02
   4.6477689e-02
   4.5989835e-02
   4.5506373e-02
   4.5027274e-02
   4.4552505e-02
   4.4082038e-02
   4.3615840e-02
   4.3153882e-02
   4.2696134e-02
   4.2242566e-02
   4.1793147e-02
   4.1347848e-02
   4.0906640e-02
   4.0469491e-02
   4.0036374e-02
   3.9607258e-02
   3.9182115e-02
   3.8760915e-02
   3.8343629e-02
   3.7930229e-02
   3.7520685e-02
   3.7114970e-02
   3.6713054e-02
   3.6314910e-02
   3.5920508e-02
   3.5529822e-02
   3.5142822e-02
   3.4759482e-02
   3.4379773e-02
   3.4003668e-02
   3.3631139e-02
   3.3262159e-02
   3.2896701e-02
   3.2534738e-02
   3.2176243e-02
   3.1821189e-02
   3.1469549e-02
   3.1121297e-02
   3.0776407e-02
   3.0434852e-02
   3.0096605e-02
   2.9761642e-02
   2.9429936e-02
   2.9101461e-02
   2.8776192e-02
   2.8454104e-02
   2.8135170e-02
   2.7819366e-02
   2.7506666e-02
   2.7197047e-02
   2.6890482e-02
   2.6586947e-02
   2.6286418e-02
   2.5988870e-02
   2.5694280e-02
   2.5402622e-02
   2.5113873e-02
   2.4828008e-02
   2.4545005e-02
   2.4264840e-02
   2.3987489e-02
   2.3712928e-02
   2.3441135e-02
   2.3172087e-02
   2.2905760e-02
   2.2642131e-02
   2.2381179e-02
   2.2122880e-02
   2.1867213e-02
   2.1614154e-02
   2.1363682e-02
   2.1115775e-02
   2.0870410e-02
   2.0627567e-02
   2.0387223e-02
   2.0149357e-02
   1.9913948e-02
   1.9680974e-02
   1.9450415e-02
   1.9222249e-02
   1.8996455e-02
   1.8773014e-02
   1.8551903e-02
   1.8333104e-02
   1.8116595e-02
   1.7902357e-02
   1.7690369e-02
   1.7480612e-02
   1.7273066e-02
   1.7067710e-02
   1.6864526e-02
   1.6663495e-02
   1.6464596e-02
   1.6267811e-02
   1.6073121e-02
   1.5880507e-02
   1.5689950e-02
   1.5501432e-02
   1.5314933e-02
   1.5130437e-02
   1.4947923e-02
   1.4767375e-02
   1.4588775e-02
   1.4412104e-02
   1.4237344e-02
   1.4064479e-02
   1.3893490e-02
   1.3724360e-02
   1.3557073e-02
   1.3391610e-02
   1.3227955e-02
   1.3066091e-02
   1.2906001e-02
   1.2747668e-02
   1.2591077e-02
   1.2436210e-02
   1.2283052e-02
   1.2131585e-02
   1.1981795e-02
   1.1833664e-02
   1.1687179e-02
   1.1542321e-02
   1.1399077e-02
   1.1257430e-02
   1.1117366e-02
   1.0978869e-02
   1.0841923e-02
   1.0706514e-02
   1.0572628e-02
   1.0440249e-02
   1.0309362e-02
   1.0179953e-02
   1.0052008e-02
   9.9255118e-03
   9.8004508e-03
   9.6768108e-03
   9.5545778e-03
   9.4337378e-03
   9.3142770e-03
   9.1961819e-03
   9.0794388e-03
   8.9640343e-03
   8.8499551e-03
   8.7371879e-03
   8.6257196e-03
   8.5155371e-03
   8.4066275e-03
   8.2989781e-03
   8.1925761e-03
   8.0874088e-03
   7.9834639e-03
   7.8807288e-03
   7.7791913e-03
   7.6788392e-03
   7.5796603e-03
   7.4816428e-03
   7.3847745e-03
   7.2890439e-03
   7.1944391e-03
   7.1009486e-03
   7.0085609e-03
   6.9172645e-03
   6.8270481e-03
   6.7379006e-03
   6.6498107e-03
   6.5627675e-03
   6.4767600e-03
   6.3917774e-03
   6.3078090e-03
   6.2248440e-03
   6.1428720e-03
   6.0618824e-03
   5.9818650e-03
   5.9028093e-03
   5.8247052e-03
   5.7475426e-03
   5.6713114e-03
   5.5960018e-03
   5.5216039e-03
   5.4481080e-03
   5.3755043e-03
   5.3037833e-03
   5.2329354e-03
   5.1629514e-03
   5.0938218e-03
   5.0255374e-03
   4.9580890e-03
   4.8914676e-03
   4.8256642e-03
   4.7606699e-03
   4.6964758e-03
   4.6330731e-03
   4.5704533e-03
   4.5086077e-03
   4.4475278e-03
   4.3872052e-03
   4.3276315e-03
   4.2687984e-03
   4.2106978e-03
   4.1533215e-03
   4.0966616e-03
   4.0407099e-03
   3.9854586e-03
   3.9308999e-03
   3.8770261e-03
   3.8238294e-03
   3.7713023e-03
   3.7194373e-03
   3.6682268e-03
   3.6176635e-03
   3.5677402e-03
   3.5184494e-03
   3.4697841e-03
   3.4217372e-03
   3.3743017e-03
   3.3274704e-03
   3.2812367e-03
   3.2355935e-03
   3.1905343e-03
   3.1460522e-03
   3.1021406e-03
   3.0587930e-03
   3.0160028e-03
   2.9737637e-03
   2.9320692e-03
   2.8909131e-03
   2.8502890e-03
   2.8101908e-03
   2.7706124e-03
   2.7315477e-03
   2.6929908e-03
   2.6549356e-03
   2.6173763e-03
   2.5803070e-03
   2.5437221e-03
   2.5076157e-03
   2.4719823e-03
   2.4368163e-03
   2.4021121e-03
   2.3678642e-03
   2.3340673e-03
   2.3007160e-03
   2.2678050e-03
   2.2353289e-03
   2.2032827e-03
   2.1716612e-03
   2.1404592e-03
   2.1096718e-03
   2.0792939e-03
   2.0493207e-03
   2.0197473e-03
   1.9905687e-03
   1.9617803e-03
   1.9333773e-03
   1.9053551e-03
   1.8777089e-03
   1.8504343e-03
   1.8235267e-03
   1.7969816e-03
   1.7707946e-03
   1.7449613e-03
   1.7194774e-03
   1.6943385e-03
   1.6695404e-03
   1.6450790e-03
   1.6209500e-03
   1.5971494e-03
   1.5736730e-03
   1.5505169e-03
   1.5276772e-03
   1.5051497e-03
   1.4829308e-03
   1.4610164e-03
   1.4394029e-03
   1.4180864e-03
   1.3970633e-03
   1.3763298e-03
   1.3558823e-03
   1.3357172e-03
   1.3158310e-03
   1.2962201e-03
   1.2768810e-03
   1.2578103e-03
   1.2390047e-03
   1.2204607e-03
   1.2021750e-03
   1.1841443e-03
   1.1663654e-03
   1.1488350e-03
   1.1315500e-03
   1.1145073e-03
   1.0977036e-03
   1.0811361e-03
   1.0648015e-03
   1.0486969e-03
   1.0328194e-03
   1.0171661e-03
   1.0017339e-03
   9.8652007e-04
   9.7152176e-04
   9.5673617e-04
   9.4216052e-04
   9.2779209e-04
   9.1362816e-04
   8.9966607e-04
   8.8590318e-04
   8.7233687e-04
   8.5896456e-04
   8.4578371e-04
   8.3279180e-04
   8.1998633e-04
   8.0736484e-04
   7.9492492e-04
   7.8266414e-04
   7.7058014e-04
   7.5867058e-04
   7.4693313e-04
   7.3536551e-04
   7.2396545e-04
   7.1273071e-04
   7.0165909e-04
   6.9074841e-04
   6.7999651e-04
   6.6940126e-04
   6.5896055e-04
   6.4867230e-04
   6.3853447e-04
   6.2854503e-04
   6.1870196e-04
   6.0900329e-04
   5.9944706e-04
   5.9003135e-04
   5.8075424e-04
   5.7161384e-04
   5.6260831e-04
   5.5373579e-04
   5.4499448e-04
   5.3638258e-04
   5.2789831e-04
   5.1953993e-04
   5.1130571e-04
   5.0319394e-04
   4.9520294e-04
   4.8733105e-04
   4.7957662e-04
   4.7193802e-04
   4.6441366e-04
   4.5700195e-04
   4.4970134e-04
   4.4251027e-04
   4.3542722e-04
   4.2845069e-04
   4.2157920e-04
   4.1481128e-04
   4.0814547e-04
   4.0158036e-04
   3.9511453e-04
   3.8874658e-04
   3.8247514e-04
   3.7629886e-04
   3.7021639e-04
   3.6422641e-04
   3.5832761e-04
   3.5251870e-04
   3.4679841e-04
   3.4116549e-04
   3.3561869e-04
   3.3015679e-04
   3.2477858e-04
   3.1948287e-04
   3.1426848e-04
   3.0913426e-04
   3.0407904e-04
   2.9910171e-04
   2.9420113e-04
   2.8937623e-04
   2.8462589e-04
   2.7994906e-04
   2.7534467e-04
   2.7081168e-04
   2.6634905e-04
   2.6195577e-04
   2.5763083e-04
   2.5337324e-04
   2.4918203e-04
   2.4505622e-04
   2.4099487e-04
   2.3699704e-04
   2.3306180e-04
   2.2918824e-04
   2.2537545e-04
   2.2162254e-04
   2.1792864e-04
   2.1429288e-04
   2.1071440e-04
   2.0719237e-04
   2.0372594e-04
   2.0031431e-04
   1.9695665e-04
   1.9365218e-04
   1.9040010e-04
   1.8719964e-04
   1.8405004e-04
   1.8095053e-04
   1.7790037e-04
   1.7489883e-04
   1.7194517e-04
   1.6903870e-04
   1.6617869e-04
   1.6336446e-04
   1.6059532e-04
   1.5787059e-04
   1.5518961e-04
   1.5255172e-04
   1.4995626e-04
   1.4740261e-04
   1.4489012e-04
   1.4241818e-04
   1.3998617e-04
   1.3759350e-04
   1.3523955e-04
   1.3292375e-04
   1.3064552e-04
   1.2840427e-04
   1.2619946e-04
   1.2403052e-04
   1.2189691e-04
   1.1979808e-04
   1.1773351e-04
   1.1570266e-04
   1.1370503e-04
   1.1174010e-04
   1.0980737e-04
   1.0790634e-04
   1.0603653e-04
   1.0419745e-04
   1.0238863e-04
   1.0060960e-04
   9.8859897e-05
   9.7139070e-05
   9.5446670e-05
   9.3782256e-05
   9.2145391e-05
   9.0535647e-05
   8.8952602e-05
   8.7395838e-05
   8.5864946e-05
   8.4359520e-05
   8.2879162e-05
   8.1423479e-05
   7.9992083e-05
   7.8584593e-05
   7.7200634e-05
   7.5839834e-05
   7.4501828e-05
   7.3186258e-05
   7.1892767e-05
   7.0621008e-05
   6.9370636e-05
   6.8141312e-05
   6.6932702e-05
   6.5744477e-05
   6.4576313e-05
   6.3427890e-05
   6.2298894e-05
   6.1189014e-05
   6.0097946e-05
   5.9025389e-05
   5.7971045e-05
   5.6934624e-05
   5.5915838e-05
   5.4914403e-05
   5.3930041e-05
   5.2962476e-05
   5.2011439e-05
   5.1076661e-05
   5.0157882e-05
   4.9254841e-05
   4.8367286e-05
   4.7494963e-05
   4.6637627e-05
   4.5795034e-05
   4.4966945e-05
   4.4153123e-05
   4.3353336e-05
   4.2567356e-05
   4.1794956e-05
   4.1035915e-05
   4.0290015e-05
   3.9557039e-05
   3.8836777e-05
   3.8129020e-05
   3.7433561e-05
   3.6750200e-05
   3.6078736e-05
   3.5418974e-05
   3.4770720e-05
   3.4133785e-05
   3.3507982e-05
   3.2893125e-05
   3.2289034e-05
   3.1695530e-05
   3.1112438e-05
   3.0539584e-05
   2.9976798e-05
   2.9423912e-05
   2.8880761e-05
   2.8347183e-05
   2.7823018e-05
   2.7308108e-05
   2.6802299e-05
   2.6305437e-05
   2.5817374e-05
   2.5337960e-05
   2.4867051e-05
   2.4404503e-05
   2.3950176e-05
   2.3503931e-05
   2.3065631e-05
   2.2635142e-05
   2.2212333e-05
   2.1797072e-05
   2.1389233e-05
   2.0988689e-05
   2.0595316e-05
   2.0208992e-05
   1.9829598e-05
   1.9457015e-05
   1.9091127e-05
   1.8731820e-05
   1.8378981e-05
   1.8032500e-05
   1.7692267e-05
   1.7358177e-05
   1.7030122e-05
   1.6708000e-05
   1.6391709e-05
   1.6081148e-05
   1.5776219e-05
   1.5476824e-05
   1.5182868e-05
   1.4894256e-05
   1.4610898e-05
   1.4332700e-05
   1.4059575e-05
   1.3791434e-05
   1.3528190e-05
   1.3269759e-05
   1.3016056e-05
   1.2766999e-05
   1.2522508e-05
   1.2282502e-05
   1.2046904e-05
   1.1815635e-05
   1.1588621e-05
   1.1365787e-05
   1.1147059e-05
   1.0932365e-05
   1.0721635e-05
   1.0514799e-05
   1.0311788e-05
   1.0112534e-05
   9.9169723e-06
   9.7250367e-06
   9.5366633e-06
   9.3517890e-06
   9.1703519e-06
   8.9922911e-06
   8.8175466e-06
   8.6460595e-06
   8.4777719e-06
   8.3126269e-06
   8.1505684e-06
   7.9915415e-06
   7.8354920e-06
   7.6823667e-06
   7.5321134e-06
   7.3846806e-06
   7.2400178e-06
   7.0980753e-06
   6.9588043e-06
   6.8221568e-06
   6.6880855e-06
   6.5565442e-06
   6.4274872e-06
   6.3008697e-06
   6.1766476e-06
   6.0547777e-06
   5.9352175e-06
   5.8179250e-06
   5.7028592e-06
   5.5899798e-06
