   0.0000000e+00   3.7658575e+01   3.7404657e+01
   5.0000000e-03   3.7678955e+01   3.7812128e+01
   1.0000000e-02   3.7698794e+01   3.7633715e+01
   1.5000000e-02   3.7718105e+01   3.7718898e+01
   2.0000000e-02   3.7736902e+01   3.7597516e+01
   2.5000000e-02   3.7755196e+01   3.7318346e+01
   3.0000000e-02   3.7773004e+01   3.7238401e+01
   3.5000000e-02   3.7790340e+01   3.7191700e+01
   4.0000000e-02   3.7807219e+01   3.7352789e+01
   4.5000000e-02   3.7823658e+01   3.7950307e+01
   5.0000000e-02   3.7839672e+01   3.8347711e+01
   5.5000000e-02   3.7855279e+01   3.7986362e+01
   6.0000000e-02   3.7870494e+01   3.8278316e+01
   6.5000000e-02   3.7885335e+01   3.8114806e+01
   7.0000000e-02   3.7899819e+01   3.7729455e+01
   7.5000000e-02   3.7913964e+01   3.7549904e+01
   8.0000000e-02   3.7927786e+01   3.7234580e+01
   8.5000000e-02   3.7941303e+01   3.7775002e+01
   9.0000000e-02   3.7954533e+01   3.7725236e+01
   9.5000000e-02   3.7967492e+01   3.8171594e+01
   1.0000000e-01   3.7980196e+01   3.8035870e+01
   1.0500000e-01   3.7992663e+01   3.8247204e+01
   1.1000000e-01   3.8004961e+01   3.8436791e+01
   1.1500000e-01   3.8017103e+01   3.8191442e+01
   1.2000000e-01   3.8029099e+01   3.8273061e+01
   1.2500000e-01   3.8040963e+01   3.7619445e+01
   1.3000000e-01   3.8052706e+01   3.8003015e+01
   1.3500000e-01   3.8064337e+01   3.7696505e+01
   1.4000000e-01   3.8075870e+01   3.7917958e+01
   1.4500000e-01   3.8087313e+01   3.8094690e+01
   1.5000000e-01   3.8098678e+01   3.8273685e+01
   1.5500000e-01   3.8109975e+01   3.8796235e+01
   1.6000000e-01   3.8121212e+01   3.8230536e+01
   1.6500000e-01   3.8132401e+01   3.8465541e+01
   1.7000000e-01   3.8143549e+01   3.7966450e+01
   1.7500000e-01   3.8154665e+01   3.7829066e+01
   1.8000000e-01   3.8165758e+01   3.7851378e+01
   1.8500000e-01   3.8176836e+01   3.7930607e+01
   1.9000000e-01   3.8187906e+01   3.7900402e+01
   1.9500000e-01   3.8198976e+01   3.8195872e+01
   2.0000000e-01   3.8210052e+01   3.8629927e+01
   2.0500000e-01   3.8221141e+01   3.8494329e+01
   2.1000000e-01   3.8232250e+01   3.8456524e+01
   2.1500000e-01   3.8243382e+01   3.8345643e+01
   2.2000000e-01   3.8254545e+01   3.8044618e+01
   2.2500000e-01   3.8265742e+01   3.7833105e+01
   2.3000000e-01   3.8276979e+01   3.7953599e+01
   2.3500000e-01   3.8288259e+01   3.8421618e+01
   2.4000000e-01   3.8299587e+01   3.8521525e+01
   2.4500000e-01   3.8310966e+01   3.8748158e+01
   2.5000000e-01   3.8322398e+01   3.8853398e+01
   2.5500000e-01   3.8333887e+01   3.8801644e+01
   2.6000000e-01   3.8345434e+01   3.8278734e+01
   2.6500000e-01   3.8357042e+01   3.8716306e+01
   2.7000000e-01   3.8368713e+01   3.8031232e+01
   2.7500000e-01   3.8380448e+01   3.8043049e+01
   2.8000000e-01   3.8392247e+01   3.7851678e+01
   2.8500000e-01   3.8404113e+01   3.8588177e+01
   2.9000000e-01   3.8416044e+01   3.8717993e+01
   2.9500000e-01   3.8428041e+01   3.8795735e+01
   3.0000000e-01   3.8440102e+01   3.8896637e+01
   3.0500000e-01   3.8452228e+01   3.8822111e+01
   3.1000000e-01   3.8464418e+01   3.8514146e+01
   3.1500000e-01   3.8476670e+01   3.7739370e+01
   3.2000000e-01   3.8488983e+01   3.8123657e+01
   3.2500000e-01   3.8501356e+01   3.8156309e+01
   3.3000000e-01   3.8513788e+01   3.8451840e+01
   3.3500000e-01   3.8526277e+01   3.8542479e+01
   3.4000000e-01   3.8538821e+01   3.8837419e+01
   3.4500000e-01   3.8551417e+01   3.8920564e+01
   3.5000000e-01   3.8564063e+01   3.8812279e+01
   3.5500000e-01   3.8576757e+01   3.8809425e+01
   3.6000000e-01   3.8589496e+01   3.8477640e+01
   3.6500000e-01   3.8602276e+01   3.8476517e+01
   3.7000000e-01   3.8615096e+01   3.8148918e+01
   3.7500000e-01   3.8627952e+01   3.8698394e+01
   3.8000000e-01   3.8640842e+01   3.8426455e+01
   3.8500000e-01   3.8653761e+01   3.8774210e+01
   3.9000000e-01   3.8666707e+01   3.8695341e+01
   3.9500000e-01   3.8679675e+01   3.8886413e+01
   4.0000000e-01   3.8692662e+01   3.9151417e+01
   4.0500000e-01   3.8705663e+01   3.8789315e+01
   4.1000000e-01   3.8718677e+01   3.8304407e+01
   4.1500000e-01   3.8731696e+01   3.8491334e+01
   4.2000000e-01   3.8744719e+01   3.8283991e+01
   4.2500000e-01   3.8757740e+01   3.8176784e+01
   4.3000000e-01   3.8770754e+01   3.8728060e+01
   4.3500000e-01   3.8783757e+01   3.9444134e+01
   4.4000000e-01   3.8796744e+01   3.9189136e+01
   4.4500000e-01   3.8809711e+01   3.8702808e+01
   4.5000000e-01   3.8822654e+01   3.9073157e+01
   4.5500000e-01   3.8835567e+01   3.9109184e+01
   4.6000000e-01   3.8848447e+01   3.8544600e+01
   4.6500000e-01   3.8861289e+01   3.8482827e+01
   4.7000000e-01   3.8874087e+01   3.8740197e+01
   4.7500000e-01   3.8886838e+01   3.8665694e+01
   4.8000000e-01   3.8899536e+01   3.9130051e+01
   4.8500000e-01   3.8912176e+01   3.9744451e+01
   4.9000000e-01   3.8924754e+01   3.9087826e+01
   4.9500000e-01   3.8937264e+01   3.9166752e+01
   5.0000000e-01   3.8949702e+01   3.9033340e+01
   5.0500000e-01   3.8962062e+01   3.8837030e+01
   5.1000000e-01   3.8974339e+01   3.8810923e+01
   5.1500000e-01   3.8986530e+01   3.8623750e+01
   5.2000000e-01   3.8998629e+01   3.8680436e+01
   5.2500000e-01   3.9010630e+01   3.9052741e+01
   5.3000000e-01   3.9022530e+01   3.8890263e+01
   5.3500000e-01   3.9034324e+01   3.9338973e+01
   5.4000000e-01   3.9046006e+01   3.9787894e+01
   5.4500000e-01   3.9057574e+01   3.9063263e+01
   5.5000000e-01   3.9069021e+01   3.9035043e+01
   5.5500000e-01   3.9080344e+01   3.8894395e+01
   5.6000000e-01   3.9091538e+01   3.8823827e+01
   5.6500000e-01   3.9102599e+01   3.8855816e+01
   5.7000000e-01   3.9113523e+01   3.8918311e+01
   5.7500000e-01   3.9124305e+01   3.9356435e+01
   5.8000000e-01   3.9134942e+01   3.9502676e+01
   5.8500000e-01   3.9145430e+01   3.9521975e+01
   5.9000000e-01   3.9155765e+01   3.9503514e+01
   5.9500000e-01   3.9165942e+01   3.9142909e+01
   6.0000000e-01   3.9175959e+01   3.8731744e+01
   6.0500000e-01   3.9185812e+01   3.8695652e+01
   6.1000000e-01   3.9195498e+01   3.9012710e+01
   6.1500000e-01   3.9205013e+01   3.9236937e+01
   6.2000000e-01   3.9214356e+01   3.9131085e+01
   6.2500000e-01   3.9223522e+01   3.9200998e+01
   6.3000000e-01   3.9232510e+01   3.9373149e+01
   6.3500000e-01   3.9241316e+01   3.9748821e+01
   6.4000000e-01   3.9249938e+01   3.9566201e+01
   6.4500000e-01   3.9258374e+01   3.9321352e+01
   6.5000000e-01   3.9266620e+01   3.9182073e+01
   6.5500000e-01   3.9274675e+01   3.8919027e+01
   6.6000000e-01   3.9282536e+01   3.9045119e+01
   6.6500000e-01   3.9290202e+01   3.9360671e+01
   6.7000000e-01   3.9297670e+01   3.9635028e+01
   6.7500000e-01   3.9304939e+01   4.0137534e+01
   6.8000000e-01   3.9312005e+01   3.9459166e+01
   6.8500000e-01   3.9318868e+01   3.9573268e+01
   6.9000000e-01   3.9325525e+01   3.9437303e+01
   6.9500000e-01   3.9331976e+01   3.8899019e+01
   7.0000000e-01   3.9338219e+01   3.8702407e+01
   7.0500000e-01   3.9344253e+01   3.9048218e+01
   7.1000000e-01   3.9350076e+01   3.9018494e+01
   7.1500000e-01   3.9355688e+01   3.9388610e+01
   7.2000000e-01   3.9361086e+01   3.9405897e+01
   7.2500000e-01   3.9366271e+01   3.9692048e+01
   7.3000000e-01   3.9371240e+01   3.9698635e+01
   7.3500000e-01   3.9375993e+01   3.9061885e+01
   7.4000000e-01   3.9380528e+01   3.9448438e+01
   7.4500000e-01   3.9384846e+01   3.8696555e+01
   7.5000000e-01   3.9388946e+01   3.9091103e+01
   7.5500000e-01   3.9392826e+01   3.9120710e+01
   7.6000000e-01   3.9396485e+01   3.9356803e+01
   7.6500000e-01   3.9399923e+01   3.9850373e+01
   7.7000000e-01   3.9403140e+01   3.9395011e+01
   7.7500000e-01   3.9406134e+01   3.9611391e+01
   7.8000000e-01   3.9408904e+01   3.9492697e+01
   7.8500000e-01   3.9411449e+01   3.9761336e+01
   7.9000000e-01   3.9413768e+01   3.9495192e+01
   7.9500000e-01   3.9415860e+01   3.9231182e+01
   8.0000000e-01   3.9417724e+01   3.8766592e+01
   8.0500000e-01   3.9419358e+01   3.9128514e+01
   8.1000000e-01   3.9420760e+01   3.9550164e+01
   8.1500000e-01   3.9421930e+01   3.9725473e+01
   8.2000000e-01   3.9422866e+01   3.9633928e+01
   8.2500000e-01   3.9423565e+01   4.0043690e+01
   8.3000000e-01   3.9424027e+01   3.9455126e+01
   8.3500000e-01   3.9424250e+01   3.9427090e+01
   8.4000000e-01   3.9424233e+01   3.9563454e+01
   8.4500000e-01   3.9423974e+01   3.9428694e+01
   8.5000000e-01   3.9423472e+01   3.9100214e+01
   8.5500000e-01   3.9422724e+01   3.9479542e+01
   8.6000000e-01   3.9421729e+01   3.9894573e+01
   8.6500000e-01   3.9420484e+01   3.9527322e+01
   8.7000000e-01   3.9418987e+01   3.9963346e+01
   8.7500000e-01   3.9417236e+01   4.0046494e+01
   8.8000000e-01   3.9415228e+01   3.9665427e+01
   8.8500000e-01   3.9412962e+01   3.9487962e+01
   8.9000000e-01   3.9410434e+01   3.9085305e+01
   8.9500000e-01   3.9407643e+01   3.8808863e+01
   9.0000000e-01   3.9404586e+01   3.9050344e+01
   9.0500000e-01   3.9401260e+01   3.9729166e+01
   9.1000000e-01   3.9397664e+01   3.9635506e+01
   9.1500000e-01   3.9393795e+01   3.9904660e+01
   9.2000000e-01   3.9389651e+01   3.9498771e+01
   9.2500000e-01   3.9385229e+01   3.9181176e+01
   9.3000000e-01   3.9380529e+01   3.8895529e+01
   9.3500000e-01   3.9375547e+01   3.9170112e+01
   9.4000000e-01   3.9370281e+01   3.8585171e+01
   9.4500000e-01   3.9364731e+01   3.9366300e+01
   9.5000000e-01   3.9358895e+01   3.9483860e+01
   9.5500000e-01   3.9352770e+01   3.9532919e+01
   9.6000000e-01   3.9346355e+01   3.9851287e+01
   9.6500000e-01   3.9339650e+01   3.9666715e+01
   9.7000000e-01   3.9332651e+01   3.9220646e+01
   9.7500000e-01   3.9325359e+01   3.9354885e+01
   9.8000000e-01   3.9317772e+01   3.9013548e+01
   9.8500000e-01   3.9309890e+01   3.9241683e+01
   9.9000000e-01   3.9301711e+01   3.9032336e+01
   9.9500000e-01   3.9293237e+01   3.9161417e+01
   1.0000000e+00   3.9284467e+01   3.9209564e+01
   1.0050000e+00   3.9275402e+01   3.9311069e+01
   1.0100000e+00   3.9266042e+01   3.9661117e+01
   1.0150000e+00   3.9256388e+01   3.9489951e+01
   1.0200000e+00   3.9246442e+01   3.9693565e+01
   1.0250000e+00   3.9236205e+01   3.9107978e+01
   1.0300000e+00   3.9225681e+01   3.8811456e+01
   1.0350000e+00   3.9214870e+01   3.8822744e+01
   1.0400000e+00   3.9203777e+01   3.9124662e+01
   1.0450000e+00   3.9192404e+01   3.8960446e+01
   1.0500000e+00   3.9180755e+01   3.9269811e+01
   1.0550000e+00   3.9168833e+01   3.9162716e+01
   1.0600000e+00   3.9156643e+01   3.9530374e+01
   1.0650000e+00   3.9144189e+01   3.9330105e+01
   1.0700000e+00   3.9131476e+01   3.9107270e+01
   1.0750000e+00   3.9118510e+01   3.8988524e+01
   1.0800000e+00   3.9105296e+01   3.8794019e+01
   1.0850000e+00   3.9091840e+01   3.8749762e+01
   1.0900000e+00   3.9078148e+01   3.9456520e+01
   1.0950000e+00   3.9064228e+01   3.9262580e+01
   1.1000000e+00   3.9050086e+01   3.9593757e+01
   1.1050000e+00   3.9035728e+01   3.9705137e+01
   1.1100000e+00   3.9021164e+01   3.9289086e+01
   1.1150000e+00   3.9006401e+01   3.9087165e+01
   1.1200000e+00   3.8991449e+01   3.8613746e+01
   1.1250000e+00   3.8976315e+01   3.8533775e+01
   1.1300000e+00   3.8961010e+01   3.8556610e+01
   1.1350000e+00   3.8945543e+01   3.8625845e+01
   1.1400000e+00   3.8929925e+01   3.8866137e+01
   1.1450000e+00   3.8914168e+01   3.9042572e+01
   1.1500000e+00   3.8898281e+01   3.8942760e+01
   1.1550000e+00   3.8882277e+01   3.9166035e+01
   1.1600000e+00   3.8866167e+01   3.9483506e+01
   1.1650000e+00   3.8849964e+01   3.8865761e+01
   1.1700000e+00   3.8833679e+01   3.8499965e+01
   1.1750000e+00   3.8817326e+01   3.8454361e+01
   1.1800000e+00   3.8800918e+01   3.8524476e+01
   1.1850000e+00   3.8784467e+01   3.8475175e+01
   1.1900000e+00   3.8767987e+01   3.8660182e+01
   1.1950000e+00   3.8751492e+01   3.8879147e+01
   1.2000000e+00   3.8734996e+01   3.9306817e+01
   1.2050000e+00   3.8718512e+01   3.9216772e+01
   1.2100000e+00   3.8702055e+01   3.8738644e+01
   1.2150000e+00   3.8685641e+01   3.8502592e+01
   1.2200000e+00   3.8669284e+01   3.8079475e+01
   1.2250000e+00   3.8653000e+01   3.8534151e+01
   1.2300000e+00   3.8636804e+01   3.8308464e+01
   1.2350000e+00   3.8620713e+01   3.8432975e+01
   1.2400000e+00   3.8604741e+01   3.8727824e+01
   1.2450000e+00   3.8588906e+01   3.8603804e+01
   1.2500000e+00   3.8573221e+01   3.8737759e+01
   1.2550000e+00   3.8557704e+01   3.8871206e+01
   1.2600000e+00   3.8542369e+01   3.8564726e+01
   1.2650000e+00   3.8527234e+01   3.7974303e+01
   1.2700000e+00   3.8512312e+01   3.8050223e+01
   1.2750000e+00   3.8497622e+01   3.8205184e+01
   1.2800000e+00   3.8483177e+01   3.8459107e+01
   1.2850000e+00   3.8468993e+01   3.8453860e+01
   1.2900000e+00   3.8455087e+01   3.8671822e+01
   1.2950000e+00   3.8441474e+01   3.8674154e+01
   1.3000000e+00   3.8428169e+01   3.8803290e+01
   1.3050000e+00   3.8415187e+01   3.8721058e+01
   1.3100000e+00   3.8402544e+01   3.8198838e+01
   1.3150000e+00   3.8390255e+01   3.8370735e+01
   1.3200000e+00   3.8378335e+01   3.7700061e+01
   1.3250000e+00   3.8366798e+01   3.8045722e+01
   1.3300000e+00   3.8355660e+01   3.8160065e+01
   1.3350000e+00   3.8344935e+01   3.8752877e+01
   1.3400000e+00   3.8334637e+01   3.8541296e+01
   1.3450000e+00   3.8324780e+01   3.9325170e+01
   1.3500000e+00   3.8315378e+01   3.8543497e+01
   1.3550000e+00   3.8306443e+01   3.8259775e+01
   1.3600000e+00   3.8297988e+01   3.8638330e+01
   1.3650000e+00   3.8290026e+01   3.7985042e+01
   1.3700000e+00   3.8282569e+01   3.7883719e+01
   1.3750000e+00   3.8275630e+01   3.8057490e+01
   1.3800000e+00   3.8269218e+01   3.8023479e+01
   1.3850000e+00   3.8263346e+01   3.8147397e+01
   1.3900000e+00   3.8258023e+01   3.8453604e+01
   1.3950000e+00   3.8253260e+01   3.8603472e+01
   1.4000000e+00   3.8249065e+01   3.8684993e+01
   1.4050000e+00   3.8245449e+01   3.8478748e+01
   1.4100000e+00   3.8242419e+01   3.8116494e+01
   1.4150000e+00   3.8239984e+01   3.8140100e+01
   1.4200000e+00   3.8238151e+01   3.8450438e+01
   1.4250000e+00   3.8236927e+01   3.8209469e+01
   1.4300000e+00   3.8236318e+01   3.8496329e+01
   1.4350000e+00   3.8236331e+01   3.8438193e+01
   1.4400000e+00   3.8236972e+01   3.8828176e+01
   1.4450000e+00   3.8238243e+01   3.8300437e+01
   1.4500000e+00   3.8240150e+01   3.8281615e+01
   1.4550000e+00   3.8242696e+01   3.7950943e+01
   1.4600000e+00   3.8245883e+01   3.7837738e+01
   1.4650000e+00   3.8249714e+01   3.8303152e+01
   1.4700000e+00   3.8254189e+01   3.7957767e+01
   1.4750000e+00   3.8259308e+01   3.8118608e+01
   1.4800000e+00   3.8265071e+01   3.8642430e+01
   1.4850000e+00   3.8271476e+01   3.8529078e+01
   1.4900000e+00   3.8278520e+01   3.8682331e+01
   1.4950000e+00   3.8286200e+01   3.8612305e+01
   1.5000000e+00   3.8294510e+01   3.8119589e+01
   1.5050000e+00   3.8303446e+01   3.8017436e+01
   1.5100000e+00   3.8313001e+01   3.8362023e+01
   1.5150000e+00   3.8323168e+01   3.8029672e+01
   1.5200000e+00   3.8333938e+01   3.8348654e+01
   1.5250000e+00   3.8345302e+01   3.8657853e+01
   1.5300000e+00   3.8357250e+01   3.8729023e+01
   1.5350000e+00   3.8369772e+01   3.8743615e+01
   1.5400000e+00   3.8382854e+01   3.8937559e+01
   1.5450000e+00   3.8396484e+01   3.8260560e+01
   1.5500000e+00   3.8410648e+01   3.8546659e+01
   1.5550000e+00   3.8425331e+01   3.7710224e+01
   1.5600000e+00   3.8440516e+01   3.7835705e+01
   1.5650000e+00   3.8456187e+01   3.8107180e+01
   1.5700000e+00   3.8472326e+01   3.8389469e+01
   1.5750000e+00   3.8488913e+01   3.8318073e+01
   1.5800000e+00   3.8505928e+01   3.8979659e+01
   1.5850000e+00   3.8523351e+01   3.8849497e+01
   1.5900000e+00   3.8541159e+01   3.8542581e+01
   1.5950000e+00   3.8559330e+01   3.8329398e+01
   1.6000000e+00   3.8577841e+01   3.8177795e+01
   1.6050000e+00   3.8596669e+01   3.8091434e+01
   1.6100000e+00   3.8615789e+01   3.8264773e+01
   1.6150000e+00   3.8635175e+01   3.8446073e+01
   1.6200000e+00   3.8654802e+01   3.8580162e+01
   1.6250000e+00   3.8674644e+01   3.8905011e+01
   1.6300000e+00   3.8694673e+01   3.8910928e+01
   1.6350000e+00   3.8714862e+01   3.9051850e+01
   1.6400000e+00   3.8735183e+01   3.9177159e+01
   1.6450000e+00   3.8755607e+01   3.8832078e+01
   1.6500000e+00   3.8776106e+01   3.8410208e+01
   1.6550000e+00   3.8796650e+01   3.8476243e+01
   1.6600000e+00   3.8817211e+01   3.8515246e+01
   1.6650000e+00   3.8837759e+01   3.8675027e+01
   1.6700000e+00   3.8858264e+01   3.8943878e+01
   1.6750000e+00   3.8878695e+01   3.9415283e+01
   1.6800000e+00   3.8899024e+01   3.9132496e+01
   1.6850000e+00   3.8919220e+01   3.9189156e+01
   1.6900000e+00   3.8939254e+01   3.9085811e+01
   1.6950000e+00   3.8959096e+01   3.8553480e+01
   1.7000000e+00   3.8978716e+01   3.8341292e+01
   1.7050000e+00   3.8998086e+01   3.8824478e+01
   1.7100000e+00   3.9017178e+01   3.8907641e+01
   1.7150000e+00   3.9035962e+01   3.8960981e+01
   1.7200000e+00   3.9054411e+01   3.9522447e+01
   1.7250000e+00   3.9072498e+01   3.9482223e+01
   1.7300000e+00   3.9090196e+01   3.9314557e+01
   1.7350000e+00   3.9107478e+01   3.9157328e+01
   1.7400000e+00   3.9124320e+01   3.8935846e+01
   1.7450000e+00   3.9140696e+01   3.8643073e+01
   1.7500000e+00   3.9156585e+01   3.9358511e+01
   1.7550000e+00   3.9171961e+01   3.8436212e+01
   1.7600000e+00   3.9186804e+01   3.9154963e+01
   1.7650000e+00   3.9201094e+01   3.9341238e+01
   1.7700000e+00   3.9214810e+01   3.9262583e+01
   1.7750000e+00   3.9227933e+01   3.9544180e+01
   1.7800000e+00   3.9240448e+01   3.9558831e+01
   1.7850000e+00   3.9252336e+01   3.9492659e+01
   1.7900000e+00   3.9263583e+01   3.9098832e+01
   1.7950000e+00   3.9274176e+01   3.9062344e+01
   1.8000000e+00   3.9284103e+01   3.9305101e+01
   1.8050000e+00   3.9293351e+01   3.9074628e+01
   1.8100000e+00   3.9301912e+01   3.9208169e+01
   1.8150000e+00   3.9309777e+01   3.9252597e+01
   1.8200000e+00   3.9316940e+01   3.9832262e+01
   1.8250000e+00   3.9323394e+01   3.9532433e+01
   1.8300000e+00   3.9329138e+01   3.9765467e+01
   1.8350000e+00   3.9334167e+01   3.9272395e+01
   1.8400000e+00   3.9338481e+01   3.9041648e+01
   1.8450000e+00   3.9342082e+01   3.8878526e+01
   1.8500000e+00   3.9344971e+01   3.8957766e+01
   1.8550000e+00   3.9347154e+01   3.8994725e+01
   1.8600000e+00   3.9348635e+01   3.9598547e+01
   1.8650000e+00   3.9349422e+01   3.9565921e+01
   1.8700000e+00   3.9349524e+01   3.9825799e+01
   1.8750000e+00   3.9348949e+01   3.9255328e+01
   1.8800000e+00   3.9347710e+01   3.9461088e+01
   1.8850000e+00   3.9345818e+01   3.8983197e+01
   1.8900000e+00   3.9343288e+01   3.8702253e+01
   1.8950000e+00   3.9340134e+01   3.8956619e+01
   1.9000000e+00   3.9336374e+01   3.9254861e+01
   1.9050000e+00   3.9332024e+01   3.9551183e+01
   1.9100000e+00   3.9327103e+01   3.9798921e+01
   1.9150000e+00   3.9321632e+01   3.9586875e+01
   1.9200000e+00   3.9315631e+01   3.9438832e+01
   1.9250000e+00   3.9309122e+01   4.0079757e+01
   1.9300000e+00   3.9302127e+01   3.9125723e+01
   1.9350000e+00   3.9294672e+01   3.8890052e+01
   1.9400000e+00   3.9286779e+01   3.9033167e+01
   1.9450000e+00   3.9278473e+01   3.8772447e+01
   1.9500000e+00   3.9269781e+01   3.9027264e+01
   1.9550000e+00   3.9260727e+01   3.9071681e+01
   1.9600000e+00   3.9251339e+01   3.9506646e+01
   1.9650000e+00   3.9241642e+01   3.9363345e+01
   1.9700000e+00   3.9231665e+01   3.9565102e+01
   1.9750000e+00   3.9221435e+01   3.9314156e+01
   1.9800000e+00   3.9210979e+01   3.8897622e+01
   1.9850000e+00   3.9200324e+01   3.8801852e+01
   1.9900000e+00   3.9189499e+01   3.8735511e+01
   1.9950000e+00   3.9178532e+01   3.8997989e+01
   2.0000000e+00   3.9167449e+01   3.9035529e+01
   2.0050000e+00   3.9156278e+01   3.9425383e+01
   2.0100000e+00   3.9145046e+01   3.9313341e+01
   2.0150000e+00   3.9133779e+01   3.9573039e+01
   2.0200000e+00   3.9122504e+01   3.9257862e+01
   2.0250000e+00   3.9111245e+01   3.8644485e+01
   2.0300000e+00   3.9100028e+01   3.8883275e+01
   2.0350000e+00   3.9088877e+01   3.8930558e+01
   2.0400000e+00   3.9077816e+01   3.9036628e+01
   2.0450000e+00   3.9066869e+01   3.8994425e+01
   2.0500000e+00   3.9056057e+01   3.9461551e+01
   2.0550000e+00   3.9045403e+01   3.9473955e+01
   2.0600000e+00   3.9034926e+01   3.9807518e+01
   2.0650000e+00   3.9024648e+01   3.9340629e+01
   2.0700000e+00   3.9014587e+01   3.9176571e+01
   2.0750000e+00   3.9004761e+01   3.8933484e+01
   2.0800000e+00   3.8995188e+01   3.8790567e+01
   2.0850000e+00   3.8985883e+01   3.8811447e+01
   2.0900000e+00   3.8976862e+01   3.8967907e+01
   2.0950000e+00   3.8968138e+01   3.8759101e+01
   2.1000000e+00   3.8959725e+01   3.8905518e+01
   2.1050000e+00   3.8951633e+01   3.9556124e+01
   2.1100000e+00   3.8943873e+01   3.9463453e+01
   2.1150000e+00   3.8936455e+01   3.8944660e+01
   2.1200000e+00   3.8929386e+01   3.8875641e+01
   2.1250000e+00   3.8922672e+01   3.9046634e+01
   2.1300000e+00   3.8916318e+01   3.8336897e+01
   2.1350000e+00   3.8910330e+01   3.8675170e+01
   2.1400000e+00   3.8904710e+01   3.8497796e+01
   2.1450000e+00   3.8899459e+01   3.9031903e+01
   2.1500000e+00   3.8894579e+01   3.9239551e+01
   2.1550000e+00   3.8890069e+01   3.9203327e+01
   2.1600000e+00   3.8885926e+01   3.9344982e+01
   2.1650000e+00   3.8882150e+01   3.8931154e+01
   2.1700000e+00   3.8878735e+01   3.8968160e+01
   2.1750000e+00   3.8875677e+01   3.8784110e+01
   2.1800000e+00   3.8872971e+01   3.8473821e+01
   2.1850000e+00   3.8870610e+01   3.8691491e+01
   2.1900000e+00   3.8868587e+01   3.8888915e+01
   2.1950000e+00   3.8866893e+01   3.9257910e+01
   2.2000000e+00   3.8865518e+01   3.9448419e+01
   2.2050000e+00   3.8864451e+01   3.9353292e+01
   2.2100000e+00   3.8863682e+01   3.9056801e+01
   2.2150000e+00   3.8863197e+01   3.8652178e+01
   2.2200000e+00   3.8862985e+01   3.8365503e+01
   2.2250000e+00   3.8863031e+01   3.8738356e+01
   2.2300000e+00   3.8863323e+01   3.8957755e+01
   2.2350000e+00   3.8863844e+01   3.8779318e+01
   2.2400000e+00   3.8864581e+01   3.8937913e+01
   2.2450000e+00   3.8865518e+01   3.9330184e+01
   2.2500000e+00   3.8866639e+01   3.8879356e+01
   2.2550000e+00   3.8867928e+01   3.9092451e+01
   2.2600000e+00   3.8869368e+01   3.8555336e+01
   2.2650000e+00   3.8870942e+01   3.8817892e+01
   2.2700000e+00   3.8872633e+01   3.8571801e+01
   2.2750000e+00   3.8874425e+01   3.8594764e+01
   2.2800000e+00   3.8876299e+01   3.8550861e+01
   2.2850000e+00   3.8878238e+01   3.8471098e+01
   2.2900000e+00   3.8880226e+01   3.9267399e+01
   2.2950000e+00   3.8882246e+01   3.9080342e+01
   2.3000000e+00   3.8884281e+01   3.9253242e+01
   2.3050000e+00   3.8886314e+01   3.9274049e+01
   2.3100000e+00   3.8888329e+01   3.8981444e+01
   2.3150000e+00   3.8890311e+01   3.8492956e+01
   2.3200000e+00   3.8892243e+01   3.8496349e+01
   2.3250000e+00   3.8894109e+01   3.8538949e+01
   2.3300000e+00   3.8895894e+01   3.8945931e+01
   2.3350000e+00   3.8897585e+01   3.9232267e+01
   2.3400000e+00   3.8899166e+01   3.8955761e+01
   2.3450000e+00   3.8900624e+01   3.9046564e+01
   2.3500000e+00   3.8901946e+01   3.9211379e+01
   2.3550000e+00   3.8903119e+01   3.9000525e+01
   2.3600000e+00   3.8904132e+01   3.8815727e+01
   2.3650000e+00   3.8904972e+01   3.8393209e+01
   2.3700000e+00   3.8905631e+01   3.8289345e+01
   2.3750000e+00   3.8906098e+01   3.8642754e+01
   2.3800000e+00   3.8906363e+01   3.9110822e+01
   2.3850000e+00   3.8906419e+01   3.9211718e+01
   2.3900000e+00   3.8906258e+01   3.9207923e+01
   2.3950000e+00   3.8905871e+01   3.9165062e+01
   2.4000000e+00   3.8905254e+01   3.8885714e+01
   2.4050000e+00   3.8904398e+01   3.9074171e+01
   2.4100000e+00   3.8903300e+01   3.8851966e+01
   2.4150000e+00   3.8901955e+01   3.8527138e+01
   2.4200000e+00   3.8900357e+01   3.8661552e+01
   2.4250000e+00   3.8898505e+01   3.8794402e+01
   2.4300000e+00   3.8896395e+01   3.9148279e+01
   2.4350000e+00   3.8894025e+01   3.9486242e+01
   2.4400000e+00   3.8891394e+01   3.8887394e+01
   2.4450000e+00   3.8888501e+01   3.9116293e+01
   2.4500000e+00   3.8885347e+01   3.8977327e+01
   2.4550000e+00   3.8881932e+01   3.8507055e+01
   2.4600000e+00   3.8878257e+01   3.8524453e+01
   2.4650000e+00   3.8874325e+01   3.8689128e+01
   2.4700000e+00   3.8870138e+01   3.8462889e+01
   2.4750000e+00   3.8865701e+01   3.8389104e+01
   2.4800000e+00   3.8861018e+01   3.8824971e+01
   2.4850000e+00   3.8856092e+01   3.9235029e+01
   2.4900000e+00   3.8850931e+01   3.9036935e+01
   2.4950000e+00   3.8845540e+01   3.9250312e+01
   2.5000000e+00   3.8839924e+01   3.8727929e+01
   2.5050000e+00   3.8834091e+01   3.8666028e+01
   2.5100000e+00   3.8828047e+01   3.8369326e+01
   2.5150000e+00   3.8821800e+01   3.8627412e+01
   2.5200000e+00   3.8815357e+01   3.8317628e+01
   2.5250000e+00   3.8808726e+01   3.9193017e+01
   2.5300000e+00   3.8801916e+01   3.9013161e+01
   2.5350000e+00   3.8794933e+01   3.9115692e+01
   2.5400000e+00   3.8787788e+01   3.8797126e+01
   2.5450000e+00   3.8780488e+01   3.8898720e+01
   2.5500000e+00   3.8773044e+01   3.8650779e+01
   2.5550000e+00   3.8765464e+01   3.8234036e+01
   2.5600000e+00   3.8757758e+01   3.8528173e+01
   2.5650000e+00   3.8749936e+01   3.8891291e+01
   2.5700000e+00   3.8742009e+01   3.8915403e+01
   2.5750000e+00   3.8733985e+01   3.8880250e+01
   2.5800000e+00   3.8725876e+01   3.9154514e+01
   2.5850000e+00   3.8717690e+01   3.9102261e+01
   2.5900000e+00   3.8709438e+01   3.9016944e+01
   2.5950000e+00   3.8701131e+01   3.8297798e+01
   2.6000000e+00   3.8692777e+01   3.8305123e+01
   2.6050000e+00   3.8684388e+01   3.8291230e+01
   2.6100000e+00   3.8675972e+01   3.8477820e+01
   2.6150000e+00   3.8667541e+01   3.8562623e+01
   2.6200000e+00   3.8659103e+01   3.8682483e+01
   2.6250000e+00   3.8650669e+01   3.8464709e+01
   2.6300000e+00   3.8642247e+01   3.8703433e+01
   2.6350000e+00   3.8633848e+01   3.9203826e+01
   2.6400000e+00   3.8625478e+01   3.8781931e+01
   2.6450000e+00   3.8617147e+01   3.8523000e+01
   2.6500000e+00   3.8608863e+01   3.8258007e+01
   2.6550000e+00   3.8600632e+01   3.8833874e+01
   2.6600000e+00   3.8592464e+01   3.8185397e+01
   2.6650000e+00   3.8584364e+01   3.8479541e+01
   2.6700000e+00   3.8576340e+01   3.8833115e+01
   2.6750000e+00   3.8568398e+01   3.9145895e+01
   2.6800000e+00   3.8560546e+01   3.8878139e+01
   2.6850000e+00   3.8552790e+01   3.8978275e+01
   2.6900000e+00   3.8545134e+01   3.8766825e+01
   2.6950000e+00   3.8537584e+01   3.8393425e+01
   2.7000000e+00   3.8530145e+01   3.7933608e+01
   2.7050000e+00   3.8522822e+01   3.8354808e+01
   2.7100000e+00   3.8515619e+01   3.8348949e+01
   2.7150000e+00   3.8508541e+01   3.8852819e+01
   2.7200000e+00   3.8501590e+01   3.8572824e+01
   2.7250000e+00   3.8494770e+01   3.8839764e+01
   2.7300000e+00   3.8488083e+01   3.8693778e+01
   2.7350000e+00   3.8481533e+01   3.8251510e+01
   2.7400000e+00   3.8475121e+01   3.8177574e+01
   2.7450000e+00   3.8468850e+01   3.7799728e+01
   2.7500000e+00   3.8462721e+01   3.8452094e+01
   2.7550000e+00   3.8456736e+01   3.8228710e+01
   2.7600000e+00   3.8450896e+01   3.8484394e+01
   2.7650000e+00   3.8445204e+01   3.8625560e+01
   2.7700000e+00   3.8439659e+01   3.8971018e+01
   2.7750000e+00   3.8434263e+01   3.9083905e+01
   2.7800000e+00   3.8429017e+01   3.8587379e+01
   2.7850000e+00   3.8423920e+01   3.8263624e+01
   2.7900000e+00   3.8418973e+01   3.8453197e+01
   2.7950000e+00   3.8414175e+01   3.8535523e+01
   2.8000000e+00   3.8409526e+01   3.8032680e+01
   2.8050000e+00   3.8405026e+01   3.8056081e+01
   2.8100000e+00   3.8400675e+01   3.8489548e+01
   2.8150000e+00   3.8396469e+01   3.8439106e+01
   2.8200000e+00   3.8392410e+01   3.8580237e+01
   2.8250000e+00   3.8388494e+01   3.8836036e+01
   2.8300000e+00   3.8384721e+01   3.8489751e+01
   2.8350000e+00   3.8381088e+01   3.8410468e+01
   2.8400000e+00   3.8377594e+01   3.8007153e+01
   2.8450000e+00   3.8374236e+01   3.8141892e+01
   2.8500000e+00   3.8371013e+01   3.8156667e+01
   2.8550000e+00   3.8367922e+01   3.8374186e+01
   2.8600000e+00   3.8364962e+01   3.8729245e+01
   2.8650000e+00   3.8362132e+01   3.8838435e+01
   2.8700000e+00   3.8359429e+01   3.8397859e+01
   2.8750000e+00   3.8356852e+01   3.8970108e+01
   2.8800000e+00   3.8354399e+01   3.8149198e+01
   2.8850000e+00   3.8352069e+01   3.7820301e+01
   2.8900000e+00   3.8349860e+01   3.8216271e+01
   2.8950000e+00   3.8347770e+01   3.7855132e+01
   2.9000000e+00   3.8345797e+01   3.7760196e+01
   2.9050000e+00   3.8343939e+01   3.8346277e+01
   2.9100000e+00   3.8342196e+01   3.8933991e+01
   2.9150000e+00   3.8340563e+01   3.8861685e+01
   2.9200000e+00   3.8339040e+01   3.8794729e+01
   2.9250000e+00   3.8337625e+01   3.8282419e+01
   2.9300000e+00   3.8336316e+01   3.8109149e+01
   2.9350000e+00   3.8335111e+01   3.8257492e+01
   2.9400000e+00   3.8334009e+01   3.8250548e+01
   2.9450000e+00   3.8333006e+01   3.8266753e+01
   2.9500000e+00   3.8332101e+01   3.8335490e+01
   2.9550000e+00   3.8331292e+01   3.8245371e+01
   2.9600000e+00   3.8330578e+01   3.8589010e+01
   2.9650000e+00   3.8329956e+01   3.8925330e+01
   2.9700000e+00   3.8329423e+01   3.8867761e+01
   2.9750000e+00   3.8328979e+01   3.8464617e+01
   2.9800000e+00   3.8328621e+01   3.8182806e+01
   2.9850000e+00   3.8328348e+01   3.8077416e+01
   2.9900000e+00   3.8328158e+01   3.7895455e+01
   2.9950000e+00   3.8328049e+01   3.8286749e+01
   3.0000000e+00   3.8328020e+01   3.8375147e+01
   3.0050000e+00   3.8328070e+01   3.8638983e+01
   3.0100000e+00   3.8328198e+01   3.8639446e+01
   3.0150000e+00   3.8328403e+01   3.8715675e+01
   3.0200000e+00   3.8328682e+01   3.8375346e+01
   3.0250000e+00   3.8329035e+01   3.8599246e+01
   3.0300000e+00   3.8329461e+01   3.8020569e+01
   3.0350000e+00   3.8329956e+01   3.8125400e+01
   3.0400000e+00   3.8330521e+01   3.7646330e+01
   3.0450000e+00   3.8331154e+01   3.8414274e+01
   3.0500000e+00   3.8331853e+01   3.8368740e+01
   3.0550000e+00   3.8332619e+01   3.8748769e+01
   3.0600000e+00   3.8333448e+01   3.8599567e+01
   3.0650000e+00   3.8334340e+01   3.8735996e+01
   3.0700000e+00   3.8335295e+01   3.8296288e+01
   3.0750000e+00   3.8336309e+01   3.8093372e+01
   3.0800000e+00   3.8337384e+01   3.7829331e+01
   3.0850000e+00   3.8338517e+01   3.7697888e+01
   3.0900000e+00   3.8339707e+01   3.8203838e+01
   3.0950000e+00   3.8340954e+01   3.8553892e+01
   3.1000000e+00   3.8342257e+01   3.8581645e+01
   3.1050000e+00   3.8343614e+01   3.8549681e+01
   3.1100000e+00   3.8345025e+01   3.8442408e+01
   3.1150000e+00   3.8346489e+01   3.8330411e+01
   3.1200000e+00   3.8348003e+01   3.8662551e+01
   3.1250000e+00   3.8349568e+01   3.8123767e+01
   3.1300000e+00   3.8351182e+01   3.7788867e+01
   3.1350000e+00   3.8352845e+01   3.7828676e+01
   3.1400000e+00   3.8354555e+01   3.8077907e+01
   3.1450000e+00   3.8356313e+01   3.8411888e+01
   3.1500000e+00   3.8358118e+01   3.9049882e+01
   3.1550000e+00   3.8359969e+01   3.8719996e+01
   3.1600000e+00   3.8361868e+01   3.8383203e+01
   3.1650000e+00   3.8363814e+01   3.8295999e+01
   3.1700000e+00   3.8365806e+01   3.8020499e+01
   3.1750000e+00   3.8367846e+01   3.8328299e+01
   3.1800000e+00   3.8369934e+01   3.8433234e+01
   3.1850000e+00   3.8372071e+01   3.8453367e+01
   3.1900000e+00   3.8374258e+01   3.8285181e+01
   3.1950000e+00   3.8376495e+01   3.8818780e+01
   3.2000000e+00   3.8378784e+01   3.8704629e+01
   3.2050000e+00   3.8381126e+01   3.8686196e+01
   3.2100000e+00   3.8383522e+01   3.8355200e+01
   3.2150000e+00   3.8385974e+01   3.8305286e+01
   3.2200000e+00   3.8388483e+01   3.7994306e+01
   3.2250000e+00   3.8391050e+01   3.8000674e+01
   3.2300000e+00   3.8393678e+01   3.7961155e+01
   3.2350000e+00   3.8396367e+01   3.8191975e+01
   3.2400000e+00   3.8399121e+01   3.8171076e+01
   3.2450000e+00   3.8401943e+01   3.8786804e+01
   3.2500000e+00   3.8404833e+01   3.8500469e+01
   3.2550000e+00   3.8407797e+01   3.8753716e+01
   3.2600000e+00   3.8410836e+01   3.8374827e+01
   3.2650000e+00   3.8413954e+01   3.8107315e+01
   3.2700000e+00   3.8417155e+01   3.7740820e+01
   3.2750000e+00   3.8420443e+01   3.8015328e+01
   3.2800000e+00   3.8423821e+01   3.8368887e+01
   3.2850000e+00   3.8427294e+01   3.8731701e+01
   3.2900000e+00   3.8430866e+01   3.8727863e+01
   3.2950000e+00   3.8434542e+01   3.8510976e+01
   3.3000000e+00   3.8438326e+01   3.8729277e+01
   3.3050000e+00   3.8442223e+01   3.8860912e+01
   3.3100000e+00   3.8446240e+01   3.8526595e+01
   3.3150000e+00   3.8450380e+01   3.8095824e+01
   3.3200000e+00   3.8454650e+01   3.8158098e+01
   3.3250000e+00   3.8459056e+01   3.8328994e+01
   3.3300000e+00   3.8463602e+01   3.8238953e+01
   3.3350000e+00   3.8468296e+01   3.8396150e+01
   3.3400000e+00   3.8473142e+01   3.8582807e+01
   3.3450000e+00   3.8478147e+01   3.8932497e+01
   3.3500000e+00   3.8483315e+01   3.8866564e+01
   3.3550000e+00   3.8488653e+01   3.8490025e+01
   3.3600000e+00   3.8494165e+01   3.8063492e+01
   3.3650000e+00   3.8499857e+01   3.8221330e+01
   3.3700000e+00   3.8505735e+01   3.8105600e+01
   3.3750000e+00   3.8511802e+01   3.8281280e+01
   3.3800000e+00   3.8518065e+01   3.8759277e+01
   3.3850000e+00   3.8524528e+01   3.8763931e+01
   3.3900000e+00   3.8531196e+01   3.8690705e+01
   3.3950000e+00   3.8538074e+01   3.9303572e+01
   3.4000000e+00   3.8545165e+01   3.8616785e+01
   3.4050000e+00   3.8552474e+01   3.8443393e+01
   3.4100000e+00   3.8560003e+01   3.8447756e+01
   3.4150000e+00   3.8567755e+01   3.7952845e+01
   3.4200000e+00   3.8575734e+01   3.8287109e+01
   3.4250000e+00   3.8583942e+01   3.8417136e+01
   3.4300000e+00   3.8592381e+01   3.9070508e+01
   3.4350000e+00   3.8601053e+01   3.9113922e+01
   3.4400000e+00   3.8609958e+01   3.9038412e+01
   3.4450000e+00   3.8619098e+01   3.8691162e+01
   3.4500000e+00   3.8628473e+01   3.8840754e+01
   3.4550000e+00   3.8638083e+01   3.8448205e+01
   3.4600000e+00   3.8647927e+01   3.8247162e+01
   3.4650000e+00   3.8658004e+01   3.7937656e+01
   3.4700000e+00   3.8668313e+01   3.7955058e+01
   3.4750000e+00   3.8678851e+01   3.8693514e+01
   3.4800000e+00   3.8689617e+01   3.8948293e+01
   3.4850000e+00   3.8700607e+01   3.8946217e+01
   3.4900000e+00   3.8711818e+01   3.9177798e+01
   3.4950000e+00   3.8723244e+01   3.9001108e+01
   3.5000000e+00   3.8734882e+01   3.8457571e+01
   3.5050000e+00   3.8746726e+01   3.8286512e+01
   3.5100000e+00   3.8758769e+01   3.8655222e+01
   3.5150000e+00   3.8771006e+01   3.8541421e+01
   3.5200000e+00   3.8783428e+01   3.8551191e+01
   3.5250000e+00   3.8796029e+01   3.8641605e+01
   3.5300000e+00   3.8808800e+01   3.9115681e+01
   3.5350000e+00   3.8821732e+01   3.9219293e+01
   3.5400000e+00   3.8834817e+01   3.8759909e+01
   3.5450000e+00   3.8848044e+01   3.9155204e+01
   3.5500000e+00   3.8861404e+01   3.8765470e+01
   3.5550000e+00   3.8874886e+01   3.8652291e+01
   3.5600000e+00   3.8888480e+01   3.8274986e+01
   3.5650000e+00   3.8902173e+01   3.8969081e+01
   3.5700000e+00   3.8915956e+01   3.9017561e+01
   3.5750000e+00   3.8929815e+01   3.8923511e+01
   3.5800000e+00   3.8943738e+01   3.9219610e+01
   3.5850000e+00   3.8957714e+01   3.9176057e+01
   3.5900000e+00   3.8971729e+01   3.9278081e+01
   3.5950000e+00   3.8985769e+01   3.9158200e+01
   3.6000000e+00   3.8999823e+01   3.8867809e+01
   3.6050000e+00   3.9013875e+01   3.8772403e+01
   3.6100000e+00   3.9027912e+01   3.8809656e+01
   3.6150000e+00   3.9041921e+01   3.8647649e+01
   3.6200000e+00   3.9055887e+01   3.9242323e+01
   3.6250000e+00   3.9069796e+01   3.9142932e+01
   3.6300000e+00   3.9083633e+01   3.9553946e+01
   3.6350000e+00   3.9097386e+01   3.9179776e+01
   3.6400000e+00   3.9111041e+01   3.9459866e+01
   3.6450000e+00   3.9124582e+01   3.9110971e+01
   3.6500000e+00   3.9137997e+01   3.9013337e+01
   3.6550000e+00   3.9151272e+01   3.8666436e+01
   3.6600000e+00   3.9164393e+01   3.9051659e+01
   3.6650000e+00   3.9177347e+01   3.8950485e+01
   3.6700000e+00   3.9190121e+01   3.9264523e+01
   3.6750000e+00   3.9202701e+01   3.9460416e+01
   3.6800000e+00   3.9215076e+01   3.9661125e+01
   3.6850000e+00   3.9227232e+01   3.9714639e+01
   3.6900000e+00   3.9239158e+01   3.9214306e+01
   3.6950000e+00   3.9250841e+01   3.9012797e+01
   3.7000000e+00   3.9262273e+01   3.8991073e+01
   3.7050000e+00   3.9273441e+01   3.8809582e+01
   3.7100000e+00   3.9284337e+01   3.9387797e+01
   3.7150000e+00   3.9294951e+01   3.9538796e+01
   3.7200000e+00   3.9305275e+01   3.9733340e+01
   3.7250000e+00   3.9315302e+01   3.9568236e+01
   3.7300000e+00   3.9325023e+01   3.9314886e+01
   3.7350000e+00   3.9334433e+01   3.9300508e+01
   3.7400000e+00   3.9343526e+01   3.9341609e+01
   3.7450000e+00   3.9352296e+01   3.8948186e+01
   3.7500000e+00   3.9360739e+01   3.9072916e+01
   3.7550000e+00   3.9368851e+01   3.8957355e+01
   3.7600000e+00   3.9376628e+01   3.9329939e+01
   3.7650000e+00   3.9384070e+01   3.9485757e+01
   3.7700000e+00   3.9391173e+01   3.9776636e+01
   3.7750000e+00   3.9397937e+01   3.9410302e+01
   3.7800000e+00   3.9404361e+01   3.9907412e+01
   3.7850000e+00   3.9410445e+01   3.9403695e+01
   3.7900000e+00   3.9416190e+01   3.9305534e+01
   3.7950000e+00   3.9421596e+01   3.9464123e+01
   3.8000000e+00   3.9426666e+01   3.9095984e+01
   3.8050000e+00   3.9431403e+01   3.9463938e+01
   3.8100000e+00   3.9435809e+01   3.9392208e+01
   3.8150000e+00   3.9439888e+01   3.9876570e+01
   3.8200000e+00   3.9443644e+01   3.9880497e+01
   3.8250000e+00   3.9447082e+01   3.9760670e+01
   3.8300000e+00   3.9450206e+01   3.9542369e+01
   3.8350000e+00   3.9453021e+01   3.9487438e+01
   3.8400000e+00   3.9455534e+01   3.8998463e+01
   3.8450000e+00   3.9457751e+01   3.8924939e+01
   3.8500000e+00   3.9459678e+01   3.9372620e+01
   3.8550000e+00   3.9461322e+01   3.9495295e+01
   3.8600000e+00   3.9462692e+01   3.9705044e+01
   3.8650000e+00   3.9463794e+01   3.9687200e+01
   3.8700000e+00   3.9464637e+01   3.9814014e+01
   3.8750000e+00   3.9465229e+01   3.9420154e+01
   3.8800000e+00   3.9465579e+01   3.9248460e+01
   3.8850000e+00   3.9465694e+01   3.9370429e+01
   3.8900000e+00   3.9465584e+01   3.8925541e+01
   3.8950000e+00   3.9465256e+01   3.9156496e+01
   3.9000000e+00   3.9464720e+01   3.8947360e+01
   3.9050000e+00   3.9463984e+01   3.9385688e+01
   3.9100000e+00   3.9463057e+01   3.9498415e+01
   3.9150000e+00   3.9461948e+01   3.9914784e+01
   3.9200000e+00   3.9460665e+01   3.9779234e+01
   3.9250000e+00   3.9459217e+01   3.9672583e+01
   3.9300000e+00   3.9457613e+01   3.9162822e+01
   3.9350000e+00   3.9455860e+01   3.8955658e+01
   3.9400000e+00   3.9453968e+01   3.8853099e+01
   3.9450000e+00   3.9451944e+01   3.9376632e+01
   3.9500000e+00   3.9449798e+01   3.9462237e+01
   3.9550000e+00   3.9447536e+01   3.9603663e+01
   3.9600000e+00   3.9445167e+01   3.9582904e+01
   3.9650000e+00   3.9442698e+01   3.9576001e+01
   3.9700000e+00   3.9440137e+01   3.9893537e+01
   3.9750000e+00   3.9437491e+01   3.9591595e+01
   3.9800000e+00   3.9434767e+01   3.9046569e+01
   3.9850000e+00   3.9431970e+01   3.9440472e+01
   3.9900000e+00   3.9429108e+01   3.8737291e+01
   3.9950000e+00   3.9426185e+01   3.9276765e+01
   4.0000000e+00   3.9423208e+01   3.9558183e+01
   4.0050000e+00   3.9420182e+01   3.9665380e+01
   4.0100000e+00   3.9417111e+01   3.9563155e+01
   4.0150000e+00   3.9414001e+01   3.9785879e+01
   4.0200000e+00   3.9410855e+01   3.9537101e+01
   4.0250000e+00   3.9407679e+01   3.9393320e+01
   4.0300000e+00   3.9404476e+01   3.9086331e+01
   4.0350000e+00   3.9401249e+01   3.9155546e+01
   4.0400000e+00   3.9398003e+01   3.9002186e+01
   4.0450000e+00   3.9394740e+01   3.9016323e+01
   4.0500000e+00   3.9391464e+01   3.9681543e+01
   4.0550000e+00   3.9388177e+01   3.9872997e+01
   4.0600000e+00   3.9384880e+01   3.9902018e+01
   4.0650000e+00   3.9381577e+01   3.9323657e+01
   4.0700000e+00   3.9378267e+01   3.9532216e+01
   4.0750000e+00   3.9374952e+01   3.8998980e+01
   4.0800000e+00   3.9371634e+01   3.9233565e+01
   4.0850000e+00   3.9368312e+01   3.9215894e+01
   4.0900000e+00   3.9364988e+01   3.9344743e+01
   4.0950000e+00   3.9361662e+01   3.9714216e+01
   4.1000000e+00   3.9358334e+01   3.9278705e+01
   4.1050000e+00   3.9355005e+01   3.9768504e+01
   4.1100000e+00   3.9351675e+01   3.9992711e+01
   4.1150000e+00   3.9348343e+01   3.9532876e+01
   4.1200000e+00   3.9345009e+01   3.9306603e+01
   4.1250000e+00   3.9341674e+01   3.8953958e+01
   4.1300000e+00   3.9338338e+01   3.9212937e+01
   4.1350000e+00   3.9334999e+01   3.9086912e+01
   4.1400000e+00   3.9331659e+01   3.9445175e+01
   4.1450000e+00   3.9328318e+01   3.9219498e+01
   4.1500000e+00   3.9324974e+01   3.9441970e+01
   4.1550000e+00   3.9321629e+01   3.9679882e+01
   4.1600000e+00   3.9318283e+01   3.9626712e+01
   4.1650000e+00   3.9314934e+01   3.9201525e+01
   4.1700000e+00   3.9311584e+01   3.9236476e+01
   4.1750000e+00   3.9308233e+01   3.8940750e+01
   4.1800000e+00   3.9304882e+01   3.9215452e+01
   4.1850000e+00   3.9301530e+01   3.9081143e+01
   4.1900000e+00   3.9298179e+01   3.9328851e+01
   4.1950000e+00   3.9294829e+01   3.9312576e+01
   4.2000000e+00   3.9291482e+01   3.9289349e+01
   4.2050000e+00   3.9288138e+01   3.9152526e+01
   4.2100000e+00   3.9284799e+01   3.9874181e+01
   4.2150000e+00   3.9281465e+01   3.9367625e+01
   4.2200000e+00   3.9278138e+01   3.9335696e+01
   4.2250000e+00   3.9274819e+01   3.8899768e+01
   4.2300000e+00   3.9271509e+01   3.8652443e+01
   4.2350000e+00   3.9268210e+01   3.8901604e+01
   4.2400000e+00   3.9264924e+01   3.9115588e+01
   4.2450000e+00   3.9261653e+01   3.9057324e+01
   4.2500000e+00   3.9258400e+01   3.9745489e+01
   4.2550000e+00   3.9255165e+01   3.9341422e+01
   4.2600000e+00   3.9251952e+01   3.9398407e+01
   4.2650000e+00   3.9248762e+01   3.9138771e+01
   4.2700000e+00   3.9245598e+01   3.8805360e+01
   4.2750000e+00   3.9242463e+01   3.9150572e+01
   4.2800000e+00   3.9239357e+01   3.9062060e+01
   4.2850000e+00   3.9236284e+01   3.8897128e+01
   4.2900000e+00   3.9233246e+01   3.9403329e+01
   4.2950000e+00   3.9230245e+01   3.9618866e+01
   4.3000000e+00   3.9227283e+01   3.9459760e+01
   4.3050000e+00   3.9224363e+01   3.9488060e+01
   4.3100000e+00   3.9221486e+01   3.9454158e+01
   4.3150000e+00   3.9218656e+01   3.9075918e+01
   4.3200000e+00   3.9215874e+01   3.9092777e+01
   4.3250000e+00   3.9213144e+01   3.9285547e+01
   4.3300000e+00   3.9210466e+01   3.9394052e+01
   4.3350000e+00   3.9207844e+01   3.9354458e+01
   4.3400000e+00   3.9205279e+01   3.9801074e+01
   4.3450000e+00   3.9202775e+01   3.9245356e+01
   4.3500000e+00   3.9200333e+01   3.9491347e+01
   4.3550000e+00   3.9197956e+01   3.9421736e+01
   4.3600000e+00   3.9195646e+01   3.9134883e+01
   4.3650000e+00   3.9193405e+01   3.8837785e+01
   4.3700000e+00   3.9191235e+01   3.8422648e+01
   4.3750000e+00   3.9189139e+01   3.8948954e+01
   4.3800000e+00   3.9187118e+01   3.8893287e+01
   4.3850000e+00   3.9185174e+01   3.9239662e+01
   4.3900000e+00   3.9183310e+01   3.9674970e+01
   4.3950000e+00   3.9181527e+01   3.9347625e+01
   4.4000000e+00   3.9179826e+01   3.9554166e+01
   4.4050000e+00   3.9178210e+01   3.9013568e+01
   4.4100000e+00   3.9176681e+01   3.9342866e+01
   4.4150000e+00   3.9175240e+01   3.9043239e+01
   4.4200000e+00   3.9173889e+01   3.8634339e+01
   4.4250000e+00   3.9172630e+01   3.9161906e+01
   4.4300000e+00   3.9171465e+01   3.9690975e+01
   4.4350000e+00   3.9170396e+01   3.8903165e+01
   4.4400000e+00   3.9169424e+01   3.9421287e+01
   4.4450000e+00   3.9168550e+01   3.9201939e+01
   4.4500000e+00   3.9167776e+01   3.9343505e+01
   4.4550000e+00   3.9167103e+01   3.9224377e+01
   4.4600000e+00   3.9166534e+01   3.8910080e+01
   4.4650000e+00   3.9166069e+01   3.8819104e+01
   4.4700000e+00   3.9165709e+01   3.8976949e+01
   4.4750000e+00   3.9165456e+01   3.8897918e+01
   4.4800000e+00   3.9165310e+01   3.9131539e+01
   4.4850000e+00   3.9165275e+01   3.9641779e+01
   4.4900000e+00   3.9165350e+01   3.9396337e+01
   4.4950000e+00   3.9165537e+01   3.9681690e+01
   4.5000000e+00   3.9165838e+01   3.9368780e+01
   4.5050000e+00   3.9166253e+01   3.8759882e+01
   4.5100000e+00   3.9166786e+01   3.8901880e+01
   4.5150000e+00   3.9167436e+01   3.8991434e+01
   4.5200000e+00   3.9168206e+01   3.9038470e+01
   4.5250000e+00   3.9169097e+01   3.9106139e+01
   4.5300000e+00   3.9170111e+01   3.9633255e+01
   4.5350000e+00   3.9171249e+01   4.0141421e+01
   4.5400000e+00   3.9172513e+01   3.9482168e+01
   4.5450000e+00   3.9173903e+01   3.9396793e+01
   4.5500000e+00   3.9175421e+01   3.9390673e+01
   4.5550000e+00   3.9177068e+01   3.8796239e+01
   4.5600000e+00   3.9178846e+01   3.8659516e+01
   4.5650000e+00   3.9180756e+01   3.8949559e+01
   4.5700000e+00   3.9182798e+01   3.8682991e+01
   4.5750000e+00   3.9184974e+01   3.9173898e+01
   4.5800000e+00   3.9187286e+01   3.9323044e+01
   4.5850000e+00   3.9189733e+01   3.9734872e+01
   4.5900000e+00   3.9192318e+01   3.9312829e+01
   4.5950000e+00   3.9195039e+01   3.9025453e+01
   4.6000000e+00   3.9197899e+01   3.8889580e+01
   4.6050000e+00   3.9200896e+01   3.8753591e+01
   4.6100000e+00   3.9204032e+01   3.9124298e+01
   4.6150000e+00   3.9207307e+01   3.8957191e+01
   4.6200000e+00   3.9210721e+01   3.9058851e+01
   4.6250000e+00   3.9214273e+01   3.9606459e+01
   4.6300000e+00   3.9217965e+01   3.9645130e+01
   4.6350000e+00   3.9221795e+01   3.9676491e+01
   4.6400000e+00   3.9225762e+01   3.9234713e+01
   4.6450000e+00   3.9229866e+01   3.8858984e+01
   4.6500000e+00   3.9234105e+01   3.9005598e+01
   4.6550000e+00   3.9238478e+01   3.8877665e+01
   4.6600000e+00   3.9242983e+01   3.8962778e+01
   4.6650000e+00   3.9247617e+01   3.9076744e+01
   4.6700000e+00   3.9252378e+01   3.9472309e+01
   4.6750000e+00   3.9257262e+01   3.9587920e+01
   4.6800000e+00   3.9262266e+01   3.9569563e+01
   4.6850000e+00   3.9267387e+01   3.9427146e+01
   4.6900000e+00   3.9272620e+01   3.8808675e+01
   4.6950000e+00   3.9277961e+01   3.9326977e+01
   4.7000000e+00   3.9283405e+01   3.9102803e+01
   4.7050000e+00   3.9288947e+01   3.8947832e+01
   4.7100000e+00   3.9294580e+01   3.9569548e+01
   4.7150000e+00   3.9300300e+01   3.9577116e+01
   4.7200000e+00   3.9306099e+01   3.9438854e+01
   4.7250000e+00   3.9311971e+01   3.9339531e+01
   4.7300000e+00   3.9317908e+01   3.9408879e+01
   4.7350000e+00   3.9323903e+01   3.9232115e+01
   4.7400000e+00   3.9329947e+01   3.9347867e+01
   4.7450000e+00   3.9336033e+01   3.9076116e+01
   4.7500000e+00   3.9342150e+01   3.9285818e+01
   4.7550000e+00   3.9348289e+01   3.8833495e+01
   4.7600000e+00   3.9354441e+01   3.9327376e+01
   4.7650000e+00   3.9360595e+01   3.9540275e+01
   4.7700000e+00   3.9366740e+01   3.9591765e+01
   4.7750000e+00   3.9372867e+01   3.9467817e+01
   4.7800000e+00   3.9378963e+01   3.9825544e+01
   4.7850000e+00   3.9385018e+01   3.9823982e+01
   4.7900000e+00   3.9391021e+01   3.9380357e+01
   4.7950000e+00   3.9396960e+01   3.9201881e+01
   4.8000000e+00   3.9402823e+01   3.8828270e+01
   4.8050000e+00   3.9408598e+01   3.9333739e+01
   4.8100000e+00   3.9414273e+01   3.9736358e+01
   4.8150000e+00   3.9419836e+01   3.9826490e+01
   4.8200000e+00   3.9425275e+01   3.9798947e+01
   4.8250000e+00   3.9430578e+01   3.9684735e+01
   4.8300000e+00   3.9435732e+01   3.9701661e+01
   4.8350000e+00   3.9440724e+01   3.9161221e+01
   4.8400000e+00   3.9445543e+01   3.8897431e+01
   4.8450000e+00   3.9450176e+01   3.8761724e+01
   4.8500000e+00   3.9454610e+01   3.9112400e+01
   4.8550000e+00   3.9458834e+01   3.9192288e+01
   4.8600000e+00   3.9462834e+01   3.9832225e+01
   4.8650000e+00   3.9466601e+01   3.9734080e+01
   4.8700000e+00   3.9470121e+01   3.9983783e+01
   4.8750000e+00   3.9473384e+01   3.9274946e+01
   4.8800000e+00   3.9476379e+01   3.9394951e+01
   4.8850000e+00   3.9479096e+01   3.9109841e+01
   4.8900000e+00   3.9481525e+01   3.9316424e+01
   4.8950000e+00   3.9483656e+01   3.9246247e+01
   4.9000000e+00   3.9485480e+01   3.9857562e+01
   4.9050000e+00   3.9486990e+01   3.9894912e+01
   4.9100000e+00   3.9488178e+01   4.0005926e+01
   4.9150000e+00   3.9489037e+01   3.9748317e+01
   4.9200000e+00   3.9489561e+01   3.9263559e+01
   4.9250000e+00   3.9489743e+01   3.9766575e+01
   4.9300000e+00   3.9489580e+01   3.9410737e+01
   4.9350000e+00   3.9489068e+01   3.9169499e+01
   4.9400000e+00   3.9488202e+01   3.9477589e+01
   4.9450000e+00   3.9486981e+01   3.8586927e+01
   4.9500000e+00   3.9485402e+01   3.9276675e+01
   4.9550000e+00   3.9483466e+01   3.9187401e+01
   4.9600000e+00   3.9481171e+01   3.9522068e+01
   4.9650000e+00   3.9478518e+01   3.9908315e+01
   4.9700000e+00   3.9475508e+01   3.9930977e+01
   4.9750000e+00   3.9472144e+01   3.9467271e+01
   4.9800000e+00   3.9468428e+01   3.9132875e+01
   4.9850000e+00   3.9464365e+01   3.9473017e+01
   4.9900000e+00   3.9459960e+01   3.9214254e+01
   4.9950000e+00   3.9455219e+01   3.9426807e+01
   5.0000000e+00   3.9450147e+01   3.9672145e+01
   5.0050000e+00   3.9444754e+01   3.9927460e+01
   5.0100000e+00   3.9439047e+01   4.0292638e+01
   5.0150000e+00   3.9433035e+01   3.9904716e+01
   5.0200000e+00   3.9426730e+01   3.9736938e+01
   5.0250000e+00   3.9420141e+01   3.9439215e+01
   5.0300000e+00   3.9413280e+01   3.9277491e+01
   5.0350000e+00   3.9406160e+01   3.9053714e+01
   5.0400000e+00   3.9398794e+01   3.9104998e+01
   5.0450000e+00   3.9391195e+01   3.9321589e+01
   5.0500000e+00   3.9383378e+01   3.9036403e+01
   5.0550000e+00   3.9375357e+01   3.9906771e+01
   5.0600000e+00   3.9367148e+01   3.9856455e+01
   5.0650000e+00   3.9358766e+01   3.9684024e+01
   5.0700000e+00   3.9350228e+01   3.9580225e+01
   5.0750000e+00   3.9341550e+01   3.9073477e+01
   5.0800000e+00   3.9332750e+01   3.8822699e+01
   5.0850000e+00   3.9323845e+01   3.9102815e+01
   5.0900000e+00   3.9314851e+01   3.9322516e+01
   5.0950000e+00   3.9305788e+01   3.9409931e+01
   5.1000000e+00   3.9296674e+01   3.9442863e+01
   5.1050000e+00   3.9287527e+01   3.9318417e+01
   5.1100000e+00   3.9278365e+01   3.9788360e+01
   5.1150000e+00   3.9269208e+01   3.9565169e+01
   5.1200000e+00   3.9260075e+01   3.9488908e+01
   5.1250000e+00   3.9250981e+01   3.9109384e+01
   5.1300000e+00   3.9241947e+01   3.8818525e+01
   5.1350000e+00   3.9232990e+01   3.9027551e+01
   5.1400000e+00   3.9224126e+01   3.9141478e+01
   5.1450000e+00   3.9215373e+01   3.9028576e+01
   5.1500000e+00   3.9206747e+01   3.9411121e+01
   5.1550000e+00   3.9198265e+01   3.9422391e+01
   5.1600000e+00   3.9189942e+01   3.9357266e+01
   5.1650000e+00   3.9181794e+01   3.9204029e+01
   5.1700000e+00   3.9173836e+01   3.8837991e+01
   5.1750000e+00   3.9166082e+01   3.8903191e+01
   5.1800000e+00   3.9158545e+01   3.8880922e+01
   5.1850000e+00   3.9151239e+01   3.8835277e+01
   5.1900000e+00   3.9144176e+01   3.9039740e+01
   5.1950000e+00   3.9137366e+01   3.9706527e+01
   5.2000000e+00   3.9130823e+01   3.9744988e+01
   5.2050000e+00   3.9124555e+01   3.9237595e+01
   5.2100000e+00   3.9118572e+01   3.9427384e+01
   5.2150000e+00   3.9112882e+01   3.8984426e+01
   5.2200000e+00   3.9107492e+01   3.8792017e+01
   5.2250000e+00   3.9102410e+01   3.8606905e+01
   5.2300000e+00   3.9097641e+01   3.8493916e+01
   5.2350000e+00   3.9093189e+01   3.9192288e+01
   5.2400000e+00   3.9089057e+01   3.8790036e+01
   5.2450000e+00   3.9085249e+01   3.9337221e+01
   5.2500000e+00   3.9081766e+01   3.9476918e+01
   5.2550000e+00   3.9078609e+01   3.9023441e+01
   5.2600000e+00   3.9075777e+01   3.9331690e+01
   5.2650000e+00   3.9073269e+01   3.8973337e+01
   5.2700000e+00   3.9071083e+01   3.8728135e+01
   5.2750000e+00   3.9069215e+01   3.8620488e+01
   5.2800000e+00   3.9067662e+01   3.8768914e+01
   5.2850000e+00   3.9066419e+01   3.9162250e+01
   5.2900000e+00   3.9065478e+01   3.8876509e+01
   5.2950000e+00   3.9064834e+01   3.9486424e+01
   5.3000000e+00   3.9064479e+01   3.9110946e+01
   5.3050000e+00   3.9064405e+01   3.9239739e+01
   5.3100000e+00   3.9064604e+01   3.9265440e+01
   5.3150000e+00   3.9065065e+01   3.9041257e+01
   5.3200000e+00   3.9065778e+01   3.8543806e+01
   5.3250000e+00   3.9066733e+01   3.8816265e+01
   5.3300000e+00   3.9067919e+01   3.8663268e+01
   5.3350000e+00   3.9069323e+01   3.9131483e+01
   5.3400000e+00   3.9070933e+01   3.9594863e+01
   5.3450000e+00   3.9072736e+01   3.9049842e+01
   5.3500000e+00   3.9074717e+01   3.9706464e+01
   5.3550000e+00   3.9076864e+01   3.9319854e+01
   5.3600000e+00   3.9079162e+01   3.8684862e+01
   5.3650000e+00   3.9081597e+01   3.9136344e+01
   5.3700000e+00   3.9084154e+01   3.8866887e+01
   5.3750000e+00   3.9086818e+01   3.9019817e+01
   5.3800000e+00   3.9089576e+01   3.9106437e+01
   5.3850000e+00   3.9092411e+01   3.9261745e+01
   5.3900000e+00   3.9095309e+01   3.9653524e+01
   5.3950000e+00   3.9098256e+01   3.9204997e+01
   5.4000000e+00   3.9101237e+01   3.8965451e+01
   5.4050000e+00   3.9104237e+01   3.9053746e+01
   5.4100000e+00   3.9107244e+01   3.8874970e+01
   5.4150000e+00   3.9110242e+01   3.8568464e+01
   5.4200000e+00   3.9113219e+01   3.8841905e+01
   5.4250000e+00   3.9116161e+01   3.9096967e+01
   5.4300000e+00   3.9119055e+01   3.9377727e+01
   5.4350000e+00   3.9121890e+01   3.9647247e+01
   5.4400000e+00   3.9124652e+01   3.9440829e+01
   5.4450000e+00   3.9127332e+01   3.9323517e+01
   5.4500000e+00   3.9129918e+01   3.9209907e+01
   5.4550000e+00   3.9132400e+01   3.8930943e+01
   5.4600000e+00   3.9134768e+01   3.8822194e+01
   5.4650000e+00   3.9137012e+01   3.8992173e+01
   5.4700000e+00   3.9139123e+01   3.8866273e+01
   5.4750000e+00   3.9141095e+01   3.9085805e+01
   5.4800000e+00   3.9142921e+01   3.9026734e+01
   5.4850000e+00   3.9144594e+01   3.9281815e+01
   5.4900000e+00   3.9146108e+01   3.9876750e+01
   5.4950000e+00   3.9147460e+01   3.9271439e+01
   5.5000000e+00   3.9148645e+01   3.8699295e+01
   5.5050000e+00   3.9149661e+01   3.8886187e+01
   5.5100000e+00   3.9150504e+01   3.8566831e+01
   5.5150000e+00   3.9151172e+01   3.8682627e+01
   5.5200000e+00   3.9151665e+01   3.9074277e+01
   5.5250000e+00   3.9151981e+01   3.9487367e+01
   5.5300000e+00   3.9152120e+01   3.9644139e+01
   5.5350000e+00   3.9152082e+01   3.9160917e+01
   5.5400000e+00   3.9151870e+01   3.9798508e+01
   5.5450000e+00   3.9151485e+01   3.8937659e+01
   5.5500000e+00   3.9150930e+01   3.9386925e+01
   5.5550000e+00   3.9150207e+01   3.8682437e+01
   5.5600000e+00   3.9149320e+01   3.8749483e+01
   5.5650000e+00   3.9148273e+01   3.9423128e+01
   5.5700000e+00   3.9147071e+01   3.9206231e+01
   5.5750000e+00   3.9145718e+01   3.9680122e+01
   5.5800000e+00   3.9144221e+01   3.9514828e+01
   5.5850000e+00   3.9142586e+01   3.9973333e+01
   5.5900000e+00   3.9140818e+01   3.9412942e+01
   5.5950000e+00   3.9138925e+01   3.9081645e+01
   5.6000000e+00   3.9136915e+01   3.8504270e+01
   5.6050000e+00   3.9134793e+01   3.9065052e+01
   5.6100000e+00   3.9132568e+01   3.8907203e+01
   5.6150000e+00   3.9130248e+01   3.8902491e+01
   5.6200000e+00   3.9127841e+01   3.9512022e+01
   5.6250000e+00   3.9125354e+01   3.9717748e+01
   5.6300000e+00   3.9122796e+01   3.9271957e+01
   5.6350000e+00   3.9120175e+01   3.9362269e+01
   5.6400000e+00   3.9117500e+01   3.8984393e+01
   5.6450000e+00   3.9114778e+01   3.9206486e+01
   5.6500000e+00   3.9112018e+01   3.8774095e+01
   5.6550000e+00   3.9109228e+01   3.8829401e+01
   5.6600000e+00   3.9106416e+01   3.8746536e+01
   5.6650000e+00   3.9103589e+01   3.9213271e+01
   5.6700000e+00   3.9100755e+01   3.9298712e+01
   5.6750000e+00   3.9097922e+01   3.9485743e+01
   5.6800000e+00   3.9095097e+01   3.9703757e+01
   5.6850000e+00   3.9092286e+01   3.9291676e+01
   5.6900000e+00   3.9089496e+01   3.8658217e+01
   5.6950000e+00   3.9086735e+01   3.9076100e+01
   5.7000000e+00   3.9084009e+01   3.8844897e+01
   5.7050000e+00   3.9081322e+01   3.8855872e+01
   5.7100000e+00   3.9078682e+01   3.8998428e+01
   5.7150000e+00   3.9076094e+01   3.9274512e+01
   5.7200000e+00   3.9073561e+01   3.9557067e+01
   5.7250000e+00   3.9071090e+01   3.9438351e+01
   5.7300000e+00   3.9068683e+01   3.9237554e+01
   5.7350000e+00   3.9066344e+01   3.9462740e+01
   5.7400000e+00   3.9064077e+01   3.8889408e+01
   5.7450000e+00   3.9061885e+01   3.8604613e+01
   5.7500000e+00   3.9059771e+01   3.8888426e+01
   5.7550000e+00   3.9057735e+01   3.8979034e+01
   5.7600000e+00   3.9055780e+01   3.8869988e+01
   5.7650000e+00   3.9053908e+01   3.9414612e+01
   5.7700000e+00   3.9052119e+01   3.9421621e+01
   5.7750000e+00   3.9050413e+01   3.9775791e+01
   5.7800000e+00   3.9048792e+01   3.9290373e+01
   5.7850000e+00   3.9047256e+01   3.9075361e+01
   5.7900000e+00   3.9045804e+01   3.8873263e+01
   5.7950000e+00   3.9044437e+01   3.9158442e+01
   5.8000000e+00   3.9043153e+01   3.8614311e+01
   5.8050000e+00   3.9041952e+01   3.8798624e+01
   5.8100000e+00   3.9040833e+01   3.9127542e+01
   5.8150000e+00   3.9039794e+01   3.9370516e+01
   5.8200000e+00   3.9038836e+01   3.9164076e+01
   5.8250000e+00   3.9037956e+01   3.9244087e+01
   5.8300000e+00   3.9037153e+01   3.8863420e+01
   5.8350000e+00   3.9036426e+01   3.8802471e+01
   5.8400000e+00   3.9035772e+01   3.8735437e+01
   5.8450000e+00   3.9035189e+01   3.8572223e+01
   5.8500000e+00   3.9034676e+01   3.8312518e+01
   5.8550000e+00   3.9034232e+01   3.8888801e+01
   5.8600000e+00   3.9033854e+01   3.8927985e+01
   5.8650000e+00   3.9033541e+01   3.9129923e+01
   5.8700000e+00   3.9033292e+01   3.9385395e+01
   5.8750000e+00   3.9033107e+01   3.9235638e+01
   5.8800000e+00   3.9032985e+01   3.9056269e+01
   5.8850000e+00   3.9032924e+01   3.8886062e+01
   5.8900000e+00   3.9032924e+01   3.8742065e+01
   5.8950000e+00   3.9032984e+01   3.8580653e+01
   5.9000000e+00   3.9033105e+01   3.9044403e+01
   5.9050000e+00   3.9033286e+01   3.9444207e+01
   5.9100000e+00   3.9033527e+01   3.8997351e+01
   5.9150000e+00   3.9033829e+01   3.9130851e+01
   5.9200000e+00   3.9034193e+01   3.9313769e+01
   5.9250000e+00   3.9034618e+01   3.8762055e+01
   5.9300000e+00   3.9035107e+01   3.8855636e+01
   5.9350000e+00   3.9035660e+01   3.8318109e+01
   5.9400000e+00   3.9036279e+01   3.8500222e+01
   5.9450000e+00   3.9036966e+01   3.8485007e+01
   5.9500000e+00   3.9037721e+01   3.8982764e+01
   5.9550000e+00   3.9038547e+01   3.9080544e+01
   5.9600000e+00   3.9039446e+01   3.9403920e+01
   5.9650000e+00   3.9040419e+01   3.9548253e+01
   5.9700000e+00   3.9041471e+01   3.9482973e+01
   5.9750000e+00   3.9042602e+01   3.8861263e+01
   5.9800000e+00   3.9043815e+01   3.9110231e+01
   5.9850000e+00   3.9045113e+01   3.8677011e+01
   5.9900000e+00   3.9046498e+01   3.8967542e+01
   5.9950000e+00   3.9047974e+01   3.9050488e+01
   6.0000000e+00   3.9049543e+01   3.8959094e+01
   6.0050000e+00   3.9051208e+01   3.9632034e+01
   6.0100000e+00   3.9052971e+01   3.9622440e+01
   6.0150000e+00   3.9054835e+01   3.9433812e+01
   6.0200000e+00   3.9056803e+01   3.9140164e+01
   6.0250000e+00   3.9058877e+01   3.9068134e+01
   6.0300000e+00   3.9061059e+01   3.9134406e+01
   6.0350000e+00   3.9063351e+01   3.8557037e+01
   6.0400000e+00   3.9065756e+01   3.8585236e+01
   6.0450000e+00   3.9068274e+01   3.9019488e+01
   6.0500000e+00   3.9070907e+01   3.9267411e+01
   6.0550000e+00   3.9073656e+01   3.9522002e+01
   6.0600000e+00   3.9076522e+01   3.9539301e+01
   6.0650000e+00   3.9079506e+01   3.9138066e+01
   6.0700000e+00   3.9082608e+01   3.9580829e+01
   6.0750000e+00   3.9085828e+01   3.9074661e+01
   6.0800000e+00   3.9089165e+01   3.8852256e+01
   6.0850000e+00   3.9092620e+01   3.8855323e+01
   6.0900000e+00   3.9096190e+01   3.8985086e+01
   6.0950000e+00   3.9099873e+01   3.9261522e+01
   6.1000000e+00   3.9103669e+01   3.9429156e+01
   6.1050000e+00   3.9107574e+01   3.9353065e+01
   6.1100000e+00   3.9111586e+01   3.9274847e+01
   6.1150000e+00   3.9115701e+01   3.8993565e+01
   6.1200000e+00   3.9119915e+01   3.8878260e+01
   6.1250000e+00   3.9124225e+01   3.8733887e+01
   6.1300000e+00   3.9128624e+01   3.9097490e+01
   6.1350000e+00   3.9133107e+01   3.9022195e+01
   6.1400000e+00   3.9137668e+01   3.9143091e+01
   6.1450000e+00   3.9142300e+01   3.9511713e+01
   6.1500000e+00   3.9146996e+01   3.9605113e+01
   6.1550000e+00   3.9151747e+01   3.9420364e+01
   6.1600000e+00   3.9156546e+01   3.9199572e+01
   6.1650000e+00   3.9161384e+01   3.9363777e+01
   6.1700000e+00   3.9166250e+01   3.9337591e+01
   6.1750000e+00   3.9171134e+01   3.8525032e+01
   6.1800000e+00   3.9176027e+01   3.8628033e+01
   6.1850000e+00   3.9180917e+01   3.8604715e+01
   6.1900000e+00   3.9185794e+01   3.8994452e+01
   6.1950000e+00   3.9190645e+01   3.9167001e+01
   6.2000000e+00   3.9195459e+01   3.9862319e+01
   6.2050000e+00   3.9200223e+01   3.9387514e+01
   6.2100000e+00   3.9204925e+01   3.9198329e+01
   6.2150000e+00   3.9209552e+01   3.9314463e+01
   6.2200000e+00   3.9214090e+01   3.9203165e+01
   6.2250000e+00   3.9218525e+01   3.8620579e+01
   6.2300000e+00   3.9222845e+01   3.8769766e+01
   6.2350000e+00   3.9227034e+01   3.8956726e+01
   6.2400000e+00   3.9231079e+01   3.9237485e+01
   6.2450000e+00   3.9234967e+01   3.9488864e+01
   6.2500000e+00   3.9238684e+01   3.9548651e+01
   6.2550000e+00   3.9242215e+01   3.9501457e+01
   6.2600000e+00   3.9245547e+01   3.9373910e+01
   6.2650000e+00   3.9248667e+01   3.9123998e+01
   6.2700000e+00   3.9251560e+01   3.8947451e+01
   6.2750000e+00   3.9254214e+01   3.9063802e+01
   6.2800000e+00   3.9256616e+01   3.8907775e+01
   6.2850000e+00   3.9258752e+01   3.9267308e+01
   6.2900000e+00   3.9260610e+01   3.9463976e+01
   6.2950000e+00   3.9262180e+01   3.9218641e+01
   6.3000000e+00   3.9263448e+01   3.9656696e+01
   6.3050000e+00   3.9264405e+01   3.9334095e+01
   6.3100000e+00   3.9265041e+01   3.9275008e+01
   6.3150000e+00   3.9265344e+01   3.8930440e+01
   6.3200000e+00   3.9265307e+01   3.9133159e+01
   6.3250000e+00   3.9264921e+01   3.8767603e+01
   6.3300000e+00   3.9264178e+01   3.8912696e+01
   6.3350000e+00   3.9263071e+01   3.9218569e+01
   6.3400000e+00   3.9261593e+01   3.9444580e+01
   6.3450000e+00   3.9259739e+01   3.9718657e+01
   6.3500000e+00   3.9257504e+01   3.9487255e+01
   6.3550000e+00   3.9254884e+01   3.8971417e+01
   6.3600000e+00   3.9251876e+01   3.9360169e+01
   6.3650000e+00   3.9248478e+01   3.8876485e+01
   6.3700000e+00   3.9244689e+01   3.8899501e+01
   6.3750000e+00   3.9240508e+01   3.8891944e+01
   6.3800000e+00   3.9235935e+01   3.9270372e+01
   6.3850000e+00   3.9230974e+01   3.9353982e+01
   6.3900000e+00   3.9225626e+01   3.9403188e+01
   6.3950000e+00   3.9219895e+01   3.9448719e+01
   6.4000000e+00   3.9213785e+01   3.9901326e+01
   6.4050000e+00   3.9207301e+01   3.9176300e+01
   6.4100000e+00   3.9200450e+01   3.8890673e+01
   6.4150000e+00   3.9193240e+01   3.8725564e+01
   6.4200000e+00   3.9185677e+01   3.8954704e+01
   6.4250000e+00   3.9177772e+01   3.8952582e+01
   6.4300000e+00   3.9169533e+01   3.9356995e+01
   6.4350000e+00   3.9160972e+01   3.9483275e+01
   6.4400000e+00   3.9152100e+01   3.9467221e+01
   6.4450000e+00   3.9142930e+01   3.9248567e+01
   6.4500000e+00   3.9133475e+01   3.9414091e+01
   6.4550000e+00   3.9123750e+01   3.9152641e+01
   6.4600000e+00   3.9113768e+01   3.8759270e+01
   6.4650000e+00   3.9103546e+01   3.8525423e+01
   6.4700000e+00   3.9093101e+01   3.9183465e+01
   6.4750000e+00   3.9082448e+01   3.9291346e+01
   6.4800000e+00   3.9071606e+01   3.9454975e+01
   6.4850000e+00   3.9060592e+01   3.9358982e+01
   6.4900000e+00   3.9049426e+01   3.9655895e+01
   6.4950000e+00   3.9038128e+01   3.9493548e+01
   6.5000000e+00   3.9026716e+01   3.9077762e+01
   6.5050000e+00   3.9015213e+01   3.8805858e+01
   6.5100000e+00   3.9003637e+01   3.8557440e+01
   6.5150000e+00   3.8992012e+01   3.8570922e+01
   6.5200000e+00   3.8980358e+01   3.8545400e+01
   6.5250000e+00   3.8968696e+01   3.9373064e+01
   6.5300000e+00   3.8957050e+01   3.9367765e+01
   6.5350000e+00   3.8945440e+01   3.9357562e+01
   6.5400000e+00   3.8933889e+01   3.8886641e+01
   6.5450000e+00   3.8922418e+01   3.9289368e+01
   6.5500000e+00   3.8911051e+01   3.8773059e+01
   6.5550000e+00   3.8899807e+01   3.8678434e+01
   6.5600000e+00   3.8888710e+01   3.8760762e+01
   6.5650000e+00   3.8877781e+01   3.8765563e+01
   6.5700000e+00   3.8867041e+01   3.9101012e+01
   6.5750000e+00   3.8856510e+01   3.8707273e+01
   6.5800000e+00   3.8846211e+01   3.8675132e+01
   6.5850000e+00   3.8836163e+01   3.9025121e+01
   6.5900000e+00   3.8826387e+01   3.9100443e+01
   6.5950000e+00   3.8816900e+01   3.8615715e+01
   6.6000000e+00   3.8807724e+01   3.8516599e+01
   6.6050000e+00   3.8798875e+01   3.8405396e+01
   6.6100000e+00   3.8790371e+01   3.8606611e+01
   6.6150000e+00   3.8782230e+01   3.8503750e+01
   6.6200000e+00   3.8774468e+01   3.8764182e+01
   6.6250000e+00   3.8767101e+01   3.9045648e+01
   6.6300000e+00   3.8760143e+01   3.9196647e+01
   6.6350000e+00   3.8753609e+01   3.8881083e+01
   6.6400000e+00   3.8747512e+01   3.8762629e+01
   6.6450000e+00   3.8741864e+01   3.8449858e+01
   6.6500000e+00   3.8736677e+01   3.8161204e+01
   6.6550000e+00   3.8731962e+01   3.8481218e+01
   6.6600000e+00   3.8727728e+01   3.8440987e+01
   6.6650000e+00   3.8723983e+01   3.8759182e+01
   6.6700000e+00   3.8720735e+01   3.8907632e+01
   6.6750000e+00   3.8717991e+01   3.9380724e+01
   6.6800000e+00   3.8715757e+01   3.8933321e+01
   6.6850000e+00   3.8714038e+01   3.8897974e+01
   6.6900000e+00   3.8712836e+01   3.9028495e+01
   6.6950000e+00   3.8712155e+01   3.8727172e+01
   6.7000000e+00   3.8711996e+01   3.7905739e+01
   6.7050000e+00   3.8712359e+01   3.8568629e+01
   6.7100000e+00   3.8713243e+01   3.8841824e+01
   6.7150000e+00   3.8714647e+01   3.8781779e+01
   6.7200000e+00   3.8716568e+01   3.8903236e+01
   6.7250000e+00   3.8719002e+01   3.9131262e+01
   6.7300000e+00   3.8721944e+01   3.8801145e+01
   6.7350000e+00   3.8725388e+01   3.8966611e+01
   6.7400000e+00   3.8729327e+01   3.8377959e+01
   6.7450000e+00   3.8733753e+01   3.8417349e+01
   6.7500000e+00   3.8738656e+01   3.8534061e+01
   6.7550000e+00   3.8744027e+01   3.8560791e+01
   6.7600000e+00   3.8749855e+01   3.8193823e+01
   6.7650000e+00   3.8756128e+01   3.8865620e+01
   6.7700000e+00   3.8762834e+01   3.8945812e+01
   6.7750000e+00   3.8769961e+01   3.9029191e+01
   6.7800000e+00   3.8777492e+01   3.8976374e+01
   6.7850000e+00   3.8785415e+01   3.8677083e+01
   6.7900000e+00   3.8793712e+01   3.8536193e+01
   6.7950000e+00   3.8802369e+01   3.8355799e+01
   6.8000000e+00   3.8811367e+01   3.8394359e+01
   6.8050000e+00   3.8820690e+01   3.8783552e+01
   6.8100000e+00   3.8830320e+01   3.8843972e+01
   6.8150000e+00   3.8840238e+01   3.8948704e+01
   6.8200000e+00   3.8850424e+01   3.9132485e+01
   6.8250000e+00   3.8860859e+01   3.9300539e+01
   6.8300000e+00   3.8871524e+01   3.9153927e+01
   6.8350000e+00   3.8882398e+01   3.8941101e+01
   6.8400000e+00   3.8893461e+01   3.8745140e+01
   6.8450000e+00   3.8904691e+01   3.8470580e+01
   6.8500000e+00   3.8916069e+01   3.8844663e+01
   6.8550000e+00   3.8927571e+01   3.8361758e+01
   6.8600000e+00   3.8939178e+01   3.8993226e+01
   6.8650000e+00   3.8950868e+01   3.9288135e+01
   6.8700000e+00   3.8962619e+01   3.9514490e+01
   6.8750000e+00   3.8974410e+01   3.9187066e+01
   6.8800000e+00   3.8986219e+01   3.9010480e+01
   6.8850000e+00   3.8998027e+01   3.8915030e+01
   6.8900000e+00   3.9009811e+01   3.9004415e+01
   6.8950000e+00   3.9021551e+01   3.8555178e+01
   6.9000000e+00   3.9033228e+01   3.8812733e+01
   6.9050000e+00   3.9044820e+01   3.9131778e+01
   6.9100000e+00   3.9056308e+01   3.9383904e+01
   6.9150000e+00   3.9067674e+01   3.9453917e+01
   6.9200000e+00   3.9078897e+01   3.9534236e+01
   6.9250000e+00   3.9089960e+01   3.9001694e+01
   6.9300000e+00   3.9100845e+01   3.9000897e+01
   6.9350000e+00   3.9111533e+01   3.8748863e+01
   6.9400000e+00   3.9122009e+01   3.8963135e+01
   6.9450000e+00   3.9132257e+01   3.8879926e+01
   6.9500000e+00   3.9142259e+01   3.8777786e+01
   6.9550000e+00   3.9152003e+01   3.9376067e+01
   6.9600000e+00   3.9161472e+01   3.9478227e+01
   6.9650000e+00   3.9170655e+01   3.9621039e+01
   6.9700000e+00   3.9179537e+01   3.9306052e+01
   6.9750000e+00   3.9188108e+01   3.9051327e+01
   6.9800000e+00   3.9196357e+01   3.9164149e+01
   6.9850000e+00   3.9204273e+01   3.8892421e+01
   6.9900000e+00   3.9211848e+01   3.8800608e+01
   6.9950000e+00   3.9219072e+01   3.8762723e+01
   7.0000000e+00   3.9225938e+01   3.9042531e+01
   7.0050000e+00   3.9232441e+01   3.9642804e+01
   7.0100000e+00   3.9238573e+01   3.9581833e+01
   7.0150000e+00   3.9244331e+01   3.9507927e+01
   7.0200000e+00   3.9249711e+01   3.9183208e+01
   7.0250000e+00   3.9254709e+01   3.9346679e+01
   7.0300000e+00   3.9259324e+01   3.8757430e+01
   7.0350000e+00   3.9263555e+01   3.8953271e+01
   7.0400000e+00   3.9267401e+01   3.8840279e+01
   7.0450000e+00   3.9270863e+01   3.9150828e+01
   7.0500000e+00   3.9273943e+01   3.9260061e+01
   7.0550000e+00   3.9276644e+01   3.9257361e+01
   7.0600000e+00   3.9278969e+01   3.9438100e+01
   7.0650000e+00   3.9280924e+01   3.9327920e+01
   7.0700000e+00   3.9282512e+01   3.9863183e+01
   7.0750000e+00   3.9283741e+01   3.9304174e+01
   7.0800000e+00   3.9284616e+01   3.8803329e+01
   7.0850000e+00   3.9285147e+01   3.9250643e+01
   7.0900000e+00   3.9285340e+01   3.9422732e+01
   7.0950000e+00   3.9285206e+01   3.9175845e+01
   7.1000000e+00   3.9284754e+01   3.9335030e+01
   7.1050000e+00   3.9283995e+01   3.9114635e+01
   7.1100000e+00   3.9282940e+01   3.9548820e+01
   7.1150000e+00   3.9281601e+01   3.9344477e+01
   7.1200000e+00   3.9279989e+01   3.9571547e+01
   7.1250000e+00   3.9278119e+01   3.8868091e+01
   7.1300000e+00   3.9276002e+01   3.9112520e+01
   7.1350000e+00   3.9273652e+01   3.8632219e+01
   7.1400000e+00   3.9271085e+01   3.9050024e+01
   7.1450000e+00   3.9268313e+01   3.9277580e+01
   7.1500000e+00   3.9265352e+01   3.9596270e+01
   7.1550000e+00   3.9262217e+01   3.9596119e+01
   7.1600000e+00   3.9258922e+01   3.9166285e+01
   7.1650000e+00   3.9255485e+01   3.9242083e+01
   7.1700000e+00   3.9251919e+01   3.9133497e+01
   7.1750000e+00   3.9248242e+01   3.8633484e+01
   7.1800000e+00   3.9244470e+01   3.8685225e+01
   7.1850000e+00   3.9240619e+01   3.9218848e+01
   7.1900000e+00   3.9236705e+01   3.9317997e+01
   7.1950000e+00   3.9232744e+01   3.9646069e+01
   7.2000000e+00   3.9228754e+01   3.9427514e+01
   7.2050000e+00   3.9224749e+01   3.9143255e+01
   7.2100000e+00   3.9220748e+01   3.9357300e+01
   7.2150000e+00   3.9216765e+01   3.9115940e+01
   7.2200000e+00   3.9212816e+01   3.9039560e+01
   7.2250000e+00   3.9208918e+01   3.9069366e+01
   7.2300000e+00   3.9205086e+01   3.9043299e+01
   7.2350000e+00   3.9201335e+01   3.9308579e+01
   7.2400000e+00   3.9197680e+01   3.9307410e+01
   7.2450000e+00   3.9194137e+01   3.9477004e+01
   7.2500000e+00   3.9190719e+01   3.9657594e+01
   7.2550000e+00   3.9187440e+01   3.9646951e+01
   7.2600000e+00   3.9184316e+01   3.9212258e+01
   7.2650000e+00   3.9181358e+01   3.9210696e+01
   7.2700000e+00   3.9178581e+01   3.8728203e+01
   7.2750000e+00   3.9175997e+01   3.8760109e+01
   7.2800000e+00   3.9173619e+01   3.8999179e+01
   7.2850000e+00   3.9171458e+01   3.9155994e+01
   7.2900000e+00   3.9169525e+01   3.8866504e+01
   7.2950000e+00   3.9167833e+01   3.9796883e+01
   7.3000000e+00   3.9166390e+01   3.9670229e+01
   7.3050000e+00   3.9165208e+01   3.9506460e+01
   7.3100000e+00   3.9164296e+01   3.9138198e+01
   7.3150000e+00   3.9163663e+01   3.8951984e+01
   7.3200000e+00   3.9163317e+01   3.8606197e+01
   7.3250000e+00   3.9163266e+01   3.8902388e+01
   7.3300000e+00   3.9163516e+01   3.9117334e+01
   7.3350000e+00   3.9164075e+01   3.9343492e+01
   7.3400000e+00   3.9164947e+01   3.9291187e+01
   7.3450000e+00   3.9166137e+01   3.9509168e+01
   7.3500000e+00   3.9167651e+01   3.9473352e+01
   7.3550000e+00   3.9169491e+01   3.9244964e+01
   7.3600000e+00   3.9171661e+01   3.8634133e+01
   7.3650000e+00   3.9174163e+01   3.8992807e+01
   7.3700000e+00   3.9177000e+01   3.8907379e+01
   7.3750000e+00   3.9180172e+01   3.9029638e+01
   7.3800000e+00   3.9183681e+01   3.9040977e+01
   7.3850000e+00   3.9187525e+01   3.9519022e+01
   7.3900000e+00   3.9191705e+01   3.9441510e+01
   7.3950000e+00   3.9196219e+01   3.9337511e+01
   7.4000000e+00   3.9201066e+01   3.9219958e+01
   7.4050000e+00   3.9206242e+01   3.9449361e+01
   7.4100000e+00   3.9211744e+01   3.8861899e+01
   7.4150000e+00   3.9217570e+01   3.8722678e+01
   7.4200000e+00   3.9223714e+01   3.9070174e+01
   7.4250000e+00   3.9230172e+01   3.8826125e+01
   7.4300000e+00   3.9236939e+01   3.9250008e+01
   7.4350000e+00   3.9244008e+01   3.9451038e+01
   7.4400000e+00   3.9251374e+01   3.9439778e+01
   7.4450000e+00   3.9259028e+01   3.9741378e+01
   7.4500000e+00   3.9266965e+01   3.9410483e+01
   7.4550000e+00   3.9275175e+01   3.9310532e+01
   7.4600000e+00   3.9283650e+01   3.8821248e+01
   7.4650000e+00   3.9292380e+01   3.8869264e+01
   7.4700000e+00   3.9301357e+01   3.9222124e+01
   7.4750000e+00   3.9310570e+01   3.8961434e+01
   7.4800000e+00   3.9320010e+01   3.9434458e+01
   7.4850000e+00   3.9329664e+01   3.9644250e+01
   7.4900000e+00   3.9339524e+01   3.9784891e+01
   7.4950000e+00   3.9349576e+01   3.9634469e+01
   7.5000000e+00   3.9359810e+01   3.9130866e+01
   7.5050000e+00   3.9370213e+01   3.8793240e+01
   7.5100000e+00   3.9380774e+01   3.9117693e+01
   7.5150000e+00   3.9391479e+01   3.8981446e+01
   7.5200000e+00   3.9402315e+01   3.9263234e+01
   7.5250000e+00   3.9413270e+01   3.9684211e+01
   7.5300000e+00   3.9424330e+01   3.9668155e+01
   7.5350000e+00   3.9435480e+01   3.9818722e+01
   7.5400000e+00   3.9446707e+01   3.9978979e+01
   7.5450000e+00   3.9457996e+01   3.9761955e+01
   7.5500000e+00   3.9469334e+01   3.9491832e+01
   7.5550000e+00   3.9480705e+01   3.9025887e+01
   7.5600000e+00   3.9492095e+01   3.9112192e+01
   7.5650000e+00   3.9503490e+01   3.9132405e+01
   7.5700000e+00   3.9514874e+01   3.9532107e+01
   7.5750000e+00   3.9526232e+01   3.9835135e+01
   7.5800000e+00   3.9537551e+01   3.9590421e+01
   7.5850000e+00   3.9548815e+01   3.9835099e+01
   7.5900000e+00   3.9560010e+01   3.9831812e+01
   7.5950000e+00   3.9571121e+01   3.9642324e+01
   7.6000000e+00   3.9582133e+01   3.9390072e+01
   7.6050000e+00   3.9593031e+01   3.8911975e+01
   7.6100000e+00   3.9603801e+01   3.9217851e+01
   7.6150000e+00   3.9614429e+01   3.9587873e+01
   7.6200000e+00   3.9624901e+01   4.0061318e+01
   7.6250000e+00   3.9635202e+01   4.0032678e+01
   7.6300000e+00   3.9645319e+01   3.9681218e+01
   7.6350000e+00   3.9655239e+01   4.0036416e+01
   7.6400000e+00   3.9664948e+01   3.9999338e+01
   7.6450000e+00   3.9674434e+01   3.9686923e+01
   7.6500000e+00   3.9683683e+01   3.9210640e+01
   7.6550000e+00   3.9692685e+01   3.9236100e+01
   7.6600000e+00   3.9701426e+01   3.9502819e+01
   7.6650000e+00   3.9709896e+01   3.9897110e+01
   7.6700000e+00   3.9718083e+01   3.9851486e+01
   7.6750000e+00   3.9725977e+01   4.0035387e+01
   7.6800000e+00   3.9733569e+01   4.0305868e+01
   7.6850000e+00   3.9740848e+01   4.0201408e+01
   7.6900000e+00   3.9747807e+01   3.9841772e+01
   7.6950000e+00   3.9754438e+01   3.9326917e+01
   7.7000000e+00   3.9760733e+01   3.9323875e+01
   7.7050000e+00   3.9766684e+01   3.9562855e+01
   7.7100000e+00   3.9772286e+01   3.9776012e+01
   7.7150000e+00   3.9777532e+01   3.9917972e+01
   7.7200000e+00   3.9782417e+01   3.9934289e+01
   7.7250000e+00   3.9786937e+01   4.0181707e+01
   7.7300000e+00   3.9791087e+01   3.9824904e+01
   7.7350000e+00   3.9794865e+01   4.0098249e+01
   7.7400000e+00   3.9798266e+01   3.9596013e+01
   7.7450000e+00   3.9801290e+01   3.9877178e+01
   7.7500000e+00   3.9803934e+01   3.9368307e+01
   7.7550000e+00   3.9806198e+01   3.9458384e+01
   7.7600000e+00   3.9808081e+01   3.9631961e+01
   7.7650000e+00   3.9809583e+01   4.0349110e+01
   7.7700000e+00   3.9810704e+01   4.0214430e+01
   7.7750000e+00   3.9811446e+01   3.9848761e+01
   7.7800000e+00   3.9811811e+01   3.9791976e+01
   7.7850000e+00   3.9811801e+01   4.0063064e+01
   7.7900000e+00   3.9811419e+01   3.9676672e+01
   7.7950000e+00   3.9810668e+01   3.9614585e+01
   7.8000000e+00   3.9809554e+01   3.9241331e+01
   7.8050000e+00   3.9808081e+01   3.9474191e+01
   7.8100000e+00   3.9806253e+01   3.9895152e+01
   7.8150000e+00   3.9804078e+01   3.9684197e+01
   7.8200000e+00   3.9801560e+01   4.0147159e+01
   7.8250000e+00   3.9798708e+01   4.0200148e+01
   7.8300000e+00   3.9795528e+01   3.9747751e+01
   7.8350000e+00   3.9792027e+01   3.9648445e+01
   7.8400000e+00   3.9788213e+01   3.9750205e+01
   7.8450000e+00   3.9784095e+01   3.9725126e+01
   7.8500000e+00   3.9779680e+01   3.9287220e+01
   7.8550000e+00   3.9774977e+01   3.9753847e+01
   7.8600000e+00   3.9769995e+01   3.9927959e+01
   7.8650000e+00   3.9764743e+01   3.9846074e+01
   7.8700000e+00   3.9759229e+01   4.0293383e+01
   7.8750000e+00   3.9753465e+01   3.9896286e+01
   7.8800000e+00   3.9747458e+01   3.9915022e+01
   7.8850000e+00   3.9741220e+01   3.9314484e+01
   7.8900000e+00   3.9734759e+01   3.9405026e+01
   7.8950000e+00   3.9728086e+01   3.9529803e+01
   7.9000000e+00   3.9721211e+01   3.9612442e+01
   7.9050000e+00   3.9714143e+01   3.9625560e+01
   7.9100000e+00   3.9706893e+01   4.0037938e+01
   7.9150000e+00   3.9699471e+01   3.9892117e+01
   7.9200000e+00   3.9691886e+01   3.9784975e+01
   7.9250000e+00   3.9684148e+01   3.9905992e+01
   7.9300000e+00   3.9676267e+01   3.9758212e+01
   7.9350000e+00   3.9668252e+01   3.9489896e+01
   7.9400000e+00   3.9660112e+01   3.9117356e+01
   7.9450000e+00   3.9651857e+01   3.9481622e+01
   7.9500000e+00   3.9643495e+01   3.9565793e+01
   7.9550000e+00   3.9635035e+01   3.9759388e+01
   7.9600000e+00   3.9626487e+01   3.9864250e+01
   7.9650000e+00   3.9617858e+01   3.9914574e+01
   7.9700000e+00   3.9609157e+01   4.0065288e+01
   7.9750000e+00   3.9600390e+01   3.9547392e+01
   7.9800000e+00   3.9591566e+01   3.9271592e+01
   7.9850000e+00   3.9582691e+01   3.9295973e+01
   7.9900000e+00   3.9573772e+01   3.9336004e+01
   7.9950000e+00   3.9564814e+01   3.9314109e+01
   8.0000000e+00   3.9555824e+01   3.9874901e+01
   8.0050000e+00   3.9546807e+01   3.9943499e+01
   8.0100000e+00   3.9537768e+01   4.0112524e+01
   8.0150000e+00   3.9528711e+01   4.0079752e+01
   8.0200000e+00   3.9519642e+01   3.9637497e+01
   8.0250000e+00   3.9510563e+01   3.8901933e+01
   8.0300000e+00   3.9501478e+01   3.9497834e+01
   8.0350000e+00   3.9492390e+01   3.9041727e+01
   8.0400000e+00   3.9483303e+01   3.9578987e+01
   8.0450000e+00   3.9474218e+01   3.9412930e+01
   8.0500000e+00   3.9465138e+01   3.9349593e+01
   8.0550000e+00   3.9456063e+01   3.9482705e+01
   8.0600000e+00   3.9446998e+01   3.9685703e+01
   8.0650000e+00   3.9437941e+01   3.9671882e+01
   8.0700000e+00   3.9428895e+01   3.9596344e+01
   8.0750000e+00   3.9419861e+01   3.9075326e+01
   8.0800000e+00   3.9410839e+01   3.9375888e+01
   8.0850000e+00   3.9401829e+01   3.9242063e+01
   8.0900000e+00   3.9392833e+01   3.9091406e+01
   8.0950000e+00   3.9383850e+01   3.8955455e+01
   8.1000000e+00   3.9374881e+01   3.9566206e+01
   8.1050000e+00   3.9365924e+01   3.9754767e+01
   8.1100000e+00   3.9356982e+01   3.9844900e+01
   8.1150000e+00   3.9348053e+01   3.9421237e+01
   8.1200000e+00   3.9339139e+01   3.9138027e+01
   8.1250000e+00   3.9330239e+01   3.9221018e+01
   8.1300000e+00   3.9321353e+01   3.9154075e+01
   8.1350000e+00   3.9312483e+01   3.8920171e+01
   8.1400000e+00   3.9303628e+01   3.9267513e+01
   8.1450000e+00   3.9294788e+01   3.9366323e+01
   8.1500000e+00   3.9285965e+01   3.9588366e+01
   8.1550000e+00   3.9277159e+01   3.9637519e+01
   8.1600000e+00   3.9268370e+01   3.9356440e+01
   8.1650000e+00   3.9259601e+01   3.9145644e+01
   8.1700000e+00   3.9250853e+01   3.9129763e+01
   8.1750000e+00   3.9242126e+01   3.9008611e+01
   8.1800000e+00   3.9233423e+01   3.8641731e+01
   8.1850000e+00   3.9224747e+01   3.9116849e+01
   8.1900000e+00   3.9216100e+01   3.9023174e+01
   8.1950000e+00   3.9207485e+01   3.9638095e+01
   8.2000000e+00   3.9198906e+01   3.9486132e+01
   8.2050000e+00   3.9190367e+01   3.9405347e+01
   8.2100000e+00   3.9181872e+01   3.9556973e+01
   8.2150000e+00   3.9173426e+01   3.9099391e+01
   8.2200000e+00   3.9165034e+01   3.8932336e+01
   8.2250000e+00   3.9156703e+01   3.8437434e+01
   8.2300000e+00   3.9148438e+01   3.8545959e+01
   8.2350000e+00   3.9140246e+01   3.9089680e+01
   8.2400000e+00   3.9132134e+01   3.9062540e+01
   8.2450000e+00   3.9124109e+01   3.9448000e+01
   8.2500000e+00   3.9116179e+01   3.9552549e+01
   8.2550000e+00   3.9108352e+01   3.9018010e+01
   8.2600000e+00   3.9100637e+01   3.9332175e+01
   8.2650000e+00   3.9093042e+01   3.9072020e+01
   8.2700000e+00   3.9085578e+01   3.8683089e+01
   8.2750000e+00   3.9078254e+01   3.8893857e+01
   8.2800000e+00   3.9071080e+01   3.8596799e+01
   8.2850000e+00   3.9064065e+01   3.9291372e+01
   8.2900000e+00   3.9057221e+01   3.9203994e+01
   8.2950000e+00   3.9050558e+01   3.8998070e+01
   8.3000000e+00   3.9044088e+01   3.9095825e+01
   8.3050000e+00   3.9037820e+01   3.9111321e+01
   8.3100000e+00   3.9031766e+01   3.9083655e+01
   8.3150000e+00   3.9025938e+01   3.8556571e+01
   8.3200000e+00   3.9020346e+01   3.8604291e+01
   8.3250000e+00   3.9015004e+01   3.8861370e+01
   8.3300000e+00   3.9009921e+01   3.8738291e+01
   8.3350000e+00   3.9005112e+01   3.8916236e+01
   8.3400000e+00   3.9000587e+01   3.9503686e+01
   8.3450000e+00   3.8996358e+01   3.9242554e+01
   8.3500000e+00   3.8992438e+01   3.9314673e+01
   8.3550000e+00   3.8988839e+01   3.9139816e+01
   8.3600000e+00   3.8985571e+01   3.8915286e+01
   8.3650000e+00   3.8982648e+01   3.8601246e+01
   8.3700000e+00   3.8980079e+01   3.8537239e+01
   8.3750000e+00   3.8977877e+01   3.8537048e+01
   8.3800000e+00   3.8976051e+01   3.9260561e+01
   8.3850000e+00   3.8974612e+01   3.9134269e+01
   8.3900000e+00   3.8973570e+01   3.9062859e+01
   8.3950000e+00   3.8972932e+01   3.9538877e+01
   8.4000000e+00   3.8972709e+01   3.9297492e+01
   8.4050000e+00   3.8972908e+01   3.8756606e+01
   8.4100000e+00   3.8973536e+01   3.8426129e+01
   8.4150000e+00   3.8974600e+01   3.8716651e+01
   8.4200000e+00   3.8976107e+01   3.8716623e+01
   8.4250000e+00   3.8978060e+01   3.8862251e+01
   8.4300000e+00   3.8980466e+01   3.8613907e+01
   8.4350000e+00   3.8983328e+01   3.9355920e+01
   8.4400000e+00   3.8986649e+01   3.9430750e+01
   8.4450000e+00   3.8990432e+01   3.9516361e+01
   8.4500000e+00   3.8994677e+01   3.9157356e+01
   8.4550000e+00   3.8999387e+01   3.8708565e+01
   8.4600000e+00   3.9004560e+01   3.8533081e+01
   8.4650000e+00   3.9010196e+01   3.8377490e+01
   8.4700000e+00   3.9016293e+01   3.9080189e+01
   8.4750000e+00   3.9022847e+01   3.8882442e+01
   8.4800000e+00   3.9029855e+01   3.9037902e+01
   8.4850000e+00   3.9037312e+01   3.9042616e+01
   8.4900000e+00   3.9045212e+01   3.9635615e+01
   8.4950000e+00   3.9053550e+01   3.9441589e+01
   8.5000000e+00   3.9062318e+01   3.8929025e+01
   8.5050000e+00   3.9071508e+01   3.9048125e+01
   8.5100000e+00   3.9081110e+01   3.8624572e+01
   8.5150000e+00   3.9091115e+01   3.8657855e+01
   8.5200000e+00   3.9101513e+01   3.8854021e+01
   8.5250000e+00   3.9112291e+01   3.8905585e+01
   8.5300000e+00   3.9123437e+01   3.9202191e+01
   8.5350000e+00   3.9134939e+01   3.9482079e+01
   8.5400000e+00   3.9146782e+01   3.9368210e+01
   8.5450000e+00   3.9158951e+01   3.9225374e+01
   8.5500000e+00   3.9171431e+01   3.9149048e+01
   8.5550000e+00   3.9184206e+01   3.9037176e+01
   8.5600000e+00   3.9197259e+01   3.8929705e+01
   8.5650000e+00   3.9210571e+01   3.8767596e+01
   8.5700000e+00   3.9224125e+01   3.9327370e+01
   8.5750000e+00   3.9237902e+01   3.9514225e+01
   8.5800000e+00   3.9251883e+01   3.9617094e+01
   8.5850000e+00   3.9266048e+01   4.0045038e+01
   8.5900000e+00   3.9280377e+01   4.0013889e+01
   8.5950000e+00   3.9294848e+01   3.9592336e+01
   8.6000000e+00   3.9309441e+01   3.8877525e+01
   8.6050000e+00   3.9324135e+01   3.9089387e+01
   8.6100000e+00   3.9338908e+01   3.9201983e+01
   8.6150000e+00   3.9353737e+01   3.9352145e+01
   8.6200000e+00   3.9368601e+01   3.9392915e+01
   8.6250000e+00   3.9383477e+01   4.0131932e+01
   8.6300000e+00   3.9398344e+01   3.9574744e+01
   8.6350000e+00   3.9413179e+01   3.9664505e+01
   8.6400000e+00   3.9427960e+01   3.9342773e+01
   8.6450000e+00   3.9442664e+01   3.9208100e+01
   8.6500000e+00   3.9457270e+01   3.9100483e+01
   8.6550000e+00   3.9471755e+01   3.9041841e+01
   8.6600000e+00   3.9486098e+01   3.9413093e+01
   8.6650000e+00   3.9500279e+01   3.9411976e+01
   8.6700000e+00   3.9514274e+01   3.9680785e+01
   8.6750000e+00   3.9528065e+01   3.9840195e+01
   8.6800000e+00   3.9541629e+01   4.0175646e+01
   8.6850000e+00   3.9554947e+01   4.0013452e+01
   8.6900000e+00   3.9567999e+01   3.9374766e+01
   8.6950000e+00   3.9580764e+01   3.9491006e+01
   8.7000000e+00   3.9593224e+01   3.9419766e+01
   8.7050000e+00   3.9605359e+01   3.9179805e+01
   8.7100000e+00   3.9617153e+01   3.9205506e+01
   8.7150000e+00   3.9628587e+01   3.9640716e+01
   8.7200000e+00   3.9639645e+01   3.9837299e+01
   8.7250000e+00   3.9650309e+01   3.9983755e+01
   8.7300000e+00   3.9660565e+01   3.9947929e+01
   8.7350000e+00   3.9670399e+01   3.9725768e+01
   8.7400000e+00   3.9679797e+01   3.9253094e+01
   8.7450000e+00   3.9688745e+01   3.9239526e+01
   8.7500000e+00   3.9697232e+01   3.9260291e+01
   8.7550000e+00   3.9705247e+01   3.9290658e+01
   8.7600000e+00   3.9712779e+01   3.9321661e+01
   8.7650000e+00   3.9719818e+01   3.9810696e+01
   8.7700000e+00   3.9726357e+01   4.0554906e+01
   8.7750000e+00   3.9732387e+01   4.0158495e+01
   8.7800000e+00   3.9737901e+01   3.9807749e+01
   8.7850000e+00   3.9742893e+01   3.9701288e+01
   8.7900000e+00   3.9747357e+01   3.9716813e+01
   8.7950000e+00   3.9751289e+01   3.9522350e+01
   8.8000000e+00   3.9754685e+01   3.9589008e+01
   8.8050000e+00   3.9757542e+01   3.9964112e+01
   8.8100000e+00   3.9759859e+01   3.9535004e+01
   8.8150000e+00   3.9761634e+01   4.0021471e+01
   8.8200000e+00   3.9762866e+01   3.9991959e+01
   8.8250000e+00   3.9763557e+01   4.0014588e+01
   8.8300000e+00   3.9763708e+01   3.9787427e+01
   8.8350000e+00   3.9763321e+01   3.9560950e+01
   8.8400000e+00   3.9762399e+01   3.9384775e+01
   8.8450000e+00   3.9760947e+01   3.8953900e+01
   8.8500000e+00   3.9758969e+01   3.9383883e+01
   8.8550000e+00   3.9756470e+01   3.9446389e+01
   8.8600000e+00   3.9753456e+01   3.9904942e+01
   8.8650000e+00   3.9749936e+01   4.0087382e+01
   8.8700000e+00   3.9745916e+01   4.0193423e+01
   8.8750000e+00   3.9741404e+01   3.9994002e+01
   8.8800000e+00   3.9736411e+01   3.9694494e+01
   8.8850000e+00   3.9730945e+01   3.9535554e+01
   8.8900000e+00   3.9725018e+01   3.9289022e+01
   8.8950000e+00   3.9718641e+01   3.9497434e+01
   8.9000000e+00   3.9711825e+01   3.9737313e+01
   8.9050000e+00   3.9704583e+01   3.9563762e+01
   8.9100000e+00   3.9696929e+01   3.9900022e+01
   8.9150000e+00   3.9688876e+01   3.9925851e+01
   8.9200000e+00   3.9680439e+01   3.9951340e+01
   8.9250000e+00   3.9671633e+01   3.9769501e+01
   8.9300000e+00   3.9662475e+01   3.9927496e+01
   8.9350000e+00   3.9652978e+01   3.9583658e+01
   8.9400000e+00   3.9643161e+01   3.9130395e+01
   8.9450000e+00   3.9633041e+01   3.9594900e+01
   8.9500000e+00   3.9622636e+01   3.9625686e+01
   8.9550000e+00   3.9611962e+01   3.9537570e+01
   8.9600000e+00   3.9601041e+01   4.0111213e+01
   8.9650000e+00   3.9589889e+01   3.9578674e+01
   8.9700000e+00   3.9578528e+01   3.9878901e+01
   8.9750000e+00   3.9566975e+01   3.9976135e+01
   8.9800000e+00   3.9555252e+01   3.9119932e+01
   8.9850000e+00   3.9543378e+01   3.9065683e+01
   8.9900000e+00   3.9531373e+01   3.8953225e+01
   8.9950000e+00   3.9519259e+01   3.9358248e+01
   9.0000000e+00   3.9507055e+01   3.9167538e+01
   9.0050000e+00   3.9494784e+01   3.9691472e+01
   9.0100000e+00   3.9482466e+01   3.9522592e+01
   9.0150000e+00   3.9470121e+01   3.9792198e+01
   9.0200000e+00   3.9457771e+01   3.9623581e+01
   9.0250000e+00   3.9445438e+01   3.9454543e+01
   9.0300000e+00   3.9433142e+01   3.9207456e+01
   9.0350000e+00   3.9420904e+01   3.8790178e+01
   9.0400000e+00   3.9408746e+01   3.9216474e+01
   9.0450000e+00   3.9396688e+01   3.9451997e+01
   9.0500000e+00   3.9384752e+01   3.9494342e+01
   9.0550000e+00   3.9372957e+01   4.0001670e+01
   9.0600000e+00   3.9361326e+01   3.9483002e+01
   9.0650000e+00   3.9349877e+01   3.9942590e+01
   9.0700000e+00   3.9338631e+01   3.9424295e+01
   9.0750000e+00   3.9327606e+01   3.8918506e+01
   9.0800000e+00   3.9316823e+01   3.8985799e+01
   9.0850000e+00   3.9306300e+01   3.8833140e+01
   9.0900000e+00   3.9296054e+01   3.9099530e+01
   9.0950000e+00   3.9286103e+01   3.9549417e+01
   9.1000000e+00   3.9276464e+01   3.9441298e+01
   9.1050000e+00   3.9267153e+01   3.9140565e+01
   9.1100000e+00   3.9258187e+01   3.9702300e+01
   9.1150000e+00   3.9249580e+01   3.9347374e+01
   9.1200000e+00   3.9241347e+01   3.9251318e+01
   9.1250000e+00   3.9233503e+01   3.8984542e+01
   9.1300000e+00   3.9226060e+01   3.9022359e+01
   9.1350000e+00   3.9219031e+01   3.9077961e+01
   9.1400000e+00   3.9212429e+01   3.9031875e+01
   9.1450000e+00   3.9206263e+01   3.9314653e+01
   9.1500000e+00   3.9200546e+01   3.9501455e+01
   9.1550000e+00   3.9195285e+01   3.9548172e+01
   9.1600000e+00   3.9190490e+01   3.9644580e+01
   9.1650000e+00   3.9186168e+01   3.9387571e+01
   9.1700000e+00   3.9182327e+01   3.8929988e+01
   9.1750000e+00   3.9178971e+01   3.8846547e+01
   9.1800000e+00   3.9176107e+01   3.8839837e+01
   9.1850000e+00   3.9173737e+01   3.8825135e+01
   9.1900000e+00   3.9171865e+01   3.9300342e+01
   9.1950000e+00   3.9170491e+01   3.9124364e+01
   9.2000000e+00   3.9169617e+01   3.9497617e+01
   9.2050000e+00   3.9169243e+01   3.9324485e+01
   9.2100000e+00   3.9169366e+01   3.9383651e+01
   9.2150000e+00   3.9169985e+01   3.9099301e+01
   9.2200000e+00   3.9171096e+01   3.8690950e+01
   9.2250000e+00   3.9172694e+01   3.8845915e+01
   9.2300000e+00   3.9174775e+01   3.8747614e+01
   9.2350000e+00   3.9177331e+01   3.9070168e+01
   9.2400000e+00   3.9180355e+01   3.9431063e+01
   9.2450000e+00   3.9183838e+01   3.9669476e+01
   9.2500000e+00   3.9187771e+01   3.9544948e+01
   9.2550000e+00   3.9192143e+01   3.9494448e+01
   9.2600000e+00   3.9196943e+01   3.9350875e+01
   9.2650000e+00   3.9202158e+01   3.9101337e+01
   9.2700000e+00   3.9207774e+01   3.9203026e+01
   9.2750000e+00   3.9213777e+01   3.8883087e+01
   9.2800000e+00   3.9220151e+01   3.9330688e+01
   9.2850000e+00   3.9226880e+01   3.9180235e+01
   9.2900000e+00   3.9233947e+01   3.9358547e+01
   9.2950000e+00   3.9241334e+01   3.9286211e+01
   9.3000000e+00   3.9249022e+01   3.9706639e+01
   9.3050000e+00   3.9256992e+01   3.9437366e+01
   9.3100000e+00   3.9265222e+01   3.9352511e+01
   9.3150000e+00   3.9273693e+01   3.8878357e+01
   9.3200000e+00   3.9282383e+01   3.9260087e+01
   9.3250000e+00   3.9291270e+01   3.9148128e+01
   9.3300000e+00   3.9300333e+01   3.9228838e+01
   9.3350000e+00   3.9309548e+01   3.9308027e+01
   9.3400000e+00   3.9318892e+01   3.9671633e+01
   9.3450000e+00   3.9328342e+01   3.9643463e+01
   9.3500000e+00   3.9337876e+01   3.9873229e+01
   9.3550000e+00   3.9347467e+01   3.9201028e+01
   9.3600000e+00   3.9357092e+01   3.9217443e+01
   9.3650000e+00   3.9366728e+01   3.9348566e+01
   9.3700000e+00   3.9376348e+01   3.9447287e+01
   9.3750000e+00   3.9385931e+01   3.9170064e+01
   9.3800000e+00   3.9395450e+01   3.9442705e+01
   9.3850000e+00   3.9404882e+01   3.9627349e+01
   9.3900000e+00   3.9414204e+01   3.9486680e+01
   9.3950000e+00   3.9423391e+01   3.9612983e+01
   9.4000000e+00   3.9432420e+01   3.9651116e+01
   9.4050000e+00   3.9441269e+01   3.9322365e+01
   9.4100000e+00   3.9449915e+01   3.9229767e+01
   9.4150000e+00   3.9458336e+01   3.9248847e+01
   9.4200000e+00   3.9466510e+01   3.9322042e+01
   9.4250000e+00   3.9474416e+01   3.9050956e+01
   9.4300000e+00   3.9482035e+01   3.9454962e+01
   9.4350000e+00   3.9489346e+01   3.9697074e+01
   9.4400000e+00   3.9496332e+01   4.0115106e+01
   9.4450000e+00   3.9502974e+01   3.9865378e+01
   9.4500000e+00   3.9509254e+01   3.9416385e+01
   9.4550000e+00   3.9515158e+01   3.9277468e+01
   9.4600000e+00   3.9520670e+01   3.9078830e+01
   9.4650000e+00   3.9525775e+01   3.9098604e+01
   9.4700000e+00   3.9530461e+01   3.9462779e+01
   9.4750000e+00   3.9534714e+01   3.9511977e+01
   9.4800000e+00   3.9538524e+01   3.9606201e+01
   9.4850000e+00   3.9541880e+01   3.9991181e+01
   9.4900000e+00   3.9544774e+01   4.0011587e+01
   9.4950000e+00   3.9547198e+01   3.9285879e+01
   9.5000000e+00   3.9549145e+01   3.9503636e+01
   9.5050000e+00   3.9550611e+01   3.9784708e+01
   9.5100000e+00   3.9551591e+01   3.9291000e+01
   9.5150000e+00   3.9552083e+01   3.9066611e+01
   9.5200000e+00   3.9552085e+01   3.9317490e+01
   9.5250000e+00   3.9551598e+01   3.9818791e+01
   9.5300000e+00   3.9550621e+01   3.9734252e+01
   9.5350000e+00   3.9549158e+01   4.0016889e+01
   9.5400000e+00   3.9547212e+01   3.9817987e+01
   9.5450000e+00   3.9544789e+01   3.9660322e+01
   9.5500000e+00   3.9541896e+01   3.9373622e+01
   9.5550000e+00   3.9538540e+01   3.9178650e+01
   9.5600000e+00   3.9534731e+01   3.9165587e+01
   9.5650000e+00   3.9530479e+01   3.9419445e+01
   9.5700000e+00   3.9525796e+01   3.9660520e+01
   9.5750000e+00   3.9520694e+01   3.9533072e+01
   9.5800000e+00   3.9515187e+01   3.9811582e+01
   9.5850000e+00   3.9509290e+01   3.9766862e+01
   9.5900000e+00   3.9503020e+01   3.9553967e+01
   9.5950000e+00   3.9496392e+01   3.9817046e+01
   9.6000000e+00   3.9489426e+01   3.9316602e+01
   9.6050000e+00   3.9482139e+01   3.9128248e+01
   9.6100000e+00   3.9474553e+01   3.9554132e+01
   9.6150000e+00   3.9466688e+01   3.9345048e+01
   9.6200000e+00   3.9458565e+01   3.9499543e+01
   9.6250000e+00   3.9450209e+01   3.9656999e+01
   9.6300000e+00   3.9441641e+01   3.9738507e+01
   9.6350000e+00   3.9432888e+01   3.9520880e+01
   9.6400000e+00   3.9423972e+01   3.9603458e+01
   9.6450000e+00   3.9414920e+01   3.9686282e+01
   9.6500000e+00   3.9405758e+01   3.8632984e+01
   9.6550000e+00   3.9396513e+01   3.9259746e+01
   9.6600000e+00   3.9387210e+01   3.9283791e+01
   9.6650000e+00   3.9377879e+01   3.9564599e+01
   9.6700000e+00   3.9368544e+01   3.9596047e+01
   9.6750000e+00   3.9359236e+01   3.9714848e+01
   9.6800000e+00   3.9349980e+01   3.9873990e+01
   9.6850000e+00   3.9340805e+01   3.9415065e+01
   9.6900000e+00   3.9331737e+01   3.8747169e+01
   9.6950000e+00   3.9322805e+01   3.9153763e+01
   9.7000000e+00   3.9314036e+01   3.8884127e+01
   9.7050000e+00   3.9305456e+01   3.9212837e+01
   9.7100000e+00   3.9297094e+01   3.8759527e+01
   9.7150000e+00   3.9288976e+01   3.9081804e+01
   9.7200000e+00   3.9281128e+01   3.9514666e+01
   9.7250000e+00   3.9273575e+01   3.9680653e+01
   9.7300000e+00   3.9266344e+01   3.9738605e+01
   9.7350000e+00   3.9259458e+01   3.9490598e+01
   9.7400000e+00   3.9252942e+01   3.9346897e+01
   9.7450000e+00   3.9246817e+01   3.8981130e+01
   9.7500000e+00   3.9241107e+01   3.8886307e+01
   9.7550000e+00   3.9235833e+01   3.9121799e+01
   9.7600000e+00   3.9231014e+01   3.9084315e+01
   9.7650000e+00   3.9226671e+01   3.8998438e+01
   9.7700000e+00   3.9222821e+01   3.9919133e+01
   9.7750000e+00   3.9219483e+01   3.9754061e+01
   9.7800000e+00   3.9216672e+01   3.9510053e+01
   9.7850000e+00   3.9214402e+01   3.9174139e+01
   9.7900000e+00   3.9212690e+01   3.9075719e+01
   9.7950000e+00   3.9211545e+01   3.9083486e+01
   9.8000000e+00   3.9210981e+01   3.9103855e+01
   9.8050000e+00   3.9211006e+01   3.9229620e+01
   9.8100000e+00   3.9211629e+01   3.9042691e+01
   9.8150000e+00   3.9212857e+01   3.9567694e+01
   9.8200000e+00   3.9214696e+01   3.9456711e+01
   9.8250000e+00   3.9217151e+01   3.9396415e+01
   9.8300000e+00   3.9220223e+01   3.9002483e+01
   9.8350000e+00   3.9223916e+01   3.9273404e+01
   9.8400000e+00   3.9228228e+01   3.9212290e+01
   9.8450000e+00   3.9233157e+01   3.8446421e+01
   9.8500000e+00   3.9238703e+01   3.8723074e+01
   9.8550000e+00   3.9244858e+01   3.9531553e+01
   9.8600000e+00   3.9251618e+01   3.9286709e+01
   9.8650000e+00   3.9258974e+01   3.9813226e+01
   9.8700000e+00   3.9266919e+01   3.9492787e+01
   9.8750000e+00   3.9275441e+01   3.9759679e+01
   9.8800000e+00   3.9284529e+01   3.9212506e+01
   9.8850000e+00   3.9294170e+01   3.9228130e+01
   9.8900000e+00   3.9304350e+01   3.8762041e+01
   9.8950000e+00   3.9315053e+01   3.8755690e+01
   9.9000000e+00   3.9326262e+01   3.9294454e+01
   9.9050000e+00   3.9337957e+01   3.9315752e+01
   9.9100000e+00   3.9350120e+01   3.9606753e+01
   9.9150000e+00   3.9362730e+01   3.9815089e+01
   9.9200000e+00   3.9375764e+01   4.0080236e+01
   9.9250000e+00   3.9389201e+01   3.9378441e+01
   9.9300000e+00   3.9403015e+01   3.9052856e+01
   9.9350000e+00   3.9417184e+01   3.9015079e+01
   9.9400000e+00   3.9431680e+01   3.9347421e+01
   9.9450000e+00   3.9446479e+01   3.8938054e+01
   9.9500000e+00   3.9461553e+01   3.9374179e+01
   9.9550000e+00   3.9476874e+01   3.9786069e+01
   9.9600000e+00   3.9492414e+01   4.0243861e+01
   9.9650000e+00   3.9508144e+01   3.9925615e+01
   9.9700000e+00   3.9524035e+01   3.9655114e+01
   9.9750000e+00   3.9540056e+01   3.9653709e+01
   9.9800000e+00   3.9556178e+01   3.9427886e+01
   9.9850000e+00   3.9572369e+01   3.9653521e+01
   9.9900000e+00   3.9588599e+01   3.8936806e+01
   9.9950000e+00   3.9604836e+01   3.9680873e+01
   1.0000000e+01   3.9621051e+01   3.9906893e+01
   1.0005000e+01   3.9637211e+01   4.0069275e+01
   1.0010000e+01   3.9653285e+01   4.0059002e+01
   1.0015000e+01   3.9669244e+01   4.0195229e+01
   1.0020000e+01   3.9685055e+01   3.9486135e+01
   1.0025000e+01   3.9700690e+01   3.9510668e+01
   1.0030000e+01   3.9716118e+01   3.9681718e+01
   1.0035000e+01   3.9731311e+01   3.9649156e+01
   1.0040000e+01   3.9746239e+01   3.9257273e+01
   1.0045000e+01   3.9760874e+01   3.9792576e+01
   1.0050000e+01   3.9775190e+01   3.9770597e+01
   1.0055000e+01   3.9789159e+01   3.9755777e+01
   1.0060000e+01   3.9802755e+01   4.0483884e+01
   1.0065000e+01   3.9815953e+01   4.0001736e+01
   1.0070000e+01   3.9828730e+01   4.0061368e+01
   1.0075000e+01   3.9841061e+01   3.9317752e+01
   1.0080000e+01   3.9852925e+01   3.9563801e+01
   1.0085000e+01   3.9864301e+01   3.9949659e+01
   1.0090000e+01   3.9875169e+01   3.9680286e+01
   1.0095000e+01   3.9885509e+01   4.0119558e+01
   1.0100000e+01   3.9895304e+01   3.9971035e+01
   1.0105000e+01   3.9904538e+01   4.0437347e+01
   1.0110000e+01   3.9913196e+01   4.0171640e+01
   1.0115000e+01   3.9921263e+01   4.0247449e+01
   1.0120000e+01   3.9928728e+01   3.9863522e+01
   1.0125000e+01   3.9935579e+01   3.9762970e+01
   1.0130000e+01   3.9941806e+01   3.9716510e+01
   1.0135000e+01   3.9947399e+01   3.9489986e+01
   1.0140000e+01   3.9952353e+01   3.9852172e+01
   1.0145000e+01   3.9956662e+01   3.9939584e+01
   1.0150000e+01   3.9960320e+01   4.0428907e+01
   1.0155000e+01   3.9963325e+01   4.0328567e+01
   1.0160000e+01   3.9965676e+01   4.0291760e+01
   1.0165000e+01   3.9967373e+01   4.0198670e+01
   1.0170000e+01   3.9968415e+01   3.9982317e+01
   1.0175000e+01   3.9968808e+01   3.9741622e+01
   1.0180000e+01   3.9968553e+01   3.9774481e+01
   1.0185000e+01   3.9967658e+01   3.9583843e+01
   1.0190000e+01   3.9966127e+01   4.0356634e+01
   1.0195000e+01   3.9963970e+01   4.0504663e+01
   1.0200000e+01   3.9961195e+01   4.0791337e+01
   1.0205000e+01   3.9957814e+01   3.9965171e+01
   1.0210000e+01   3.9953836e+01   4.0190712e+01
   1.0215000e+01   3.9949277e+01   3.9851737e+01
   1.0220000e+01   3.9944149e+01   3.9552846e+01
   1.0225000e+01   3.9938469e+01   3.9882374e+01
   1.0230000e+01   3.9932251e+01   3.9693357e+01
   1.0235000e+01   3.9925513e+01   3.9377803e+01
   1.0240000e+01   3.9918273e+01   4.0147202e+01
   1.0245000e+01   3.9910548e+01   3.9981040e+01
   1.0250000e+01   3.9902361e+01   4.0559410e+01
   1.0255000e+01   3.9893729e+01   3.9911341e+01
   1.0260000e+01   3.9884676e+01   4.0035975e+01
   1.0265000e+01   3.9875222e+01   3.9712699e+01
   1.0270000e+01   3.9865391e+01   3.9517991e+01
   1.0275000e+01   3.9855205e+01   3.9626956e+01
   1.0280000e+01   3.9844687e+01   3.9416931e+01
   1.0285000e+01   3.9833862e+01   3.9816562e+01
   1.0290000e+01   3.9822752e+01   4.0406286e+01
   1.0295000e+01   3.9811382e+01   4.0280053e+01
   1.0300000e+01   3.9799777e+01   4.0023697e+01
   1.0305000e+01   3.9787961e+01   3.9910902e+01
   1.0310000e+01   3.9775959e+01   3.9952514e+01
   1.0315000e+01   3.9763795e+01   3.9498362e+01
   1.0320000e+01   3.9751495e+01   3.9712232e+01
   1.0325000e+01   3.9739082e+01   3.9576611e+01
   1.0330000e+01   3.9726580e+01   3.9518200e+01
   1.0335000e+01   3.9714015e+01   3.9984872e+01
   1.0340000e+01   3.9701411e+01   3.9671361e+01
   1.0345000e+01   3.9688789e+01   4.0315154e+01
   1.0350000e+01   3.9676175e+01   3.9894614e+01
   1.0355000e+01   3.9663590e+01   3.9835608e+01
   1.0360000e+01   3.9651057e+01   3.9410923e+01
   1.0365000e+01   3.9638599e+01   3.9396058e+01
   1.0370000e+01   3.9626236e+01   3.9636063e+01
   1.0375000e+01   3.9613989e+01   3.9277996e+01
   1.0380000e+01   3.9601879e+01   3.9608183e+01
   1.0385000e+01   3.9589925e+01   3.9612372e+01
   1.0390000e+01   3.9578147e+01   3.9871266e+01
   1.0395000e+01   3.9566561e+01   3.9945309e+01
   1.0400000e+01   3.9555186e+01   3.9780314e+01
   1.0405000e+01   3.9544038e+01   3.9778455e+01
   1.0410000e+01   3.9533132e+01   3.9568168e+01
   1.0415000e+01   3.9522485e+01   3.9368019e+01
   1.0420000e+01   3.9512110e+01   3.9183023e+01
   1.0425000e+01   3.9502020e+01   3.9309617e+01
   1.0430000e+01   3.9492229e+01   3.9847520e+01
   1.0435000e+01   3.9482746e+01   3.9589667e+01
   1.0440000e+01   3.9473585e+01   3.9900916e+01
   1.0445000e+01   3.9464753e+01   3.9663740e+01
   1.0450000e+01   3.9456262e+01   3.9767263e+01
   1.0455000e+01   3.9448120e+01   3.9424165e+01
   1.0460000e+01   3.9440333e+01   3.9120563e+01
   1.0465000e+01   3.9432910e+01   3.9316213e+01
   1.0470000e+01   3.9425856e+01   3.9366495e+01
   1.0475000e+01   3.9419176e+01   3.9417050e+01
   1.0480000e+01   3.9412875e+01   3.9153298e+01
   1.0485000e+01   3.9406958e+01   3.9578498e+01
   1.0490000e+01   3.9401427e+01   3.9507455e+01
   1.0495000e+01   3.9396284e+01   3.9601295e+01
   1.0500000e+01   3.9391531e+01   3.9248483e+01
   1.0505000e+01   3.9387169e+01   3.8692905e+01
   1.0510000e+01   3.9383199e+01   3.8971313e+01
   1.0515000e+01   3.9379621e+01   3.8746735e+01
   1.0520000e+01   3.9376433e+01   3.9145710e+01
   1.0525000e+01   3.9373635e+01   3.9456516e+01
   1.0530000e+01   3.9371224e+01   3.9964854e+01
   1.0535000e+01   3.9369198e+01   3.9449325e+01
   1.0540000e+01   3.9367554e+01   3.9631810e+01
   1.0545000e+01   3.9366288e+01   3.9757268e+01
   1.0550000e+01   3.9365397e+01   3.9217899e+01
   1.0555000e+01   3.9364877e+01   3.9358612e+01
   1.0560000e+01   3.9364722e+01   3.9014739e+01
   1.0565000e+01   3.9364929e+01   3.8900579e+01
   1.0570000e+01   3.9365491e+01   3.9190860e+01
   1.0575000e+01   3.9366403e+01   3.9747591e+01
   1.0580000e+01   3.9367659e+01   3.9595501e+01
   1.0585000e+01   3.9369254e+01   4.0003791e+01
   1.0590000e+01   3.9371182e+01   3.9471691e+01
   1.0595000e+01   3.9373436e+01   3.9313288e+01
   1.0600000e+01   3.9376011e+01   3.9201305e+01
   1.0605000e+01   3.9378900e+01   3.9213875e+01
   1.0610000e+01   3.9382096e+01   3.9286527e+01
   1.0615000e+01   3.9385593e+01   3.9114621e+01
   1.0620000e+01   3.9389385e+01   3.9719576e+01
   1.0625000e+01   3.9393464e+01   3.9538475e+01
   1.0630000e+01   3.9397824e+01   3.9969048e+01
   1.0635000e+01   3.9402458e+01   3.9603599e+01
   1.0640000e+01   3.9407361e+01   3.9507039e+01
   1.0645000e+01   3.9412524e+01   3.8873105e+01
   1.0650000e+01   3.9417943e+01   3.9167776e+01
   1.0655000e+01   3.9423610e+01   3.9008171e+01
   1.0660000e+01   3.9429519e+01   3.9278904e+01
   1.0665000e+01   3.9435664e+01   3.9610774e+01
   1.0670000e+01   3.9442039e+01   3.9650543e+01
   1.0675000e+01   3.9448638e+01   3.9677774e+01
   1.0680000e+01   3.9455455e+01   4.0098426e+01
   1.0685000e+01   3.9462483e+01   3.9372075e+01
   1.0690000e+01   3.9469719e+01   3.9379050e+01
   1.0695000e+01   3.9477155e+01   3.9508831e+01
   1.0700000e+01   3.9484785e+01   3.9000565e+01
   1.0705000e+01   3.9492605e+01   3.9332147e+01
   1.0710000e+01   3.9500609e+01   3.9136460e+01
   1.0715000e+01   3.9508790e+01   3.9495920e+01
   1.0720000e+01   3.9517144e+01   3.9629700e+01
   1.0725000e+01   3.9525663e+01   3.9726030e+01
   1.0730000e+01   3.9534342e+01   3.9747320e+01
   1.0735000e+01   3.9543175e+01   3.9831144e+01
   1.0740000e+01   3.9552156e+01   3.9118573e+01
   1.0745000e+01   3.9561279e+01   3.9329470e+01
   1.0750000e+01   3.9570537e+01   3.8935018e+01
   1.0755000e+01   3.9579926e+01   3.9242372e+01
   1.0760000e+01   3.9589438e+01   3.9483979e+01
   1.0765000e+01   3.9599067e+01   3.9980942e+01
   1.0770000e+01   3.9608807e+01   3.9693534e+01
   1.0775000e+01   3.9618652e+01   3.9912079e+01
   1.0780000e+01   3.9628596e+01   4.0090724e+01
   1.0785000e+01   3.9638630e+01   3.9432357e+01
   1.0790000e+01   3.9648751e+01   3.9097597e+01
   1.0795000e+01   3.9658949e+01   3.9438436e+01
   1.0800000e+01   3.9669218e+01   3.9243695e+01
   1.0805000e+01   3.9679551e+01   3.9818148e+01
   1.0810000e+01   3.9689941e+01   3.9507402e+01
   1.0815000e+01   3.9700380e+01   3.9938151e+01
   1.0820000e+01   3.9710859e+01   4.0128299e+01
   1.0825000e+01   3.9721372e+01   4.0032766e+01
   1.0830000e+01   3.9731910e+01   3.9849278e+01
   1.0835000e+01   3.9742464e+01   3.9448137e+01
   1.0840000e+01   3.9753026e+01   3.9372536e+01
   1.0845000e+01   3.9763588e+01   3.9553970e+01
   1.0850000e+01   3.9774141e+01   3.9710081e+01
   1.0855000e+01   3.9784676e+01   3.9716247e+01
   1.0860000e+01   3.9795184e+01   3.9996807e+01
   1.0865000e+01   3.9805655e+01   4.0218446e+01
   1.0870000e+01   3.9816081e+01   4.0566040e+01
   1.0875000e+01   3.9826451e+01   3.9957561e+01
   1.0880000e+01   3.9836757e+01   3.9863045e+01
   1.0885000e+01   3.9846987e+01   3.9425352e+01
   1.0890000e+01   3.9857133e+01   3.9350000e+01
   1.0895000e+01   3.9867184e+01   3.9558949e+01
   1.0900000e+01   3.9877131e+01   3.9768895e+01
   1.0905000e+01   3.9886964e+01   4.0006969e+01
   1.0910000e+01   3.9896673e+01   4.0208643e+01
   1.0915000e+01   3.9906248e+01   4.0055956e+01
   1.0920000e+01   3.9915678e+01   4.0354688e+01
   1.0925000e+01   3.9924953e+01   3.9985023e+01
   1.0930000e+01   3.9934064e+01   3.9806227e+01
   1.0935000e+01   3.9942999e+01   3.9224042e+01
   1.0940000e+01   3.9951749e+01   3.9391044e+01
   1.0945000e+01   3.9960303e+01   3.9301018e+01
   1.0950000e+01   3.9968650e+01   3.9790218e+01
   1.0955000e+01   3.9976781e+01   3.9908743e+01
   1.0960000e+01   3.9984685e+01   4.0189588e+01
   1.0965000e+01   3.9992353e+01   4.0393630e+01
   1.0970000e+01   3.9999775e+01   3.9976882e+01
   1.0975000e+01   4.0006942e+01   4.0210823e+01
   1.0980000e+01   4.0013845e+01   4.0028696e+01
   1.0985000e+01   4.0020475e+01   3.9663735e+01
   1.0990000e+01   4.0026823e+01   3.9648349e+01
   1.0995000e+01   4.0032879e+01   3.9784070e+01
   1.1000000e+01   4.0038637e+01   4.0158817e+01
   1.1005000e+01   4.0044087e+01   4.0275764e+01
   1.1010000e+01   4.0049221e+01   4.0237641e+01
   1.1015000e+01   4.0054033e+01   4.0215896e+01
   1.1020000e+01   4.0058515e+01   4.0129276e+01
   1.1025000e+01   4.0062659e+01   3.9887980e+01
   1.1030000e+01   4.0066459e+01   3.9722925e+01
   1.1035000e+01   4.0069909e+01   3.9751115e+01
   1.1040000e+01   4.0073002e+01   3.9655902e+01
   1.1045000e+01   4.0075733e+01   4.0129234e+01
   1.1050000e+01   4.0078098e+01   4.0126216e+01
   1.1055000e+01   4.0080090e+01   4.0445273e+01
   1.1060000e+01   4.0081707e+01   4.0348500e+01
   1.1065000e+01   4.0082943e+01   4.0480030e+01
   1.1070000e+01   4.0083796e+01   3.9893004e+01
   1.1075000e+01   4.0084263e+01   3.9618895e+01
   1.1080000e+01   4.0084342e+01   3.9620650e+01
   1.1085000e+01   4.0084031e+01   4.0191391e+01
   1.1090000e+01   4.0083328e+01   4.0194705e+01
   1.1095000e+01   4.0082233e+01   4.0215461e+01
   1.1100000e+01   4.0080744e+01   4.0248913e+01
   1.1105000e+01   4.0078861e+01   4.0320331e+01
   1.1110000e+01   4.0076585e+01   4.0352071e+01
   1.1115000e+01   4.0073916e+01   4.0301630e+01
   1.1120000e+01   4.0070854e+01   4.0327022e+01
   1.1125000e+01   4.0067401e+01   3.9952401e+01
   1.1130000e+01   4.0063558e+01   4.0003140e+01
   1.1135000e+01   4.0059327e+01   3.9524723e+01
   1.1140000e+01   4.0054711e+01   3.9483550e+01
   1.1145000e+01   4.0049711e+01   4.0075755e+01
   1.1150000e+01   4.0044331e+01   4.0078423e+01
   1.1155000e+01   4.0038574e+01   4.0436767e+01
   1.1160000e+01   4.0032446e+01   4.0028130e+01
   1.1165000e+01   4.0025948e+01   4.0189535e+01
   1.1170000e+01   4.0019088e+01   3.9770927e+01
   1.1175000e+01   4.0011871e+01   3.9762705e+01
   1.1180000e+01   4.0004301e+01   3.9627265e+01
   1.1185000e+01   3.9996385e+01   4.0042894e+01
   1.1190000e+01   3.9988130e+01   3.9745403e+01
   1.1195000e+01   3.9979543e+01   4.0111300e+01
   1.1200000e+01   3.9970630e+01   4.0012669e+01
   1.1205000e+01   3.9961400e+01   3.9962499e+01
   1.1210000e+01   3.9951860e+01   4.0402331e+01
   1.1215000e+01   3.9942019e+01   3.9841646e+01
   1.1220000e+01   3.9931886e+01   3.9706640e+01
   1.1225000e+01   3.9921470e+01   3.9448313e+01
   1.1230000e+01   3.9910781e+01   3.9665392e+01
   1.1235000e+01   3.9899829e+01   3.9722402e+01
   1.1240000e+01   3.9888624e+01   4.0004787e+01
   1.1245000e+01   3.9877177e+01   3.9969271e+01
   1.1250000e+01   3.9865499e+01   4.0147672e+01
   1.1255000e+01   3.9853601e+01   4.0428977e+01
   1.1260000e+01   3.9841495e+01   4.0078578e+01
   1.1265000e+01   3.9829194e+01   3.9729224e+01
   1.1270000e+01   3.9816708e+01   3.9336790e+01
   1.1275000e+01   3.9804052e+01   3.9506039e+01
   1.1280000e+01   3.9791240e+01   3.9126441e+01
   1.1285000e+01   3.9778283e+01   3.9942720e+01
   1.1290000e+01   3.9765198e+01   3.9896601e+01
   1.1295000e+01   3.9751997e+01   4.0089131e+01
   1.1300000e+01   3.9738695e+01   4.0497582e+01
   1.1305000e+01   3.9725308e+01   4.0036608e+01
   1.1310000e+01   3.9711849e+01   3.9917581e+01
   1.1315000e+01   3.9698334e+01   3.9662771e+01
   1.1320000e+01   3.9684777e+01   3.9271069e+01
   1.1325000e+01   3.9671195e+01   3.9347580e+01
   1.1330000e+01   3.9657603e+01   3.9517513e+01
   1.1335000e+01   3.9644016e+01   3.9647081e+01
   1.1340000e+01   3.9630451e+01   3.9853820e+01
   1.1345000e+01   3.9616922e+01   3.9592023e+01
   1.1350000e+01   3.9603446e+01   3.9898576e+01
   1.1355000e+01   3.9590039e+01   3.9657155e+01
   1.1360000e+01   3.9576716e+01   3.9124829e+01
   1.1365000e+01   3.9563495e+01   3.9148077e+01
   1.1370000e+01   3.9550390e+01   3.8935507e+01
   1.1375000e+01   3.9537418e+01   3.9325293e+01
   1.1380000e+01   3.9524594e+01   3.9270198e+01
   1.1385000e+01   3.9511933e+01   3.9772992e+01
   1.1390000e+01   3.9499452e+01   3.9793442e+01
   1.1395000e+01   3.9487166e+01   3.9922980e+01
   1.1400000e+01   3.9475089e+01   3.9826527e+01
   1.1405000e+01   3.9463237e+01   3.9231663e+01
   1.1410000e+01   3.9451623e+01   3.9194899e+01
   1.1415000e+01   3.9440262e+01   3.8758825e+01
   1.1420000e+01   3.9429166e+01   3.8936885e+01
   1.1425000e+01   3.9418350e+01   3.9261688e+01
   1.1430000e+01   3.9407827e+01   3.9357649e+01
   1.1435000e+01   3.9397607e+01   3.9830867e+01
   1.1440000e+01   3.9387705e+01   3.9492040e+01
   1.1445000e+01   3.9378131e+01   3.9534177e+01
   1.1450000e+01   3.9368896e+01   3.9783884e+01
   1.1455000e+01   3.9360011e+01   3.9396640e+01
   1.1460000e+01   3.9351486e+01   3.8674132e+01
   1.1465000e+01   3.9343331e+01   3.8980024e+01
   1.1470000e+01   3.9335556e+01   3.9099897e+01
   1.1475000e+01   3.9328169e+01   3.9037549e+01
   1.1480000e+01   3.9321179e+01   3.9872648e+01
   1.1485000e+01   3.9314594e+01   3.9497653e+01
   1.1490000e+01   3.9308420e+01   3.9801536e+01
   1.1495000e+01   3.9302665e+01   3.9721666e+01
   1.1500000e+01   3.9297333e+01   3.9402200e+01
   1.1505000e+01   3.9292431e+01   3.9113898e+01
   1.1510000e+01   3.9287961e+01   3.9062281e+01
   1.1515000e+01   3.9283927e+01   3.8759638e+01
   1.1520000e+01   3.9280333e+01   3.8907109e+01
   1.1525000e+01   3.9277180e+01   3.9267669e+01
   1.1530000e+01   3.9274469e+01   3.9072032e+01
   1.1535000e+01   3.9272202e+01   3.9541198e+01
   1.1540000e+01   3.9270376e+01   4.0053295e+01
   1.1545000e+01   3.9268993e+01   3.9456397e+01
   1.1550000e+01   3.9268051e+01   3.9216933e+01
   1.1555000e+01   3.9267547e+01   3.8937133e+01
   1.1560000e+01   3.9267480e+01   3.8897303e+01
   1.1565000e+01   3.9267845e+01   3.8860518e+01
   1.1570000e+01   3.9268639e+01   3.9477994e+01
   1.1575000e+01   3.9269858e+01   3.9355506e+01
   1.1580000e+01   3.9271496e+01   3.9651789e+01
   1.1585000e+01   3.9273547e+01   3.9434986e+01
   1.1590000e+01   3.9276006e+01   3.9322128e+01
   1.1595000e+01   3.9278866e+01   3.9168186e+01
   1.1600000e+01   3.9282120e+01   3.8944071e+01
   1.1605000e+01   3.9285761e+01   3.8651176e+01
   1.1610000e+01   3.9289780e+01   3.8952157e+01
   1.1615000e+01   3.9294170e+01   3.8824089e+01
   1.1620000e+01   3.9298924e+01   3.9359171e+01
   1.1625000e+01   3.9304031e+01   3.9650696e+01
   1.1630000e+01   3.9309484e+01   3.9796173e+01
   1.1635000e+01   3.9315274e+01   3.9796798e+01
   1.1640000e+01   3.9321390e+01   3.9800231e+01
   1.1645000e+01   3.9327824e+01   3.9062660e+01
   1.1650000e+01   3.9334567e+01   3.8882209e+01
   1.1655000e+01   3.9341610e+01   3.9221907e+01
   1.1660000e+01   3.9348943e+01   3.9363950e+01
   1.1665000e+01   3.9356558e+01   3.9191067e+01
   1.1670000e+01   3.9364444e+01   3.9377572e+01
   1.1675000e+01   3.9372595e+01   3.9582388e+01
   1.1680000e+01   3.9381000e+01   3.9433858e+01
   1.1685000e+01   3.9389650e+01   3.9671411e+01
   1.1690000e+01   3.9398538e+01   3.9551904e+01
   1.1695000e+01   3.9407655e+01   3.9674169e+01
   1.1700000e+01   3.9416992e+01   3.9010941e+01
   1.1705000e+01   3.9426544e+01   3.9064799e+01
   1.1710000e+01   3.9436301e+01   3.9322920e+01
   1.1715000e+01   3.9446258e+01   3.9535710e+01
   1.1720000e+01   3.9456407e+01   4.0149219e+01
   1.1725000e+01   3.9466743e+01   3.9880214e+01
   1.1730000e+01   3.9477258e+01   4.0188829e+01
   1.1735000e+01   3.9487949e+01   3.9802875e+01
   1.1740000e+01   3.9498809e+01   3.9708031e+01
   1.1745000e+01   3.9509833e+01   3.9036419e+01
   1.1750000e+01   3.9521018e+01   3.9478761e+01
   1.1755000e+01   3.9532357e+01   3.9078908e+01
   1.1760000e+01   3.9543849e+01   3.9721944e+01
   1.1765000e+01   3.9555488e+01   3.9461003e+01
   1.1770000e+01   3.9567272e+01   4.0423516e+01
   1.1775000e+01   3.9579197e+01   4.0064925e+01
   1.1780000e+01   3.9591262e+01   3.9878647e+01
   1.1785000e+01   3.9603464e+01   3.9603423e+01
   1.1790000e+01   3.9615801e+01   3.9441759e+01
   1.1795000e+01   3.9628270e+01   3.9325612e+01
   1.1800000e+01   3.9640869e+01   3.9333548e+01
   1.1805000e+01   3.9653596e+01   3.9523836e+01
   1.1810000e+01   3.9666449e+01   3.9476205e+01
   1.1815000e+01   3.9679427e+01   3.9827662e+01
   1.1820000e+01   3.9692525e+01   4.0127357e+01
   1.1825000e+01   3.9705742e+01   4.0027237e+01
   1.1830000e+01   3.9719075e+01   3.9789417e+01
   1.1835000e+01   3.9732522e+01   3.9797799e+01
   1.1840000e+01   3.9746079e+01   3.9657538e+01
   1.1845000e+01   3.9759743e+01   3.9343795e+01
   1.1850000e+01   3.9773513e+01   3.9291597e+01
   1.1855000e+01   3.9787385e+01   3.9902346e+01
   1.1860000e+01   3.9801355e+01   3.9879036e+01
   1.1865000e+01   3.9815421e+01   3.9996858e+01
   1.1870000e+01   3.9829579e+01   4.0529164e+01
   1.1875000e+01   3.9843824e+01   4.0307182e+01
   1.1880000e+01   3.9858152e+01   3.9720434e+01
   1.1885000e+01   3.9872557e+01   4.0041829e+01
   1.1890000e+01   3.9887036e+01   3.9225308e+01
   1.1895000e+01   3.9901582e+01   3.9683065e+01
   1.1900000e+01   3.9916189e+01   3.9920580e+01
   1.1905000e+01   3.9930850e+01   3.9892833e+01
   1.1910000e+01   3.9945558e+01   3.9846334e+01
   1.1915000e+01   3.9960304e+01   4.0172916e+01
   1.1920000e+01   3.9975082e+01   4.0180442e+01
   1.1925000e+01   3.9989881e+01   4.0278076e+01
   1.1930000e+01   4.0004692e+01   3.9930570e+01
   1.1935000e+01   4.0019507e+01   3.9760793e+01
   1.1940000e+01   4.0034314e+01   3.9877740e+01
   1.1945000e+01   4.0049103e+01   3.9629859e+01
   1.1950000e+01   4.0063863e+01   3.9792816e+01
   1.1955000e+01   4.0078580e+01   4.0141102e+01
   1.1960000e+01   4.0093244e+01   4.0120734e+01
   1.1965000e+01   4.0107839e+01   4.0220299e+01
   1.1970000e+01   4.0122354e+01   4.0329886e+01
   1.1975000e+01   4.0136774e+01   4.0038335e+01
   1.1980000e+01   4.0151085e+01   3.9810646e+01
   1.1985000e+01   4.0165271e+01   3.9767025e+01
   1.1990000e+01   4.0179318e+01   4.0096116e+01
   1.1995000e+01   4.0193210e+01   4.0228331e+01
   1.2000000e+01   4.0206931e+01   4.0254611e+01
   1.2005000e+01   4.0220465e+01   4.0477973e+01
   1.2010000e+01   4.0233797e+01   4.0420147e+01
   1.2015000e+01   4.0246909e+01   4.0363189e+01
   1.2020000e+01   4.0259786e+01   4.0293571e+01
   1.2025000e+01   4.0272411e+01   4.0440489e+01
   1.2030000e+01   4.0284769e+01   4.0220011e+01
   1.2035000e+01   4.0296843e+01   4.0117195e+01
   1.2040000e+01   4.0308617e+01   3.9938029e+01
   1.2045000e+01   4.0320077e+01   4.0399574e+01
   1.2050000e+01   4.0331207e+01   4.0447619e+01
   1.2055000e+01   4.0341991e+01   4.0408129e+01
   1.2060000e+01   4.0352414e+01   4.0916566e+01
   1.2065000e+01   4.0362462e+01   4.0488964e+01
   1.2070000e+01   4.0372121e+01   4.0318880e+01
   1.2075000e+01   4.0381375e+01   4.0104141e+01
   1.2080000e+01   4.0390213e+01   4.0306138e+01
   1.2085000e+01   4.0398623e+01   3.9810968e+01
   1.2090000e+01   4.0406591e+01   4.0244789e+01
   1.2095000e+01   4.0414107e+01   4.0438091e+01
   1.2100000e+01   4.0421162e+01   4.0764358e+01
   1.2105000e+01   4.0427745e+01   4.0882933e+01
   1.2110000e+01   4.0433848e+01   4.0962554e+01
   1.2115000e+01   4.0439464e+01   4.0828607e+01
   1.2120000e+01   4.0444586e+01   4.0324082e+01
   1.2125000e+01   4.0449207e+01   4.0418130e+01
   1.2130000e+01   4.0453325e+01   4.0127757e+01
   1.2135000e+01   4.0456933e+01   4.0401535e+01
   1.2140000e+01   4.0460031e+01   4.0602289e+01
   1.2145000e+01   4.0462615e+01   4.0741870e+01
   1.2150000e+01   4.0464687e+01   4.0679799e+01
   1.2155000e+01   4.0466245e+01   4.0866797e+01
   1.2160000e+01   4.0467293e+01   4.0750329e+01
   1.2165000e+01   4.0467833e+01   4.0587293e+01
   1.2170000e+01   4.0467870e+01   4.0189718e+01
   1.2175000e+01   4.0467410e+01   4.0171285e+01
   1.2180000e+01   4.0466458e+01   4.0120025e+01
   1.2185000e+01   4.0465024e+01   4.0502935e+01
   1.2190000e+01   4.0463115e+01   4.0485457e+01
   1.2195000e+01   4.0460741e+01   4.0310125e+01
   1.2200000e+01   4.0457913e+01   4.0611385e+01
   1.2205000e+01   4.0454641e+01   4.0835811e+01
   1.2210000e+01   4.0450937e+01   4.0403859e+01
   1.2215000e+01   4.0446814e+01   4.0348845e+01
   1.2220000e+01   4.0442287e+01   4.0424310e+01
   1.2225000e+01   4.0437368e+01   4.0214421e+01
   1.2230000e+01   4.0432075e+01   4.0047497e+01
   1.2235000e+01   4.0426423e+01   4.0435795e+01
   1.2240000e+01   4.0420428e+01   4.0388656e+01
   1.2245000e+01   4.0414109e+01   4.0503731e+01
   1.2250000e+01   4.0407482e+01   4.0900095e+01
   1.2255000e+01   4.0400566e+01   4.0876120e+01
   1.2260000e+01   4.0393381e+01   4.0099677e+01
   1.2265000e+01   4.0385945e+01   4.0394767e+01
   1.2270000e+01   4.0378278e+01   3.9762874e+01
   1.2275000e+01   4.0370400e+01   4.0101080e+01
   1.2280000e+01   4.0362331e+01   4.0454088e+01
   1.2285000e+01   4.0354092e+01   4.0366408e+01
   1.2290000e+01   4.0345702e+01   4.0705222e+01
   1.2295000e+01   4.0337182e+01   4.0546424e+01
   1.2300000e+01   4.0328553e+01   4.0471991e+01
   1.2305000e+01   4.0319834e+01   4.0203147e+01
   1.2310000e+01   4.0311047e+01   4.0465886e+01
   1.2315000e+01   4.0302212e+01   3.9977680e+01
   1.2320000e+01   4.0293349e+01   4.0140691e+01
   1.2325000e+01   4.0284478e+01   3.9992745e+01
   1.2330000e+01   4.0275619e+01   3.9898061e+01
   1.2335000e+01   4.0266790e+01   4.0512098e+01
   1.2340000e+01   4.0258013e+01   4.0619750e+01
   1.2345000e+01   4.0249304e+01   4.0614856e+01
   1.2350000e+01   4.0240683e+01   4.0355056e+01
   1.2355000e+01   4.0232166e+01   4.0063757e+01
   1.2360000e+01   4.0223772e+01   4.0297940e+01
   1.2365000e+01   4.0215516e+01   4.0068978e+01
   1.2370000e+01   4.0207415e+01   4.0287848e+01
   1.2375000e+01   4.0199483e+01   4.0172097e+01
   1.2380000e+01   4.0191736e+01   4.0118984e+01
   1.2385000e+01   4.0184187e+01   4.0047821e+01
   1.2390000e+01   4.0176849e+01   4.0415414e+01
   1.2395000e+01   4.0169734e+01   4.0904755e+01
   1.2400000e+01   4.0162855e+01   4.0456095e+01
   1.2405000e+01   4.0156222e+01   4.0232908e+01
   1.2410000e+01   4.0149846e+01   4.0262565e+01
   1.2415000e+01   4.0143737e+01   3.9627917e+01
   1.2420000e+01   4.0137904e+01   3.9725087e+01
   1.2425000e+01   4.0132357e+01   3.9742054e+01
   1.2430000e+01   4.0127103e+01   4.0433662e+01
   1.2435000e+01   4.0122150e+01   4.0746845e+01
   1.2440000e+01   4.0117504e+01   4.0690053e+01
   1.2445000e+01   4.0113170e+01   4.0134052e+01
   1.2450000e+01   4.0109154e+01   4.0366860e+01
   1.2455000e+01   4.0105461e+01   3.9893764e+01
   1.2460000e+01   4.0102094e+01   3.9847135e+01
   1.2465000e+01   4.0099055e+01   3.9636559e+01
   1.2470000e+01   4.0096349e+01   4.0012873e+01
   1.2475000e+01   4.0093977e+01   3.9843247e+01
   1.2480000e+01   4.0091940e+01   4.0339203e+01
   1.2485000e+01   4.0090239e+01   4.0741816e+01
   1.2490000e+01   4.0088875e+01   4.0221891e+01
   1.2495000e+01   4.0087848e+01   4.0574920e+01
   1.2500000e+01   4.0087158e+01   3.9823570e+01
   1.2505000e+01   4.0086804e+01   3.9614247e+01
   1.2510000e+01   4.0086784e+01   3.9911217e+01
   1.2515000e+01   4.0087098e+01   3.9685013e+01
   1.2520000e+01   4.0087744e+01   4.0259977e+01
   1.2525000e+01   4.0088718e+01   4.0255188e+01
   1.2530000e+01   4.0090018e+01   4.0539489e+01
   1.2535000e+01   4.0091642e+01   4.0252122e+01
   1.2540000e+01   4.0093586e+01   4.0256922e+01
   1.2545000e+01   4.0095848e+01   4.0633126e+01
   1.2550000e+01   4.0098425e+01   4.0113525e+01
   1.2555000e+01   4.0101313e+01   3.9511252e+01
   1.2560000e+01   4.0104509e+01   3.9454269e+01
   1.2565000e+01   4.0108010e+01   3.9505166e+01
   1.2570000e+01   4.0111812e+01   3.9995208e+01
   1.2575000e+01   4.0115913e+01   4.0805071e+01
   1.2580000e+01   4.0120307e+01   4.0069860e+01
   1.2585000e+01   4.0124993e+01   4.0494571e+01
   1.2590000e+01   4.0129965e+01   4.0736553e+01
   1.2595000e+01   4.0135221e+01   4.0341250e+01
   1.2600000e+01   4.0140756e+01   4.0372745e+01
   1.2605000e+01   4.0146568e+01   3.9460867e+01
   1.2610000e+01   4.0152650e+01   3.9811908e+01
   1.2615000e+01   4.0159000e+01   3.9846425e+01
   1.2620000e+01   4.0165614e+01   4.0103556e+01
   1.2625000e+01   4.0172487e+01   4.0678101e+01
   1.2630000e+01   4.0179615e+01   4.0408473e+01
   1.2635000e+01   4.0186993e+01   4.0545300e+01
   1.2640000e+01   4.0194617e+01   4.0564097e+01
   1.2645000e+01   4.0202484e+01   4.0210143e+01
   1.2650000e+01   4.0210587e+01   4.0210067e+01
   1.2655000e+01   4.0218923e+01   3.9744488e+01
   1.2660000e+01   4.0227487e+01   4.0141196e+01
   1.2665000e+01   4.0236273e+01   3.9857618e+01
   1.2670000e+01   4.0245277e+01   4.0497411e+01
   1.2675000e+01   4.0254491e+01   4.0649607e+01
   1.2680000e+01   4.0263911e+01   4.0527648e+01
   1.2685000e+01   4.0273530e+01   4.0626904e+01
   1.2690000e+01   4.0283342e+01   3.9831474e+01
   1.2695000e+01   4.0293340e+01   4.0463002e+01
   1.2700000e+01   4.0303518e+01   3.9783096e+01
   1.2705000e+01   4.0313867e+01   4.0070487e+01
   1.2710000e+01   4.0324380e+01   4.0259330e+01
   1.2715000e+01   4.0335050e+01   4.0041905e+01
   1.2720000e+01   4.0345868e+01   4.0490766e+01
   1.2725000e+01   4.0356827e+01   4.0372980e+01
   1.2730000e+01   4.0367916e+01   4.0830245e+01
   1.2735000e+01   4.0379128e+01   4.0533806e+01
   1.2740000e+01   4.0390453e+01   4.0546134e+01
   1.2745000e+01   4.0401880e+01   3.9927101e+01
   1.2750000e+01   4.0413401e+01   4.0242286e+01
   1.2755000e+01   4.0425003e+01   4.0198540e+01
   1.2760000e+01   4.0436677e+01   4.0318849e+01
   1.2765000e+01   4.0448412e+01   4.0811011e+01
   1.2770000e+01   4.0460195e+01   4.0462348e+01
   1.2775000e+01   4.0472013e+01   4.0706574e+01
   1.2780000e+01   4.0483855e+01   4.0642294e+01
   1.2785000e+01   4.0495708e+01   4.0350381e+01
   1.2790000e+01   4.0507558e+01   4.0220607e+01
   1.2795000e+01   4.0519392e+01   4.0644946e+01
   1.2800000e+01   4.0531196e+01   4.0310978e+01
   1.2805000e+01   4.0542955e+01   4.0399661e+01
   1.2810000e+01   4.0554654e+01   4.0615359e+01
   1.2815000e+01   4.0566281e+01   4.0745214e+01
   1.2820000e+01   4.0577818e+01   4.0943253e+01
   1.2825000e+01   4.0589252e+01   4.1038584e+01
   1.2830000e+01   4.0600565e+01   4.0723265e+01
   1.2835000e+01   4.0611743e+01   4.0239149e+01
   1.2840000e+01   4.0622769e+01   4.0478999e+01
   1.2845000e+01   4.0633627e+01   3.9992274e+01
   1.2850000e+01   4.0644301e+01   4.0413086e+01
   1.2855000e+01   4.0654775e+01   4.0702136e+01
   1.2860000e+01   4.0665031e+01   4.0698751e+01
   1.2865000e+01   4.0675054e+01   4.1070489e+01
   1.2870000e+01   4.0684828e+01   4.1379498e+01
   1.2875000e+01   4.0694337e+01   4.0964267e+01
   1.2880000e+01   4.0703563e+01   4.0722278e+01
   1.2885000e+01   4.0712492e+01   4.0782505e+01
   1.2890000e+01   4.0721108e+01   4.0275085e+01
   1.2895000e+01   4.0729394e+01   4.0725606e+01
   1.2900000e+01   4.0737335e+01   4.0911407e+01
   1.2905000e+01   4.0744917e+01   4.0800536e+01
   1.2910000e+01   4.0752126e+01   4.1096960e+01
   1.2915000e+01   4.0758946e+01   4.0900112e+01
   1.2920000e+01   4.0765365e+01   4.1065551e+01
   1.2925000e+01   4.0771370e+01   4.1278245e+01
   1.2930000e+01   4.0776947e+01   4.0771549e+01
   1.2935000e+01   4.0782085e+01   4.0490246e+01
   1.2940000e+01   4.0786773e+01   4.0810301e+01
   1.2945000e+01   4.0790999e+01   4.0415697e+01
   1.2950000e+01   4.0794753e+01   4.0674306e+01
   1.2955000e+01   4.0798026e+01   4.0912280e+01
   1.2960000e+01   4.0800810e+01   4.1402439e+01
   1.2965000e+01   4.0803097e+01   4.1293779e+01
   1.2970000e+01   4.0804880e+01   4.0973716e+01
   1.2975000e+01   4.0806153e+01   4.1010610e+01
   1.2980000e+01   4.0806911e+01   4.0538299e+01
   1.2985000e+01   4.0807151e+01   4.0859920e+01
   1.2990000e+01   4.0806868e+01   4.0018831e+01
   1.2995000e+01   4.0806061e+01   4.0675543e+01
   1.3000000e+01   4.0804727e+01   4.1026991e+01
   1.3005000e+01   4.0802867e+01   4.1024214e+01
   1.3010000e+01   4.0800481e+01   4.0902078e+01
   1.3015000e+01   4.0797571e+01   4.1305825e+01
   1.3020000e+01   4.0794138e+01   4.0858972e+01
   1.3025000e+01   4.0790187e+01   4.0884049e+01
   1.3030000e+01   4.0785722e+01   4.0478960e+01
   1.3035000e+01   4.0780750e+01   4.0551747e+01
   1.3040000e+01   4.0775276e+01   4.0442522e+01
   1.3045000e+01   4.0769308e+01   4.0830155e+01
   1.3050000e+01   4.0762855e+01   4.0750006e+01
   1.3055000e+01   4.0755925e+01   4.1522845e+01
   1.3060000e+01   4.0748530e+01   4.1353893e+01
   1.3065000e+01   4.0740679e+01   4.1157673e+01
   1.3070000e+01   4.0732385e+01   4.0668800e+01
   1.3075000e+01   4.0723660e+01   4.0720231e+01
   1.3080000e+01   4.0714518e+01   4.0332853e+01
   1.3085000e+01   4.0704971e+01   4.0713670e+01
   1.3090000e+01   4.0695036e+01   4.0620953e+01
   1.3095000e+01   4.0684727e+01   4.0952064e+01
   1.3100000e+01   4.0674059e+01   4.0844438e+01
   1.3105000e+01   4.0663049e+01   4.0903822e+01
   1.3110000e+01   4.0651714e+01   4.1029239e+01
   1.3115000e+01   4.0640070e+01   4.0731419e+01
   1.3120000e+01   4.0628136e+01   4.0441681e+01
   1.3125000e+01   4.0615928e+01   4.0633689e+01
   1.3130000e+01   4.0603466e+01   4.0055935e+01
   1.3135000e+01   4.0590767e+01   4.0336970e+01
   1.3140000e+01   4.0577851e+01   4.0777989e+01
   1.3145000e+01   4.0564736e+01   4.0434929e+01
   1.3150000e+01   4.0551441e+01   4.1067233e+01
   1.3155000e+01   4.0537986e+01   4.0869424e+01
   1.3160000e+01   4.0524390e+01   4.0606956e+01
   1.3165000e+01   4.0510672e+01   4.0350160e+01
   1.3170000e+01   4.0496851e+01   4.0469575e+01
   1.3175000e+01   4.0482946e+01   4.0758014e+01
   1.3180000e+01   4.0468977e+01   4.0273756e+01
   1.3185000e+01   4.0454961e+01   4.0141073e+01
   1.3190000e+01   4.0440916e+01   4.0837777e+01
   1.3195000e+01   4.0426862e+01   4.0482898e+01
   1.3200000e+01   4.0412815e+01   4.0680189e+01
   1.3205000e+01   4.0398792e+01   4.0912111e+01
   1.3210000e+01   4.0384810e+01   4.0139238e+01
   1.3215000e+01   4.0370884e+01   4.0129685e+01
   1.3220000e+01   4.0357030e+01   4.0151878e+01
   1.3225000e+01   4.0343262e+01   4.0082167e+01
   1.3230000e+01   4.0329594e+01   3.9829534e+01
   1.3235000e+01   4.0316040e+01   4.0220402e+01
   1.3240000e+01   4.0302612e+01   4.0418260e+01
   1.3245000e+01   4.0289321e+01   4.0573690e+01
   1.3250000e+01   4.0276180e+01   4.0806460e+01
   1.3255000e+01   4.0263198e+01   4.0471330e+01
   1.3260000e+01   4.0250383e+01   4.0410579e+01
   1.3265000e+01   4.0237746e+01   3.9987649e+01
   1.3270000e+01   4.0225292e+01   3.9700244e+01
   1.3275000e+01   4.0213028e+01   3.9946720e+01
   1.3280000e+01   4.0200960e+01   3.9178231e+01
   1.3285000e+01   4.0189093e+01   4.0062466e+01
   1.3290000e+01   4.0177430e+01   4.0244428e+01
   1.3295000e+01   4.0165975e+01   4.0577663e+01
   1.3300000e+01   4.0154730e+01   4.0552664e+01
   1.3305000e+01   4.0143697e+01   4.0558134e+01
   1.3310000e+01   4.0132877e+01   4.0003401e+01
   1.3315000e+01   4.0122268e+01   3.9904945e+01
   1.3320000e+01   4.0111872e+01   3.9688015e+01
   1.3325000e+01   4.0101685e+01   4.0137533e+01
   1.3330000e+01   4.0091705e+01   3.9916400e+01
   1.3335000e+01   4.0081928e+01   3.9977427e+01
   1.3340000e+01   4.0072351e+01   4.0668496e+01
   1.3345000e+01   4.0062969e+01   4.0054614e+01
   1.3350000e+01   4.0053777e+01   4.0207544e+01
   1.3355000e+01   4.0044769e+01   3.9954103e+01
   1.3360000e+01   4.0035938e+01   3.9776583e+01
   1.3365000e+01   4.0027278e+01   3.9606249e+01
   1.3370000e+01   4.0018781e+01   3.9956685e+01
   1.3375000e+01   4.0010439e+01   3.9819523e+01
   1.3380000e+01   4.0002245e+01   4.0477856e+01
   1.3385000e+01   3.9994188e+01   4.0069072e+01
   1.3390000e+01   3.9986261e+01   4.0296219e+01
   1.3395000e+01   3.9978454e+01   4.0306033e+01
   1.3400000e+01   3.9970757e+01   4.0420434e+01
   1.3405000e+01   3.9963162e+01   3.9997248e+01
   1.3410000e+01   3.9955659e+01   3.9721283e+01
   1.3415000e+01   3.9948238e+01   3.9574958e+01
   1.3420000e+01   3.9940891e+01   3.9891568e+01
   1.3425000e+01   3.9933607e+01   3.9862841e+01
   1.3430000e+01   3.9926377e+01   3.9936671e+01
   1.3435000e+01   3.9919193e+01   4.0204661e+01
   1.3440000e+01   3.9912047e+01   4.0706028e+01
   1.3445000e+01   3.9904928e+01   4.0498508e+01
   1.3450000e+01   3.9897830e+01   3.9929620e+01
   1.3455000e+01   3.9890744e+01   3.9715724e+01
   1.3460000e+01   3.9883663e+01   3.9690948e+01
   1.3465000e+01   3.9876581e+01   3.9347590e+01
   1.3470000e+01   3.9869490e+01   3.9564723e+01
   1.3475000e+01   3.9862385e+01   3.9586996e+01
   1.3480000e+01   3.9855260e+01   3.9649100e+01
   1.3485000e+01   3.9848111e+01   4.0084489e+01
   1.3490000e+01   3.9840934e+01   4.0156109e+01
   1.3495000e+01   3.9833724e+01   4.0153549e+01
   1.3500000e+01   3.9826479e+01   3.9807126e+01
   1.3505000e+01   3.9819195e+01   3.9255058e+01
   1.3510000e+01   3.9811872e+01   3.9595713e+01
   1.3515000e+01   3.9804507e+01   3.9333591e+01
   1.3520000e+01   3.9797100e+01   3.9379315e+01
   1.3525000e+01   3.9789652e+01   4.0109195e+01
   1.3530000e+01   3.9782162e+01   4.0131234e+01
   1.3535000e+01   3.9774633e+01   4.0133453e+01
   1.3540000e+01   3.9767068e+01   4.0095818e+01
   1.3545000e+01   3.9759470e+01   4.0217122e+01
   1.3550000e+01   3.9751841e+01   3.9539943e+01
   1.3555000e+01   3.9744188e+01   3.9338032e+01
   1.3560000e+01   3.9736516e+01   3.9059977e+01
   1.3565000e+01   3.9728831e+01   3.9684816e+01
   1.3570000e+01   3.9721139e+01   3.9762582e+01
   1.3575000e+01   3.9713449e+01   3.9964721e+01
   1.3580000e+01   3.9705768e+01   3.9819595e+01
   1.3585000e+01   3.9698107e+01   3.9964477e+01
   1.3590000e+01   3.9690472e+01   3.9955488e+01
   1.3595000e+01   3.9682876e+01   3.9802876e+01
   1.3600000e+01   3.9675327e+01   3.9393957e+01
   1.3605000e+01   3.9667837e+01   3.8949664e+01
   1.3610000e+01   3.9660418e+01   3.9143652e+01
   1.3615000e+01   3.9653079e+01   3.9521011e+01
   1.3620000e+01   3.9645835e+01   3.9651855e+01
   1.3625000e+01   3.9638697e+01   4.0198033e+01
   1.3630000e+01   3.9631677e+01   3.9618799e+01
   1.3635000e+01   3.9624789e+01   3.9635603e+01
   1.3640000e+01   3.9618045e+01   3.9804316e+01
   1.3645000e+01   3.9611459e+01   3.9250508e+01
   1.3650000e+01   3.9605044e+01   3.9542848e+01
   1.3655000e+01   3.9598812e+01   3.9376921e+01
   1.3660000e+01   3.9592776e+01   3.9282115e+01
   1.3665000e+01   3.9586950e+01   3.9248470e+01
   1.3670000e+01   3.9581346e+01   3.9755032e+01
   1.3675000e+01   3.9575977e+01   4.0028655e+01
   1.3680000e+01   3.9570854e+01   3.9984897e+01
   1.3685000e+01   3.9565990e+01   3.9722848e+01
   1.3690000e+01   3.9561398e+01   3.9546652e+01
   1.3695000e+01   3.9557087e+01   3.9613505e+01
   1.3700000e+01   3.9553069e+01   3.9423049e+01
   1.3705000e+01   3.9549354e+01   3.9331475e+01
   1.3710000e+01   3.9545952e+01   3.9090771e+01
   1.3715000e+01   3.9542873e+01   3.9053976e+01
   1.3720000e+01   3.9540124e+01   3.9600566e+01
   1.3725000e+01   3.9537714e+01   3.9696078e+01
   1.3730000e+01   3.9535652e+01   3.9750229e+01
   1.3735000e+01   3.9533943e+01   3.9548779e+01
   1.3740000e+01   3.9532593e+01   3.9569378e+01
   1.3745000e+01   3.9531609e+01   3.9119112e+01
   1.3750000e+01   3.9530995e+01   3.9514783e+01
   1.3755000e+01   3.9530755e+01   3.9230217e+01
   1.3760000e+01   3.9530891e+01   3.9455353e+01
   1.3765000e+01   3.9531408e+01   3.9271496e+01
   1.3770000e+01   3.9532305e+01   3.9665930e+01
   1.3775000e+01   3.9533585e+01   3.9382108e+01
   1.3780000e+01   3.9535247e+01   3.9691556e+01
   1.3785000e+01   3.9537289e+01   3.9708601e+01
   1.3790000e+01   3.9539711e+01   3.9628790e+01
   1.3795000e+01   3.9542511e+01   3.8887285e+01
   1.3800000e+01   3.9545684e+01   3.8795279e+01
   1.3805000e+01   3.9549228e+01   3.9429278e+01
   1.3810000e+01   3.9553137e+01   3.9603018e+01
   1.3815000e+01   3.9557408e+01   3.9592621e+01
   1.3820000e+01   3.9562032e+01   4.0028758e+01
   1.3825000e+01   3.9567005e+01   3.9853369e+01
   1.3830000e+01   3.9572318e+01   3.9801399e+01
   1.3835000e+01   3.9577963e+01   3.9418093e+01
   1.3840000e+01   3.9583933e+01   3.9142498e+01
   1.3845000e+01   3.9590217e+01   3.9433151e+01
   1.3850000e+01   3.9596806e+01   3.9534211e+01
   1.3855000e+01   3.9603690e+01   3.9793339e+01
   1.3860000e+01   3.9610859e+01   3.9649371e+01
   1.3865000e+01   3.9618301e+01   3.9819932e+01
   1.3870000e+01   3.9626005e+01   4.0041794e+01
   1.3875000e+01   3.9633959e+01   3.9762431e+01
   1.3880000e+01   3.9642151e+01   3.9765976e+01
   1.3885000e+01   3.9650569e+01   3.9325481e+01
   1.3890000e+01   3.9659199e+01   3.9292986e+01
   1.3895000e+01   3.9668030e+01   3.9049074e+01
   1.3900000e+01   3.9677047e+01   3.9086132e+01
   1.3905000e+01   3.9686237e+01   3.9731808e+01
   1.3910000e+01   3.9695586e+01   3.9857386e+01
   1.3915000e+01   3.9705082e+01   3.9887447e+01
   1.3920000e+01   3.9714711e+01   4.0010864e+01
   1.3925000e+01   3.9724458e+01   3.9810836e+01
   1.3930000e+01   3.9734311e+01   3.9928054e+01
   1.3935000e+01   3.9744255e+01   3.9398784e+01
   1.3940000e+01   3.9754279e+01   3.9652559e+01
   1.3945000e+01   3.9764367e+01   3.9323129e+01
   1.3950000e+01   3.9774508e+01   3.9491428e+01
   1.3955000e+01   3.9784688e+01   3.9529665e+01
   1.3960000e+01   3.9794896e+01   4.0171272e+01
   1.3965000e+01   3.9805119e+01   4.0227068e+01
   1.3970000e+01   3.9815345e+01   4.0390273e+01
   1.3975000e+01   3.9825562e+01   4.0344048e+01
   1.3980000e+01   3.9835760e+01   3.9937000e+01
   1.3985000e+01   3.9845926e+01   3.9591770e+01
   1.3990000e+01   3.9856052e+01   3.9722223e+01
   1.3995000e+01   3.9866125e+01   3.9672459e+01
   1.4000000e+01   3.9876137e+01   3.9849519e+01
   1.4005000e+01   3.9886076e+01   3.9984112e+01
   1.4010000e+01   3.9895934e+01   4.0379522e+01
   1.4015000e+01   3.9905702e+01   4.0291249e+01
   1.4020000e+01   3.9915370e+01   3.9865427e+01
   1.4025000e+01   3.9924931e+01   3.9982338e+01
   1.4030000e+01   3.9934376e+01   3.9873381e+01
   1.4035000e+01   3.9943698e+01   3.9594779e+01
   1.4040000e+01   3.9952890e+01   3.9682526e+01
   1.4045000e+01   3.9961945e+01   3.9929752e+01
   1.4050000e+01   3.9970855e+01   3.9926355e+01
   1.4055000e+01   3.9979617e+01   4.0119716e+01
   1.4060000e+01   3.9988223e+01   4.0626514e+01
   1.4065000e+01   3.9996669e+01   4.0461318e+01
   1.4070000e+01   4.0004949e+01   4.0312879e+01
   1.4075000e+01   4.0013059e+01   3.9723772e+01
   1.4080000e+01   4.0020995e+01   3.9915012e+01
   1.4085000e+01   4.0028752e+01   3.9877161e+01
   1.4090000e+01   4.0036327e+01   3.9988660e+01
   1.4095000e+01   4.0043716e+01   3.9984645e+01
   1.4100000e+01   4.0050915e+01   4.0279927e+01
   1.4105000e+01   4.0057921e+01   4.0815764e+01
   1.4110000e+01   4.0064731e+01   4.0489051e+01
   1.4115000e+01   4.0071342e+01   3.9943978e+01
   1.4120000e+01   4.0077751e+01   3.9999724e+01
   1.4125000e+01   4.0083956e+01   3.9444072e+01
   1.4130000e+01   4.0089955e+01   3.9889136e+01
   1.4135000e+01   4.0095744e+01   3.9629248e+01
   1.4140000e+01   4.0101322e+01   3.9952405e+01
   1.4145000e+01   4.0106687e+01   4.0291206e+01
   1.4150000e+01   4.0111838e+01   4.0455725e+01
   1.4155000e+01   4.0116772e+01   4.0180166e+01
   1.4160000e+01   4.0121487e+01   4.0254478e+01
   1.4165000e+01   4.0125983e+01   3.9999655e+01
   1.4170000e+01   4.0130257e+01   3.9876818e+01
   1.4175000e+01   4.0134308e+01   4.0214249e+01
   1.4180000e+01   4.0138136e+01   3.9850433e+01
   1.4185000e+01   4.0141738e+01   3.9615092e+01
   1.4190000e+01   4.0145115e+01   4.0263171e+01
   1.4195000e+01   4.0148266e+01   4.0274664e+01
   1.4200000e+01   4.0151190e+01   4.0662173e+01
   1.4205000e+01   4.0153888e+01   4.0408108e+01
   1.4210000e+01   4.0156358e+01   4.0356174e+01
   1.4215000e+01   4.0158602e+01   4.0375788e+01
   1.4220000e+01   4.0160619e+01   3.9986480e+01
   1.4225000e+01   4.0162410e+01   4.0088448e+01
   1.4230000e+01   4.0163976e+01   3.9818275e+01
   1.4235000e+01   4.0165318e+01   3.9998587e+01
   1.4240000e+01   4.0166438e+01   4.0338308e+01
   1.4245000e+01   4.0167336e+01   4.0362287e+01
   1.4250000e+01   4.0168016e+01   4.0590066e+01
   1.4255000e+01   4.0168478e+01   4.0558977e+01
   1.4260000e+01   4.0168727e+01   4.0180495e+01
   1.4265000e+01   4.0168764e+01   3.9831476e+01
   1.4270000e+01   4.0168594e+01   3.9774489e+01
   1.4275000e+01   4.0168220e+01   3.9764115e+01
   1.4280000e+01   4.0167646e+01   4.0057824e+01
   1.4285000e+01   4.0166876e+01   4.0139160e+01
   1.4290000e+01   4.0165916e+01   4.0544364e+01
   1.4295000e+01   4.0164771e+01   4.0343436e+01
   1.4300000e+01   4.0163446e+01   4.0586639e+01
   1.4305000e+01   4.0161949e+01   4.0523956e+01
   1.4310000e+01   4.0160285e+01   4.0251444e+01
   1.4315000e+01   4.0158463e+01   3.9775111e+01
   1.4320000e+01   4.0156489e+01   3.9919755e+01
   1.4325000e+01   4.0154371e+01   3.9725452e+01
   1.4330000e+01   4.0152119e+01   4.0004419e+01
   1.4335000e+01   4.0149740e+01   4.0126062e+01
   1.4340000e+01   4.0147245e+01   4.0607552e+01
   1.4345000e+01   4.0144642e+01   4.0137152e+01
   1.4350000e+01   4.0141943e+01   4.0463362e+01
   1.4355000e+01   4.0139158e+01   4.0207182e+01
   1.4360000e+01   4.0136299e+01   3.9796143e+01
   1.4365000e+01   4.0133378e+01   3.9857075e+01
   1.4370000e+01   4.0130406e+01   3.9705758e+01
   1.4375000e+01   4.0127396e+01   4.0090361e+01
   1.4380000e+01   4.0124361e+01   3.9691778e+01
   1.4385000e+01   4.0121316e+01   4.0352387e+01
   1.4390000e+01   4.0118272e+01   4.0551281e+01
   1.4395000e+01   4.0115245e+01   4.0027413e+01
   1.4400000e+01   4.0112247e+01   4.0483809e+01
   1.4405000e+01   4.0109294e+01   4.0354396e+01
   1.4410000e+01   4.0106398e+01   4.0035220e+01
   1.4415000e+01   4.0103575e+01   4.0098396e+01
   1.4420000e+01   4.0100839e+01   3.9912107e+01
   1.4425000e+01   4.0098204e+01   3.9539333e+01
   1.4430000e+01   4.0095686e+01   3.9949088e+01
   1.4435000e+01   4.0093299e+01   4.0627730e+01
   1.4440000e+01   4.0091056e+01   4.0385950e+01
   1.4445000e+01   4.0088973e+01   4.0159784e+01
   1.4450000e+01   4.0087064e+01   3.9771255e+01
   1.4455000e+01   4.0085343e+01   3.9725542e+01
   1.4460000e+01   4.0083824e+01   3.9647581e+01
   1.4465000e+01   4.0082520e+01   3.9850549e+01
   1.4470000e+01   4.0081445e+01   3.9950151e+01
   1.4475000e+01   4.0080612e+01   4.0357702e+01
   1.4480000e+01   4.0080033e+01   4.0450848e+01
   1.4485000e+01   4.0079721e+01   4.0248309e+01
   1.4490000e+01   4.0079686e+01   4.0437937e+01
   1.4495000e+01   4.0079940e+01   4.0370898e+01
   1.4500000e+01   4.0080494e+01   4.0189056e+01
   1.4505000e+01   4.0081356e+01   3.9623276e+01
   1.4510000e+01   4.0082535e+01   3.9594639e+01
   1.4515000e+01   4.0084041e+01   3.9690551e+01
   1.4520000e+01   4.0085881e+01   3.9895529e+01
   1.4525000e+01   4.0088060e+01   4.0497044e+01
   1.4530000e+01   4.0090587e+01   4.0423810e+01
   1.4535000e+01   4.0093465e+01   4.0241935e+01
   1.4540000e+01   4.0096698e+01   4.0414171e+01
   1.4545000e+01   4.0100290e+01   4.0223410e+01
   1.4550000e+01   4.0104242e+01   3.9967485e+01
   1.4555000e+01   4.0108556e+01   4.0104391e+01
   1.4560000e+01   4.0113231e+01   4.0158752e+01
   1.4565000e+01   4.0118268e+01   3.9883734e+01
   1.4570000e+01   4.0123665e+01   4.0115716e+01
   1.4575000e+01   4.0129418e+01   4.0044863e+01
   1.4580000e+01   4.0135525e+01   4.0657913e+01
   1.4585000e+01   4.0141980e+01   4.0313918e+01
   1.4590000e+01   4.0148778e+01   4.0422018e+01
   1.4595000e+01   4.0155913e+01   4.0222406e+01
   1.4600000e+01   4.0163376e+01   3.9927193e+01
   1.4605000e+01   4.0171160e+01   3.9932101e+01
   1.4610000e+01   4.0179255e+01   3.9867796e+01
   1.4615000e+01   4.0187651e+01   4.0444152e+01
   1.4620000e+01   4.0196337e+01   4.0542273e+01
   1.4625000e+01   4.0205300e+01   4.0888035e+01
   1.4630000e+01   4.0214529e+01   4.0758501e+01
   1.4635000e+01   4.0224009e+01   4.0547853e+01
   1.4640000e+01   4.0233727e+01   4.0401930e+01
   1.4645000e+01   4.0243669e+01   4.0186584e+01
   1.4650000e+01   4.0253818e+01   4.0154427e+01
   1.4655000e+01   4.0264158e+01   3.9852298e+01
   1.4660000e+01   4.0274672e+01   4.0069246e+01
   1.4665000e+01   4.0285343e+01   4.0048917e+01
   1.4670000e+01   4.0296153e+01   4.0649363e+01
   1.4675000e+01   4.0307084e+01   4.0520276e+01
   1.4680000e+01   4.0318118e+01   4.0396262e+01
   1.4685000e+01   4.0329236e+01   4.0504847e+01
   1.4690000e+01   4.0340420e+01   4.0256834e+01
   1.4695000e+01   4.0351651e+01   3.9982503e+01
   1.4700000e+01   4.0362909e+01   3.9913470e+01
   1.4705000e+01   4.0374176e+01   4.0172096e+01
   1.4710000e+01   4.0385433e+01   4.0183453e+01
   1.4715000e+01   4.0396660e+01   4.0114172e+01
   1.4720000e+01   4.0407839e+01   4.0937193e+01
   1.4725000e+01   4.0418951e+01   4.0808537e+01
   1.4730000e+01   4.0429976e+01   4.0889683e+01
   1.4735000e+01   4.0440898e+01   4.0352736e+01
   1.4740000e+01   4.0451697e+01   4.0333193e+01
   1.4745000e+01   4.0462355e+01   4.0416002e+01
   1.4750000e+01   4.0472857e+01   3.9897862e+01
   1.4755000e+01   4.0483184e+01   4.0292236e+01
   1.4760000e+01   4.0493322e+01   4.0731875e+01
   1.4765000e+01   4.0503253e+01   4.0500100e+01
   1.4770000e+01   4.0512965e+01   4.0406213e+01
   1.4775000e+01   4.0522441e+01   4.0463993e+01
   1.4780000e+01   4.0531670e+01   4.0753805e+01
   1.4785000e+01   4.0540637e+01   4.0853749e+01
   1.4790000e+01   4.0549332e+01   4.0295085e+01
   1.4795000e+01   4.0557743e+01   4.0185131e+01
   1.4800000e+01   4.0565860e+01   3.9892088e+01
   1.4805000e+01   4.0573674e+01   4.0443282e+01
   1.4810000e+01   4.0581177e+01   4.0631442e+01
   1.4815000e+01   4.0588362e+01   4.0956199e+01
   1.4820000e+01   4.0595222e+01   4.0797455e+01
   1.4825000e+01   4.0601752e+01   4.1208477e+01
   1.4830000e+01   4.0607948e+01   4.0726575e+01
   1.4835000e+01   4.0613805e+01   4.0201427e+01
   1.4840000e+01   4.0619323e+01   4.0308055e+01
   1.4845000e+01   4.0624499e+01   4.0553761e+01
   1.4850000e+01   4.0629334e+01   4.0443140e+01
   1.4855000e+01   4.0633828e+01   4.0171900e+01
   1.4860000e+01   4.0637985e+01   4.1122463e+01
   1.4865000e+01   4.0641805e+01   4.1056896e+01
   1.4870000e+01   4.0645294e+01   4.1009184e+01
   1.4875000e+01   4.0648457e+01   4.0890672e+01
   1.4880000e+01   4.0651300e+01   4.0654891e+01
   1.4885000e+01   4.0653830e+01   4.0426546e+01
   1.4890000e+01   4.0656054e+01   4.0128103e+01
   1.4895000e+01   4.0657983e+01   4.0554256e+01
   1.4900000e+01   4.0659626e+01   4.0434875e+01
   1.4905000e+01   4.0660995e+01   4.0872727e+01
   1.4910000e+01   4.0662101e+01   4.1010046e+01
   1.4915000e+01   4.0662956e+01   4.1028042e+01
   1.4920000e+01   4.0663575e+01   4.1068190e+01
   1.4925000e+01   4.0663970e+01   4.0643197e+01
   1.4930000e+01   4.0664155e+01   4.0703500e+01
   1.4935000e+01   4.0664148e+01   4.0734523e+01
   1.4940000e+01   4.0663962e+01   4.0561109e+01
   1.4945000e+01   4.0663614e+01   4.0441826e+01
   1.4950000e+01   4.0663121e+01   4.0652964e+01
   1.4955000e+01   4.0662500e+01   4.0777482e+01
   1.4960000e+01   4.0661769e+01   4.0760276e+01
   1.4965000e+01   4.0660945e+01   4.0868179e+01
   1.4970000e+01   4.0660047e+01   4.0738447e+01
   1.4975000e+01   4.0659092e+01   4.0621006e+01
   1.4980000e+01   4.0658101e+01   4.0691292e+01
   1.4985000e+01   4.0657089e+01   4.0549687e+01
   1.4990000e+01   4.0656077e+01   4.0594176e+01
   1.4995000e+01   4.0655082e+01   4.0562806e+01
   1.5000000e+01   4.0654123e+01   4.0897109e+01
   1.5005000e+01   4.0653218e+01   4.0482436e+01
   1.5010000e+01   4.0652386e+01   4.1004762e+01
   1.5015000e+01   4.0651644e+01   4.0447061e+01
   1.5020000e+01   4.0651011e+01   4.1061510e+01
   1.5025000e+01   4.0650503e+01   4.0463344e+01
   1.5030000e+01   4.0650138e+01   4.0601483e+01
   1.5035000e+01   4.0649931e+01   4.0478080e+01
   1.5040000e+01   4.0649899e+01   4.0264938e+01
   1.5045000e+01   4.0650055e+01   4.0359747e+01
   1.5050000e+01   4.0650415e+01   4.0696937e+01
   1.5055000e+01   4.0650991e+01   4.0898637e+01
   1.5060000e+01   4.0651798e+01   4.1028152e+01
   1.5065000e+01   4.0652846e+01   4.0861869e+01
   1.5070000e+01   4.0654148e+01   4.0808672e+01
   1.5075000e+01   4.0655713e+01   4.0279702e+01
   1.5080000e+01   4.0657551e+01   4.0316421e+01
   1.5085000e+01   4.0659671e+01   4.0246997e+01
   1.5090000e+01   4.0662082e+01   4.0404444e+01
   1.5095000e+01   4.0664789e+01   4.0521012e+01
   1.5100000e+01   4.0667800e+01   4.0767761e+01
   1.5105000e+01   4.0671119e+01   4.1041574e+01
   1.5110000e+01   4.0674750e+01   4.1065908e+01
   1.5115000e+01   4.0678695e+01   4.0992641e+01
   1.5120000e+01   4.0682958e+01   4.0603440e+01
   1.5125000e+01   4.0687537e+01   4.0570960e+01
   1.5130000e+01   4.0692433e+01   4.0427927e+01
   1.5135000e+01   4.0697646e+01   4.0311310e+01
   1.5140000e+01   4.0703171e+01   4.0478957e+01
   1.5145000e+01   4.0709005e+01   4.0946185e+01
   1.5150000e+01   4.0715144e+01   4.0538508e+01
   1.5155000e+01   4.0721582e+01   4.1306168e+01
   1.5160000e+01   4.0728312e+01   4.1129069e+01
   1.5165000e+01   4.0735326e+01   4.0573528e+01
   1.5170000e+01   4.0742614e+01   4.1001287e+01
   1.5175000e+01   4.0750168e+01   4.0424416e+01
   1.5180000e+01   4.0757977e+01   4.0637155e+01
   1.5185000e+01   4.0766028e+01   4.1118277e+01
   1.5190000e+01   4.0774310e+01   4.0610389e+01
   1.5195000e+01   4.0782809e+01   4.1009734e+01
   1.5200000e+01   4.0791512e+01   4.0523187e+01
   1.5205000e+01   4.0800402e+01   4.0917292e+01
   1.5210000e+01   4.0809466e+01   4.0883096e+01
   1.5215000e+01   4.0818686e+01   4.0978186e+01
   1.5220000e+01   4.0828045e+01   4.0482395e+01
   1.5225000e+01   4.0837527e+01   4.0526589e+01
   1.5230000e+01   4.0847113e+01   4.0491530e+01
   1.5235000e+01   4.0856784e+01   4.0860016e+01
   1.5240000e+01   4.0866521e+01   4.1489267e+01
   1.5245000e+01   4.0876306e+01   4.1132332e+01
   1.5250000e+01   4.0886119e+01   4.1054748e+01
   1.5255000e+01   4.0895938e+01   4.1064691e+01
   1.5260000e+01   4.0905746e+01   4.0885902e+01
   1.5265000e+01   4.0915522e+01   4.0652275e+01
   1.5270000e+01   4.0925247e+01   4.1043724e+01
   1.5275000e+01   4.0934900e+01   4.0592981e+01
   1.5280000e+01   4.0944461e+01   4.0725811e+01
   1.5285000e+01   4.0953913e+01   4.0749969e+01
   1.5290000e+01   4.0963234e+01   4.1041062e+01
   1.5295000e+01   4.0972407e+01   4.1453430e+01
   1.5300000e+01   4.0981414e+01   4.1331516e+01
   1.5305000e+01   4.0990235e+01   4.1350153e+01
   1.5310000e+01   4.0998854e+01   4.0994355e+01
   1.5315000e+01   4.1007254e+01   4.0663514e+01
   1.5320000e+01   4.1015417e+01   4.0978412e+01
   1.5325000e+01   4.1023329e+01   4.0739258e+01
   1.5330000e+01   4.1030974e+01   4.1416384e+01
   1.5335000e+01   4.1038338e+01   4.1335363e+01
   1.5340000e+01   4.1045407e+01   4.1024007e+01
   1.5345000e+01   4.1052170e+01   4.1175689e+01
   1.5350000e+01   4.1058614e+01   4.1149332e+01
   1.5355000e+01   4.1064729e+01   4.1085756e+01
   1.5360000e+01   4.1070506e+01   4.0942693e+01
   1.5365000e+01   4.1075934e+01   4.0921195e+01
   1.5370000e+01   4.1081008e+01   4.1030853e+01
   1.5375000e+01   4.1085720e+01   4.0877820e+01
   1.5380000e+01   4.1090065e+01   4.1061942e+01
   1.5385000e+01   4.1094038e+01   4.1109400e+01
   1.5390000e+01   4.1097637e+01   4.1451590e+01
   1.5395000e+01   4.1100858e+01   4.1492659e+01
   1.5400000e+01   4.1103702e+01   4.1393509e+01
   1.5405000e+01   4.1106169e+01   4.1378974e+01
   1.5410000e+01   4.1108259e+01   4.0655742e+01
   1.5415000e+01   4.1109976e+01   4.0879104e+01
   1.5420000e+01   4.1111323e+01   4.0515748e+01
   1.5425000e+01   4.1112305e+01   4.1205016e+01
   1.5430000e+01   4.1112927e+01   4.1706657e+01
   1.5435000e+01   4.1113198e+01   4.1569423e+01
   1.5440000e+01   4.1113123e+01   4.1206429e+01
   1.5445000e+01   4.1112712e+01   4.1431652e+01
   1.5450000e+01   4.1111973e+01   4.1139437e+01
   1.5455000e+01   4.1110918e+01   4.0722505e+01
   1.5460000e+01   4.1109556e+01   4.0628945e+01
   1.5465000e+01   4.1107900e+01   4.0367295e+01
   1.5470000e+01   4.1105962e+01   4.0721420e+01
   1.5475000e+01   4.1103757e+01   4.1268382e+01
   1.5480000e+01   4.1101297e+01   4.1345596e+01
   1.5485000e+01   4.1098598e+01   4.0924526e+01
   1.5490000e+01   4.1095674e+01   4.1666672e+01
   1.5495000e+01   4.1092542e+01   4.1486448e+01
   1.5500000e+01   4.1089216e+01   4.0845681e+01
   1.5505000e+01   4.1085714e+01   4.0728445e+01
   1.5510000e+01   4.1082051e+01   4.0815327e+01
   1.5515000e+01   4.1078246e+01   4.0486926e+01
   1.5520000e+01   4.1074313e+01   4.0690369e+01
   1.5525000e+01   4.1070271e+01   4.0917590e+01
   1.5530000e+01   4.1066136e+01   4.1422874e+01
   1.5535000e+01   4.1061926e+01   4.1421667e+01
   1.5540000e+01   4.1057655e+01   4.1224810e+01
   1.5545000e+01   4.1053341e+01   4.0936493e+01
   1.5550000e+01   4.1049000e+01   4.0871552e+01
   1.5555000e+01   4.1044647e+01   4.0566057e+01
   1.5560000e+01   4.1040297e+01   4.0968781e+01
   1.5565000e+01   4.1035965e+01   4.0380126e+01
   1.5570000e+01   4.1031665e+01   4.0840361e+01
   1.5575000e+01   4.1027410e+01   4.0914752e+01
   1.5580000e+01   4.1023214e+01   4.1600455e+01
   1.5585000e+01   4.1019089e+01   4.1501150e+01
   1.5590000e+01   4.1015046e+01   4.1069117e+01
   1.5595000e+01   4.1011097e+01   4.0937450e+01
   1.5600000e+01   4.1007251e+01   4.0893226e+01
   1.5605000e+01   4.1003518e+01   4.0716398e+01
   1.5610000e+01   4.0999907e+01   4.0127693e+01
   1.5615000e+01   4.0996423e+01   4.0419341e+01
   1.5620000e+01   4.0993073e+01   4.0934715e+01
   1.5625000e+01   4.0989863e+01   4.1473005e+01
   1.5630000e+01   4.0986798e+01   4.1421878e+01
   1.5635000e+01   4.0983879e+01   4.1077714e+01
   1.5640000e+01   4.0981110e+01   4.1227917e+01
   1.5645000e+01   4.0978492e+01   4.0742454e+01
   1.5650000e+01   4.0976025e+01   4.0456801e+01
   1.5655000e+01   4.0973708e+01   4.0642080e+01
   1.5660000e+01   4.0971539e+01   4.0615265e+01
   1.5665000e+01   4.0969516e+01   4.0858338e+01
   1.5670000e+01   4.0967634e+01   4.0920851e+01
   1.5675000e+01   4.0965890e+01   4.1279917e+01
   1.5680000e+01   4.0964277e+01   4.1162502e+01
   1.5685000e+01   4.0962789e+01   4.0977580e+01
   1.5690000e+01   4.0961419e+01   4.1174755e+01
   1.5695000e+01   4.0960157e+01   4.0761200e+01
   1.5700000e+01   4.0958995e+01   4.0372615e+01
   1.5705000e+01   4.0957923e+01   4.0897620e+01
   1.5710000e+01   4.0956930e+01   4.0612203e+01
   1.5715000e+01   4.0956004e+01   4.1007642e+01
   1.5720000e+01   4.0955134e+01   4.0970198e+01
   1.5725000e+01   4.0954306e+01   4.1691738e+01
   1.5730000e+01   4.0953507e+01   4.1651969e+01
   1.5735000e+01   4.0952725e+01   4.1087925e+01
   1.5740000e+01   4.0951945e+01   4.0721011e+01
   1.5745000e+01   4.0951154e+01   4.0871822e+01
   1.5750000e+01   4.0950336e+01   4.0670976e+01
   1.5755000e+01   4.0949478e+01   4.0657123e+01
   1.5760000e+01   4.0948565e+01   4.1183999e+01
   1.5765000e+01   4.0947583e+01   4.1329186e+01
   1.5770000e+01   4.0946515e+01   4.1288073e+01
   1.5775000e+01   4.0945348e+01   4.1412601e+01
   1.5780000e+01   4.0944067e+01   4.1180402e+01
   1.5785000e+01   4.0942658e+01   4.1053415e+01
   1.5790000e+01   4.0941107e+01   4.0915017e+01
   1.5795000e+01   4.0939400e+01   4.0841288e+01
   1.5800000e+01   4.0937525e+01   4.0430177e+01
   1.5805000e+01   4.0935470e+01   4.0762185e+01
   1.5810000e+01   4.0933223e+01   4.1090400e+01
   1.5815000e+01   4.0930771e+01   4.0900876e+01
   1.5820000e+01   4.0928105e+01   4.1250073e+01
   1.5825000e+01   4.0925214e+01   4.1106492e+01
   1.5830000e+01   4.0922088e+01   4.1012639e+01
   1.5835000e+01   4.0918717e+01   4.0895443e+01
   1.5840000e+01   4.0915094e+01   4.0501038e+01
   1.5845000e+01   4.0911211e+01   4.0724546e+01
   1.5850000e+01   4.0907060e+01   4.0655281e+01
   1.5855000e+01   4.0902637e+01   4.1114805e+01
   1.5860000e+01   4.0897935e+01   4.1011834e+01
   1.5865000e+01   4.0892950e+01   4.1139348e+01
   1.5870000e+01   4.0887679e+01   4.1280166e+01
   1.5875000e+01   4.0882119e+01   4.1242249e+01
   1.5880000e+01   4.0876267e+01   4.1145769e+01
   1.5885000e+01   4.0870125e+01   4.0475054e+01
   1.5890000e+01   4.0863690e+01   4.0648300e+01
   1.5895000e+01   4.0856965e+01   4.0252975e+01
   1.5900000e+01   4.0849951e+01   4.0784103e+01
   1.5905000e+01   4.0842652e+01   4.0622050e+01
   1.5910000e+01   4.0835071e+01   4.1055862e+01
   1.5915000e+01   4.0827213e+01   4.1477218e+01
   1.5920000e+01   4.0819085e+01   4.1167557e+01
   1.5925000e+01   4.0810691e+01   4.0834826e+01
   1.5930000e+01   4.0802040e+01   4.0622282e+01
   1.5935000e+01   4.0793139e+01   4.0544270e+01
   1.5940000e+01   4.0783997e+01   4.0540050e+01
   1.5945000e+01   4.0774621e+01   4.0336308e+01
   1.5950000e+01   4.0765023e+01   4.0743868e+01
   1.5955000e+01   4.0755211e+01   4.0732112e+01
   1.5960000e+01   4.0745197e+01   4.1046652e+01
   1.5965000e+01   4.0734992e+01   4.1137235e+01
   1.5970000e+01   4.0724607e+01   4.0918728e+01
   1.5975000e+01   4.0714055e+01   4.0756815e+01
   1.5980000e+01   4.0703348e+01   4.0699407e+01
   1.5985000e+01   4.0692497e+01   4.0307010e+01
   1.5990000e+01   4.0681516e+01   3.9921586e+01
   1.5995000e+01   4.0670418e+01   4.0576171e+01
   1.6000000e+01   4.0659215e+01   4.0437260e+01
   1.6005000e+01   4.0647921e+01   4.0940925e+01
   1.6010000e+01   4.0636549e+01   4.0865615e+01
   1.6015000e+01   4.0625112e+01   4.1157341e+01
   1.6020000e+01   4.0613622e+01   4.0484295e+01
   1.6025000e+01   4.0602093e+01   4.0413239e+01
   1.6030000e+01   4.0590537e+01   4.0409343e+01
   1.6035000e+01   4.0578967e+01   4.0363349e+01
   1.6040000e+01   4.0567395e+01   4.0258507e+01
   1.6045000e+01   4.0555833e+01   4.0337491e+01
   1.6050000e+01   4.0544292e+01   4.0420566e+01
   1.6055000e+01   4.0532784e+01   4.0851989e+01
   1.6060000e+01   4.0521320e+01   4.0616028e+01
   1.6065000e+01   4.0509911e+01   4.1229659e+01
   1.6070000e+01   4.0498567e+01   4.0515190e+01
   1.6075000e+01   4.0487296e+01   4.0439158e+01
   1.6080000e+01   4.0476109e+01   4.0276901e+01
   1.6085000e+01   4.0465012e+01   4.0290276e+01
   1.6090000e+01   4.0454015e+01   4.0136141e+01
   1.6095000e+01   4.0443123e+01   4.0776865e+01
   1.6100000e+01   4.0432342e+01   4.0686777e+01
   1.6105000e+01   4.0421679e+01   4.0799936e+01
   1.6110000e+01   4.0411139e+01   4.0788080e+01
   1.6115000e+01   4.0400725e+01   4.0807049e+01
   1.6120000e+01   4.0390442e+01   4.0586918e+01
   1.6125000e+01   4.0380292e+01   4.0102299e+01
   1.6130000e+01   4.0370278e+01   3.9622838e+01
   1.6135000e+01   4.0360401e+01   3.9880819e+01
   1.6140000e+01   4.0350663e+01   3.9873178e+01
   1.6145000e+01   4.0341065e+01   4.0153287e+01
   1.6150000e+01   4.0331605e+01   4.0696654e+01
   1.6155000e+01   4.0322283e+01   4.0493769e+01
   1.6160000e+01   4.0313097e+01   4.0853214e+01
   1.6165000e+01   4.0304045e+01   4.0506047e+01
   1.6170000e+01   4.0295125e+01   4.0014157e+01
   1.6175000e+01   4.0286335e+01   3.9966536e+01
   1.6180000e+01   4.0277670e+01   4.0121610e+01
   1.6185000e+01   4.0269129e+01   4.0089307e+01
   1.6190000e+01   4.0260706e+01   4.0098175e+01
   1.6195000e+01   4.0252398e+01   4.0780821e+01
   1.6200000e+01   4.0244200e+01   4.0624646e+01
   1.6205000e+01   4.0236107e+01   4.0920976e+01
   1.6210000e+01   4.0228114e+01   4.0655832e+01
   1.6215000e+01   4.0220215e+01   4.0226738e+01
   1.6220000e+01   4.0212405e+01   3.9918650e+01
   1.6225000e+01   4.0204678e+01   3.9669171e+01
   1.6230000e+01   4.0197028e+01   4.0175053e+01
   1.6235000e+01   4.0189449e+01   4.0325676e+01
   1.6240000e+01   4.0181935e+01   4.0276319e+01
   1.6245000e+01   4.0174479e+01   4.0339600e+01
   1.6250000e+01   4.0167074e+01   4.0544169e+01
   1.6255000e+01   4.0159714e+01   4.0289378e+01
   1.6260000e+01   4.0152392e+01   4.0162367e+01
   1.6265000e+01   4.0145099e+01   3.9946310e+01
   1.6270000e+01   4.0137829e+01   3.9855726e+01
   1.6275000e+01   4.0130576e+01   3.9772881e+01
   1.6280000e+01   4.0123333e+01   4.0098373e+01
   1.6285000e+01   4.0116092e+01   3.9911355e+01
   1.6290000e+01   4.0108849e+01   4.0533310e+01
   1.6295000e+01   4.0101598e+01   4.0657387e+01
   1.6300000e+01   4.0094332e+01   4.0542360e+01
   1.6305000e+01   4.0087046e+01   4.0345247e+01
   1.6310000e+01   4.0079735e+01   3.9804653e+01
   1.6315000e+01   4.0072395e+01   3.9994217e+01
   1.6320000e+01   4.0065020e+01   3.9733766e+01
   1.6325000e+01   4.0057608e+01   3.9662150e+01
   1.6330000e+01   4.0050153e+01   4.0029063e+01
   1.6335000e+01   4.0042652e+01   4.0257366e+01
   1.6340000e+01   4.0035104e+01   4.0723378e+01
   1.6345000e+01   4.0027504e+01   4.0417789e+01
   1.6350000e+01   4.0019851e+01   3.9985338e+01
   1.6355000e+01   4.0012143e+01   3.9797633e+01
   1.6360000e+01   4.0004379e+01   3.9624633e+01
   1.6365000e+01   3.9996558e+01   3.9440468e+01
   1.6370000e+01   3.9988678e+01   3.9531671e+01
   1.6375000e+01   3.9980740e+01   3.9922795e+01
   1.6380000e+01   3.9972744e+01   3.9807659e+01
   1.6385000e+01   3.9964690e+01   3.9995610e+01
   1.6390000e+01   3.9956579e+01   3.9957986e+01
   1.6395000e+01   3.9948413e+01   4.0370363e+01
   1.6400000e+01   3.9940192e+01   4.0167670e+01
   1.6405000e+01   3.9931918e+01   3.9851418e+01
   1.6410000e+01   3.9923593e+01   3.9698483e+01
   1.6415000e+01   3.9915220e+01   3.9477303e+01
   1.6420000e+01   3.9906801e+01   3.9710798e+01
   1.6425000e+01   3.9898339e+01   4.0164933e+01
   1.6430000e+01   3.9889837e+01   4.0042109e+01
   1.6435000e+01   3.9881300e+01   4.0373689e+01
   1.6440000e+01   3.9872730e+01   4.0323744e+01
   1.6445000e+01   3.9864134e+01   4.0173284e+01
   1.6450000e+01   3.9855514e+01   4.0409619e+01
   1.6455000e+01   3.9846876e+01   3.9390747e+01
   1.6460000e+01   3.9838226e+01   3.9442942e+01
   1.6465000e+01   3.9829567e+01   3.9754438e+01
   1.6470000e+01   3.9820905e+01   3.9515555e+01
   1.6475000e+01   3.9812246e+01   3.9864800e+01
   1.6480000e+01   3.9803595e+01   3.9885357e+01
   1.6485000e+01   3.9794958e+01   4.0405500e+01
   1.6490000e+01   3.9786340e+01   4.0303836e+01
   1.6495000e+01   3.9777747e+01   3.9885520e+01
   1.6500000e+01   3.9769184e+01   3.9714205e+01
   1.6505000e+01   3.9760657e+01   3.9422315e+01
   1.6510000e+01   3.9752173e+01   3.9547932e+01
   1.6515000e+01   3.9743735e+01   3.8949001e+01
   1.6520000e+01   3.9735351e+01   3.9744010e+01
   1.6525000e+01   3.9727024e+01   3.9449273e+01
   1.6530000e+01   3.9718762e+01   3.9552288e+01
   1.6535000e+01   3.9710567e+01   4.0003667e+01
   1.6540000e+01   3.9702446e+01   4.0258255e+01
   1.6545000e+01   3.9694403e+01   4.0147188e+01
   1.6550000e+01   3.9686444e+01   3.9852535e+01
   1.6555000e+01   3.9678574e+01   3.9104646e+01
   1.6560000e+01   3.9670796e+01   3.9507179e+01
   1.6565000e+01   3.9663117e+01   3.9292063e+01
   1.6570000e+01   3.9655539e+01   3.9086735e+01
   1.6575000e+01   3.9648067e+01   4.0034022e+01
   1.6580000e+01   3.9640706e+01   3.9736119e+01
   1.6585000e+01   3.9633458e+01   3.9723577e+01
   1.6590000e+01   3.9626328e+01   3.9506117e+01
   1.6595000e+01   3.9619318e+01   3.9565178e+01
   1.6600000e+01   3.9612433e+01   3.9669858e+01
   1.6605000e+01   3.9605675e+01   3.8979882e+01
   1.6610000e+01   3.9599048e+01   3.9644268e+01
   1.6615000e+01   3.9592555e+01   3.9305270e+01
   1.6620000e+01   3.9586199e+01   3.9587808e+01
   1.6625000e+01   3.9579982e+01   3.9927528e+01
   1.6630000e+01   3.9573906e+01   4.0242036e+01
   1.6635000e+01   3.9567971e+01   3.9699411e+01
   1.6640000e+01   3.9562180e+01   4.0060760e+01
   1.6645000e+01   3.9556533e+01   3.9565466e+01
   1.6650000e+01   3.9551030e+01   3.8989698e+01
   1.6655000e+01   3.9545671e+01   3.8897302e+01
   1.6660000e+01   3.9540457e+01   3.9121607e+01
   1.6665000e+01   3.9535386e+01   3.9340812e+01
   1.6670000e+01   3.9530458e+01   4.0065110e+01
   1.6675000e+01   3.9525671e+01   3.9536444e+01
   1.6680000e+01   3.9521024e+01   4.0464140e+01
   1.6685000e+01   3.9516514e+01   3.9195528e+01
   1.6690000e+01   3.9512140e+01   3.9478798e+01
   1.6695000e+01   3.9507899e+01   3.9234648e+01
   1.6700000e+01   3.9503787e+01   3.9224640e+01
   1.6705000e+01   3.9499802e+01   3.9256540e+01
   1.6710000e+01   3.9495939e+01   3.9130132e+01
   1.6715000e+01   3.9492196e+01   3.9608314e+01
   1.6720000e+01   3.9488569e+01   3.9384184e+01
   1.6725000e+01   3.9485053e+01   3.9659546e+01
   1.6730000e+01   3.9481643e+01   4.0091492e+01
   1.6735000e+01   3.9478336e+01   3.9804222e+01
   1.6740000e+01   3.9475126e+01   3.9180323e+01
   1.6745000e+01   3.9472009e+01   3.9500633e+01
   1.6750000e+01   3.9468980e+01   3.9082561e+01
   1.6755000e+01   3.9466034e+01   3.9197973e+01
   1.6760000e+01   3.9463165e+01   3.9471304e+01
   1.6765000e+01   3.9460369e+01   3.9633814e+01
   1.6770000e+01   3.9457641e+01   4.0227438e+01
   1.6775000e+01   3.9454975e+01   3.9814341e+01
   1.6780000e+01   3.9452366e+01   3.9719510e+01
   1.6785000e+01   3.9449809e+01   3.9425068e+01
   1.6790000e+01   3.9447299e+01   3.8973055e+01
   1.6795000e+01   3.9444829e+01   3.9193040e+01
   1.6800000e+01   3.9442395e+01   3.9220723e+01
   1.6805000e+01   3.9439992e+01   3.9352824e+01
   1.6810000e+01   3.9437614e+01   3.9583768e+01
   1.6815000e+01   3.9435256e+01   3.9867494e+01
   1.6820000e+01   3.9432913e+01   3.9621976e+01
   1.6825000e+01   3.9430582e+01   3.9854263e+01
   1.6830000e+01   3.9428257e+01   3.9698198e+01
   1.6835000e+01   3.9425934e+01   3.9260870e+01
   1.6840000e+01   3.9423609e+01   3.9148457e+01
   1.6845000e+01   3.9421279e+01   3.8908726e+01
   1.6850000e+01   3.9418940e+01   3.9213656e+01
   1.6855000e+01   3.9416589e+01   3.9250710e+01
   1.6860000e+01   3.9414223e+01   3.9926502e+01
   1.6865000e+01   3.9411840e+01   3.9806321e+01
   1.6870000e+01   3.9409438e+01   3.9695602e+01
   1.6875000e+01   3.9407016e+01   3.9509226e+01
   1.6880000e+01   3.9404572e+01   3.8915457e+01
   1.6885000e+01   3.9402106e+01   3.9268766e+01
   1.6890000e+01   3.9399616e+01   3.8917355e+01
   1.6895000e+01   3.9397104e+01   3.9107472e+01
   1.6900000e+01   3.9394569e+01   3.8887903e+01
   1.6905000e+01   3.9392011e+01   3.9559547e+01
   1.6910000e+01   3.9389432e+01   3.9479108e+01
   1.6915000e+01   3.9386832e+01   3.9809611e+01
   1.6920000e+01   3.9384214e+01   3.9547846e+01
   1.6925000e+01   3.9381580e+01   3.9526474e+01
   1.6930000e+01   3.9378933e+01   3.9555423e+01
   1.6935000e+01   3.9376276e+01   3.9127416e+01
   1.6940000e+01   3.9373612e+01   3.9088999e+01
   1.6945000e+01   3.9370946e+01   3.9331694e+01
   1.6950000e+01   3.9368282e+01   3.9171340e+01
   1.6955000e+01   3.9365625e+01   3.9576124e+01
   1.6960000e+01   3.9362980e+01   3.9871826e+01
   1.6965000e+01   3.9360354e+01   3.9936908e+01
   1.6970000e+01   3.9357751e+01   3.9739599e+01
   1.6975000e+01   3.9355180e+01   3.9945675e+01
   1.6980000e+01   3.9352647e+01   3.8929501e+01
   1.6985000e+01   3.9350161e+01   3.8860385e+01
   1.6990000e+01   3.9347730e+01   3.9067404e+01
   1.6995000e+01   3.9345363e+01   3.9040156e+01
   1.7000000e+01   3.9343069e+01   3.9441412e+01
   1.7005000e+01   3.9340859e+01   3.9280418e+01
   1.7010000e+01   3.9338741e+01   3.9693658e+01
   1.7015000e+01   3.9336726e+01   3.9828950e+01
   1.7020000e+01   3.9334824e+01   3.9301409e+01
   1.7025000e+01   3.9333048e+01   3.9210003e+01
   1.7030000e+01   3.9331407e+01   3.8672030e+01
   1.7035000e+01   3.9329914e+01   3.8814729e+01
   1.7040000e+01   3.9328580e+01   3.9094115e+01
   1.7045000e+01   3.9327416e+01   3.9467386e+01
   1.7050000e+01   3.9326435e+01   3.9685482e+01
   1.7055000e+01   3.9325648e+01   3.9666500e+01
   1.7060000e+01   3.9325068e+01   3.9553605e+01
   1.7065000e+01   3.9324707e+01   3.9300711e+01
   1.7070000e+01   3.9324575e+01   3.9548349e+01
   1.7075000e+01   3.9324686e+01   3.9241413e+01
   1.7080000e+01   3.9325050e+01   3.8896028e+01
   1.7085000e+01   3.9325679e+01   3.8935069e+01
   1.7090000e+01   3.9326584e+01   3.9117834e+01
   1.7095000e+01   3.9327777e+01   3.9163688e+01
   1.7100000e+01   3.9329268e+01   3.9398942e+01
   1.7105000e+01   3.9331068e+01   3.9610407e+01
   1.7110000e+01   3.9333186e+01   3.9545246e+01
   1.7115000e+01   3.9335632e+01   3.9791275e+01
   1.7120000e+01   3.9338416e+01   3.9341296e+01
   1.7125000e+01   3.9341546e+01   3.9209552e+01
   1.7130000e+01   3.9345029e+01   3.9428976e+01
   1.7135000e+01   3.9348875e+01   3.8973670e+01
   1.7140000e+01   3.9353089e+01   3.9165352e+01
   1.7145000e+01   3.9357679e+01   3.9192069e+01
   1.7150000e+01   3.9362651e+01   3.9739680e+01
   1.7155000e+01   3.9368011e+01   3.9620545e+01
   1.7160000e+01   3.9373763e+01   3.9492983e+01
   1.7165000e+01   3.9379912e+01   3.9586891e+01
   1.7170000e+01   3.9386462e+01   3.8961491e+01
   1.7175000e+01   3.9393416e+01   3.8565584e+01
   1.7180000e+01   3.9400775e+01   3.9392288e+01
   1.7185000e+01   3.9408541e+01   3.9443907e+01
   1.7190000e+01   3.9416716e+01   3.9529360e+01
   1.7195000e+01   3.9425299e+01   3.9254007e+01
   1.7200000e+01   3.9434290e+01   3.9686109e+01
   1.7205000e+01   3.9443687e+01   4.0230380e+01
   1.7210000e+01   3.9453488e+01   3.9804761e+01
   1.7215000e+01   3.9463690e+01   3.9286737e+01
   1.7220000e+01   3.9474288e+01   3.9122844e+01
   1.7225000e+01   3.9485277e+01   3.9067230e+01
   1.7230000e+01   3.9496652e+01   3.9128963e+01
   1.7235000e+01   3.9508407e+01   3.9172701e+01
   1.7240000e+01   3.9520533e+01   4.0007382e+01
   1.7245000e+01   3.9533022e+01   4.0004754e+01
   1.7250000e+01   3.9545866e+01   3.9972516e+01
   1.7255000e+01   3.9559055e+01   4.0141825e+01
   1.7260000e+01   3.9572578e+01   3.9470561e+01
   1.7265000e+01   3.9586426e+01   3.9457021e+01
   1.7270000e+01   3.9600585e+01   3.9314292e+01
   1.7275000e+01   3.9615044e+01   3.9035224e+01
   1.7280000e+01   3.9629788e+01   3.9524989e+01
   1.7285000e+01   3.9644804e+01   3.9572343e+01
   1.7290000e+01   3.9660077e+01   4.0102241e+01
   1.7295000e+01   3.9675591e+01   4.0144246e+01
   1.7300000e+01   3.9691332e+01   3.9909389e+01
   1.7305000e+01   3.9707281e+01   4.0190371e+01
   1.7310000e+01   3.9723422e+01   3.9933507e+01
   1.7315000e+01   3.9739737e+01   3.9688947e+01
   1.7320000e+01   3.9756207e+01   3.9587882e+01
   1.7325000e+01   3.9772814e+01   3.9384224e+01
   1.7330000e+01   3.9789538e+01   3.9346651e+01
   1.7335000e+01   3.9806358e+01   4.0016030e+01
   1.7340000e+01   3.9823254e+01   4.0269040e+01
   1.7345000e+01   3.9840205e+01   4.0392057e+01
   1.7350000e+01   3.9857190e+01   3.9930680e+01
   1.7355000e+01   3.9874187e+01   3.9855003e+01
   1.7360000e+01   3.9891176e+01   3.9923344e+01
   1.7365000e+01   3.9908133e+01   3.9753642e+01
   1.7370000e+01   3.9925038e+01   3.9748674e+01
   1.7375000e+01   3.9941868e+01   3.9519886e+01
   1.7380000e+01   3.9958601e+01   4.0081228e+01
   1.7385000e+01   3.9975216e+01   4.0232327e+01
   1.7390000e+01   3.9991690e+01   4.0461888e+01
   1.7395000e+01   4.0008002e+01   3.9851278e+01
   1.7400000e+01   4.0024130e+01   4.0048359e+01
   1.7405000e+01   4.0040052e+01   4.0337224e+01
   1.7410000e+01   4.0055748e+01   4.0055858e+01
   1.7415000e+01   4.0071196e+01   3.9392926e+01
   1.7420000e+01   4.0086376e+01   3.9622017e+01
   1.7425000e+01   4.0101269e+01   3.9470422e+01
   1.7430000e+01   4.0115854e+01   4.0220140e+01
   1.7435000e+01   4.0130113e+01   4.0368721e+01
   1.7440000e+01   4.0144027e+01   4.0354167e+01
   1.7445000e+01   4.0157578e+01   4.0269653e+01
   1.7450000e+01   4.0170749e+01   4.0106670e+01
   1.7455000e+01   4.0183524e+01   3.9711385e+01
   1.7460000e+01   4.0195886e+01   3.9616017e+01
   1.7465000e+01   4.0207820e+01   3.9956048e+01
   1.7470000e+01   4.0219313e+01   4.0008107e+01
   1.7475000e+01   4.0230349e+01   4.0398425e+01
   1.7480000e+01   4.0240918e+01   4.0513955e+01
   1.7485000e+01   4.0251005e+01   4.0545508e+01
   1.7490000e+01   4.0260601e+01   4.0535202e+01
   1.7495000e+01   4.0269694e+01   4.0211546e+01
   1.7500000e+01   4.0278275e+01   4.0151543e+01
   1.7505000e+01   4.0286335e+01   4.0037084e+01
   1.7510000e+01   4.0293866e+01   3.9883008e+01
   1.7515000e+01   4.0300860e+01   3.9615457e+01
   1.7520000e+01   4.0307310e+01   3.9969586e+01
   1.7525000e+01   4.0313213e+01   4.0148729e+01
   1.7530000e+01   4.0318563e+01   4.0640774e+01
   1.7535000e+01   4.0323357e+01   4.0656259e+01
   1.7540000e+01   4.0327591e+01   4.0513195e+01
   1.7545000e+01   4.0331264e+01   4.0240414e+01
   1.7550000e+01   4.0334375e+01   4.0023070e+01
   1.7555000e+01   4.0336923e+01   3.9594497e+01
   1.7560000e+01   4.0338910e+01   4.0262858e+01
   1.7565000e+01   4.0340337e+01   3.9882795e+01
   1.7570000e+01   4.0341206e+01   3.9779025e+01
   1.7575000e+01   4.0341523e+01   4.0423784e+01
   1.7580000e+01   4.0341292e+01   4.0771418e+01
   1.7585000e+01   4.0340517e+01   4.0505741e+01
   1.7590000e+01   4.0339206e+01   4.0507038e+01
   1.7595000e+01   4.0337364e+01   4.0367317e+01
   1.7600000e+01   4.0335001e+01   4.0145679e+01
   1.7605000e+01   4.0332124e+01   4.0222144e+01
   1.7610000e+01   4.0328743e+01   3.9702906e+01
   1.7615000e+01   4.0324868e+01   4.0395450e+01
   1.7620000e+01   4.0320508e+01   4.0655454e+01
   1.7625000e+01   4.0315675e+01   4.0672114e+01
   1.7630000e+01   4.0310382e+01   4.0473797e+01
   1.7635000e+01   4.0304641e+01   4.0362834e+01
   1.7640000e+01   4.0298463e+01   4.0330415e+01
   1.7645000e+01   4.0291864e+01   4.0108069e+01
   1.7650000e+01   4.0284856e+01   4.0059670e+01
   1.7655000e+01   4.0277454e+01   4.0114494e+01
   1.7660000e+01   4.0269673e+01   4.0192104e+01
   1.7665000e+01   4.0261528e+01   4.0387922e+01
   1.7670000e+01   4.0253035e+01   4.0392542e+01
   1.7675000e+01   4.0244209e+01   4.0526400e+01
   1.7680000e+01   4.0235069e+01   4.0609882e+01
   1.7685000e+01   4.0225629e+01   4.0547032e+01
   1.7690000e+01   4.0215907e+01   4.0037042e+01
   1.7695000e+01   4.0205920e+01   4.0143997e+01
   1.7700000e+01   4.0195685e+01   3.9852211e+01
   1.7705000e+01   4.0185218e+01   3.9500551e+01
   1.7710000e+01   4.0174536e+01   3.9864692e+01
   1.7715000e+01   4.0163657e+01   4.0211846e+01
   1.7720000e+01   4.0152597e+01   4.0480184e+01
   1.7725000e+01   4.0141372e+01   4.0610874e+01
   1.7730000e+01   4.0130000e+01   4.0507988e+01
   1.7735000e+01   4.0118496e+01   4.0410671e+01
   1.7740000e+01   4.0106877e+01   4.0065114e+01
   1.7745000e+01   4.0095159e+01   3.9736096e+01
   1.7750000e+01   4.0083358e+01   3.9945359e+01
   1.7755000e+01   4.0071488e+01   3.9804992e+01
   1.7760000e+01   4.0059565e+01   3.9956521e+01
   1.7765000e+01   4.0047605e+01   3.9954425e+01
   1.7770000e+01   4.0035621e+01   4.0503134e+01
   1.7775000e+01   4.0023626e+01   4.0216164e+01
   1.7780000e+01   4.0011636e+01   4.0423760e+01
   1.7785000e+01   3.9999663e+01   3.9775668e+01
   1.7790000e+01   3.9987719e+01   3.9846310e+01
   1.7795000e+01   3.9975817e+01   3.9566332e+01
   1.7800000e+01   3.9963968e+01   3.9613152e+01
   1.7805000e+01   3.9952183e+01   3.9475740e+01
   1.7810000e+01   3.9940474e+01   3.9850484e+01
   1.7815000e+01   3.9928850e+01   4.0352050e+01
   1.7820000e+01   3.9917321e+01   4.0722244e+01
   1.7825000e+01   3.9905896e+01   4.0356640e+01
   1.7830000e+01   3.9894584e+01   3.9673080e+01
   1.7835000e+01   3.9883392e+01   3.9713483e+01
   1.7840000e+01   3.9872329e+01   3.9686110e+01
   1.7845000e+01   3.9861401e+01   3.9373717e+01
   1.7850000e+01   3.9850616e+01   3.9979666e+01
   1.7855000e+01   3.9839979e+01   3.9730223e+01
   1.7860000e+01   3.9829497e+01   4.0215356e+01
   1.7865000e+01   3.9819176e+01   4.0177569e+01
   1.7870000e+01   3.9809020e+01   4.0170876e+01
   1.7875000e+01   3.9799033e+01   4.0413296e+01
   1.7880000e+01   3.9789221e+01   3.9592414e+01
   1.7885000e+01   3.9779585e+01   3.9501956e+01
   1.7890000e+01   3.9770131e+01   3.9130602e+01
   1.7895000e+01   3.9760859e+01   3.9480151e+01
   1.7900000e+01   3.9751774e+01   3.9632128e+01
   1.7905000e+01   3.9742878e+01   3.9860553e+01
   1.7910000e+01   3.9734171e+01   4.0169858e+01
   1.7915000e+01   3.9725657e+01   3.9809506e+01
   1.7920000e+01   3.9717336e+01   4.0319985e+01
   1.7925000e+01   3.9709208e+01   3.9498699e+01
   1.7930000e+01   3.9701274e+01   3.9744073e+01
   1.7935000e+01   3.9693535e+01   3.9044250e+01
   1.7940000e+01   3.9685991e+01   3.9498463e+01
   1.7945000e+01   3.9678641e+01   3.9438489e+01
   1.7950000e+01   3.9671486e+01   3.9804084e+01
   1.7955000e+01   3.9664525e+01   3.9918753e+01
   1.7960000e+01   3.9657759e+01   4.0211010e+01
   1.7965000e+01   3.9651186e+01   3.9880704e+01
   1.7970000e+01   3.9644807e+01   3.9582141e+01
   1.7975000e+01   3.9638621e+01   3.9292307e+01
   1.7980000e+01   3.9632628e+01   3.9869791e+01
   1.7985000e+01   3.9626827e+01   3.9532300e+01
   1.7990000e+01   3.9621218e+01   3.9434830e+01
   1.7995000e+01   3.9615800e+01   3.9506532e+01
   1.8000000e+01   3.9610575e+01   3.9414639e+01
   1.8005000e+01   3.9605541e+01   3.9847459e+01
   1.8010000e+01   3.9600699e+01   3.9886374e+01
   1.8015000e+01   3.9596049e+01   4.0008293e+01
   1.8020000e+01   3.9591590e+01   3.9647094e+01
   1.8025000e+01   3.9587324e+01   4.0026900e+01
   1.8030000e+01   3.9583251e+01   3.9078968e+01
   1.8035000e+01   3.9579370e+01   3.9387688e+01
   1.8040000e+01   3.9575684e+01   3.9411666e+01
   1.8045000e+01   3.9572194e+01   3.9397412e+01
   1.8050000e+01   3.9568899e+01   4.0289326e+01
   1.8055000e+01   3.9565804e+01   3.9767967e+01
   1.8060000e+01   3.9562908e+01   3.9886504e+01
   1.8065000e+01   3.9560215e+01   4.0259839e+01
   1.8070000e+01   3.9557726e+01   3.9962173e+01
   1.8075000e+01   3.9555445e+01   3.9098583e+01
   1.8080000e+01   3.9553374e+01   3.9459908e+01
   1.8085000e+01   3.9551516e+01   3.9295012e+01
   1.8090000e+01   3.9549875e+01   3.9435399e+01
   1.8095000e+01   3.9548455e+01   3.9425623e+01
   1.8100000e+01   3.9547258e+01   3.9489366e+01
   1.8105000e+01   3.9546288e+01   3.9608784e+01
   1.8110000e+01   3.9545550e+01   3.9635892e+01
   1.8115000e+01   3.9545047e+01   3.9601859e+01
   1.8120000e+01   3.9544783e+01   3.9264969e+01
   1.8125000e+01   3.9544762e+01   3.9498858e+01
   1.8130000e+01   3.9544989e+01   3.9247109e+01
   1.8135000e+01   3.9545467e+01   3.9289152e+01
   1.8140000e+01   3.9546201e+01   3.9173651e+01
   1.8145000e+01   3.9547194e+01   3.9790762e+01
   1.8150000e+01   3.9548452e+01   3.9329398e+01
   1.8155000e+01   3.9549978e+01   3.9771155e+01
   1.8160000e+01   3.9551776e+01   3.9940557e+01
   1.8165000e+01   3.9553850e+01   4.0030661e+01
   1.8170000e+01   3.9556203e+01   3.9324252e+01
   1.8175000e+01   3.9558839e+01   3.9420702e+01
   1.8180000e+01   3.9561762e+01   3.9667279e+01
   1.8185000e+01   3.9564973e+01   3.9208443e+01
   1.8190000e+01   3.9568477e+01   3.9406141e+01
   1.8195000e+01   3.9572274e+01   4.0231809e+01
   1.8200000e+01   3.9576368e+01   3.9932814e+01
   1.8205000e+01   3.9580759e+01   4.0138201e+01
   1.8210000e+01   3.9585447e+01   3.9834551e+01
   1.8215000e+01   3.9590434e+01   3.9707399e+01
   1.8220000e+01   3.9595720e+01   3.9487659e+01
   1.8225000e+01   3.9601303e+01   3.9343015e+01
   1.8230000e+01   3.9607183e+01   3.8742251e+01
   1.8235000e+01   3.9613357e+01   3.9368010e+01
   1.8240000e+01   3.9619824e+01   3.9616135e+01
   1.8245000e+01   3.9626580e+01   3.9726781e+01
   1.8250000e+01   3.9633622e+01   3.9827757e+01
   1.8255000e+01   3.9640945e+01   3.9815582e+01
   1.8260000e+01   3.9648544e+01   3.9494593e+01
   1.8265000e+01   3.9656414e+01   3.9526305e+01
   1.8270000e+01   3.9664548e+01   3.9199381e+01
   1.8275000e+01   3.9672938e+01   3.9174894e+01
   1.8280000e+01   3.9681578e+01   3.9115374e+01
   1.8285000e+01   3.9690458e+01   3.9833147e+01
   1.8290000e+01   3.9699570e+01   3.9517570e+01
   1.8295000e+01   3.9708902e+01   4.0197529e+01
   1.8300000e+01   3.9718445e+01   4.0050688e+01
   1.8305000e+01   3.9728185e+01   4.0051832e+01
   1.8310000e+01   3.9738112e+01   3.9585810e+01
   1.8315000e+01   3.9748211e+01   3.9624142e+01
   1.8320000e+01   3.9758468e+01   3.9602616e+01
   1.8325000e+01   3.9768870e+01   3.9501995e+01
   1.8330000e+01   3.9779401e+01   3.9663043e+01
   1.8335000e+01   3.9790044e+01   3.9872339e+01
   1.8340000e+01   3.9800784e+01   4.0043828e+01
   1.8345000e+01   3.9811604e+01   4.0194041e+01
   1.8350000e+01   3.9822485e+01   4.0033810e+01
   1.8355000e+01   3.9833410e+01   3.9584693e+01
   1.8360000e+01   3.9844361e+01   3.9928841e+01
   1.8365000e+01   3.9855318e+01   3.9425854e+01
   1.8370000e+01   3.9866262e+01   3.9499207e+01
   1.8375000e+01   3.9877174e+01   3.9596759e+01
   1.8380000e+01   3.9888034e+01   3.9971361e+01
   1.8385000e+01   3.9898821e+01   4.0377455e+01
   1.8390000e+01   3.9909517e+01   3.9797855e+01
   1.8395000e+01   3.9920099e+01   4.0313896e+01
   1.8400000e+01   3.9930549e+01   4.0055072e+01
   1.8405000e+01   3.9940846e+01   3.9655683e+01
   1.8410000e+01   3.9950968e+01   3.9656026e+01
   1.8415000e+01   3.9960897e+01   3.9587121e+01
   1.8420000e+01   3.9970612e+01   4.0100138e+01
   1.8425000e+01   3.9980092e+01   3.9528215e+01
   1.8430000e+01   3.9989319e+01   4.0441308e+01
   1.8435000e+01   3.9998273e+01   4.0266358e+01
   1.8440000e+01   4.0006935e+01   4.0522611e+01
   1.8445000e+01   4.0015286e+01   4.0218766e+01
   1.8450000e+01   4.0023309e+01   3.9920759e+01
   1.8455000e+01   4.0030986e+01   4.0044100e+01
   1.8460000e+01   4.0038300e+01   3.9899794e+01
   1.8465000e+01   4.0045236e+01   3.9880685e+01
   1.8470000e+01   4.0051778e+01   3.9749016e+01
   1.8475000e+01   4.0057913e+01   4.0201462e+01
   1.8480000e+01   4.0063627e+01   4.0192417e+01
   1.8485000e+01   4.0068908e+01   4.0653708e+01
   1.8490000e+01   4.0073746e+01   4.0441712e+01
   1.8495000e+01   4.0078129e+01   4.0242855e+01
   1.8500000e+01   4.0082049e+01   3.9743758e+01
   1.8505000e+01   4.0085497e+01   4.0330105e+01
   1.8510000e+01   4.0088467e+01   3.9893378e+01
   1.8515000e+01   4.0090952e+01   3.9686801e+01
   1.8520000e+01   4.0092949e+01   3.9965031e+01
   1.8525000e+01   4.0094454e+01   4.0085748e+01
   1.8530000e+01   4.0095466e+01   4.0225254e+01
   1.8535000e+01   4.0095982e+01   4.0280147e+01
   1.8540000e+01   4.0096004e+01   4.0079928e+01
   1.8545000e+01   4.0095534e+01   4.0488775e+01
   1.8550000e+01   4.0094575e+01   4.0159781e+01
   1.8555000e+01   4.0093132e+01   3.9764613e+01
   1.8560000e+01   4.0091210e+01   3.9665182e+01
   1.8565000e+01   4.0088818e+01   4.0027273e+01
   1.8570000e+01   4.0085963e+01   3.9650767e+01
   1.8575000e+01   4.0082656e+01   3.9670373e+01
   1.8580000e+01   4.0078909e+01   4.0223762e+01
   1.8585000e+01   4.0074734e+01   4.0223788e+01
   1.8590000e+01   4.0070145e+01   4.0574210e+01
   1.8595000e+01   4.0065156e+01   3.9905465e+01
   1.8600000e+01   4.0059785e+01   3.9511244e+01
   1.8605000e+01   4.0054047e+01   3.9412343e+01
   1.8610000e+01   4.0047962e+01   3.9623814e+01
   1.8615000e+01   4.0041548e+01   4.0002957e+01
   1.8620000e+01   4.0034826e+01   3.9563889e+01
   1.8625000e+01   4.0027817e+01   4.0170552e+01
   1.8630000e+01   4.0020543e+01   4.0214090e+01
   1.8635000e+01   4.0013025e+01   4.0547395e+01
   1.8640000e+01   4.0005288e+01   4.0548217e+01
   1.8645000e+01   3.9997354e+01   4.0008035e+01
   1.8650000e+01   3.9989250e+01   3.9853827e+01
   1.8655000e+01   3.9980999e+01   3.9503415e+01
   1.8660000e+01   3.9972627e+01   3.9497426e+01
   1.8665000e+01   3.9964160e+01   3.9870355e+01
   1.8670000e+01   3.9955624e+01   4.0255384e+01
   1.8675000e+01   3.9947044e+01   4.0701658e+01
   1.8680000e+01   3.9938447e+01   4.0335936e+01
   1.8685000e+01   3.9929859e+01   3.9965465e+01
   1.8690000e+01   3.9921305e+01   3.9748393e+01
   1.8695000e+01   3.9912811e+01   3.9491442e+01
   1.8700000e+01   3.9904402e+01   3.9700203e+01
   1.8705000e+01   3.9896103e+01   3.9643149e+01
   1.8710000e+01   3.9887937e+01   3.9729964e+01
   1.8715000e+01   3.9879930e+01   4.0009136e+01
   1.8720000e+01   3.9872102e+01   4.0092986e+01
   1.8725000e+01   3.9864477e+01   4.0102523e+01
   1.8730000e+01   3.9857076e+01   4.0251441e+01
   1.8735000e+01   3.9849916e+01   4.0106328e+01
   1.8740000e+01   3.9843016e+01   3.9550241e+01
   1.8745000e+01   3.9836392e+01   3.9094436e+01
   1.8750000e+01   3.9830060e+01   3.9348845e+01
   1.8755000e+01   3.9824032e+01   3.9315976e+01
   1.8760000e+01   3.9818322e+01   3.9551155e+01
   1.8765000e+01   3.9812940e+01   4.0147258e+01
   1.8770000e+01   3.9807895e+01   3.9962873e+01
   1.8775000e+01   3.9803194e+01   4.0126716e+01
   1.8780000e+01   3.9798843e+01   4.0612856e+01
   1.8785000e+01   3.9794845e+01   3.9832392e+01
   1.8790000e+01   3.9791202e+01   3.9404684e+01
   1.8795000e+01   3.9787915e+01   3.9502383e+01
   1.8800000e+01   3.9784980e+01   3.9163686e+01
   1.8805000e+01   3.9782394e+01   3.9433366e+01
   1.8810000e+01   3.9780150e+01   3.9692908e+01
   1.8815000e+01   3.9778241e+01   4.0012065e+01
   1.8820000e+01   3.9776656e+01   4.0361889e+01
   1.8825000e+01   3.9775380e+01   4.0118608e+01
   1.8830000e+01   3.9774401e+01   3.9884410e+01
   1.8835000e+01   3.9773699e+01   3.9742978e+01
   1.8840000e+01   3.9773257e+01   3.9263400e+01
   1.8845000e+01   3.9773052e+01   3.9505375e+01
   1.8850000e+01   3.9773061e+01   3.9364208e+01
   1.8855000e+01   3.9773258e+01   3.9773819e+01
   1.8860000e+01   3.9773616e+01   3.9831291e+01
   1.8865000e+01   3.9774107e+01   3.9893718e+01
   1.8870000e+01   3.9774697e+01   3.9777305e+01
   1.8875000e+01   3.9775356e+01   4.0054912e+01
   1.8880000e+01   3.9776046e+01   3.9912738e+01
   1.8885000e+01   3.9776733e+01   3.9482534e+01
   1.8890000e+01   3.9777379e+01   3.9178913e+01
   1.8895000e+01   3.9777942e+01   3.9208425e+01
   1.8900000e+01   3.9778384e+01   3.9778790e+01
   1.8905000e+01   3.9778543e+01   3.9641622e+01
   1.8910000e+01   3.9778369e+01   4.0058104e+01
   1.8915000e+01   3.9777808e+01   4.0116187e+01
   1.8920000e+01   3.9776807e+01   4.0292824e+01
   1.8925000e+01   3.9775309e+01   3.9823870e+01
   1.8930000e+01   3.9773258e+01   3.9711619e+01
   1.8935000e+01   3.9770599e+01   3.9854848e+01
   1.8940000e+01   3.9767274e+01   3.9565618e+01
   1.8945000e+01   3.9763226e+01   3.9911877e+01
   1.8950000e+01   3.9758397e+01   3.9697146e+01
   1.8955000e+01   3.9752729e+01   4.0009516e+01
   1.8960000e+01   3.9746167e+01   4.0263371e+01
   1.8965000e+01   3.9738652e+01   4.0282698e+01
   1.8970000e+01   3.9730130e+01   3.9798507e+01
   1.8975000e+01   3.9720544e+01   3.9364053e+01
   1.8980000e+01   3.9709842e+01   3.9657856e+01
   1.8985000e+01   3.9697970e+01   3.9206592e+01
   1.8990000e+01   3.9684878e+01   3.9772137e+01
   1.8995000e+01   3.9670515e+01   3.9564798e+01
