data;USD;AUD;CAD;EUR;HUF_100;CHF;GBP;JPY_100;CZK
20160104;3.8621;2.8261;2.7821;4.2189;1.3465;3.9000;5.7283;3.2087;0.1561
20160105;3.9259;2.8225;2.8290;4.2566;1.3493;3.9154;5.7858;3.2984;0.1575
20160107;3.9712;2.8399;2.8426;4.2633;1.3553;3.9321;5.8235;3.3328;0.1577
20160108;3.9592;2.7768;2.8104;4.2941;1.3661;3.9499;5.7775;3.3544;0.1588
20160111;3.9650;2.7716;2.8098;4.3090;1.3649;3.9716;5.7784;3.3552;0.1595
20160112;3.9630;2.7803;2.8069;4.3182;1.3604;3.9756;5.7761;3.3693;0.1597
20160113;3.9793;2.7905;2.8007;4.3167;1.3648;3.9731;5.7304;3.3776;0.1597
20160114;3.9585;2.7785;2.7840;4.2949;1.3617;3.9260;5.7105;3.3509;0.1590
20160115;3.9818;2.7623;2.7655;4.3451;1.3755;3.9710;5.7384;3.3890;0.1609
20160118;3.9808;2.7439;2.7562;4.3621;1.3899;3.9868;5.7141;3.4038;0.1615
20160119;4.0532;2.7880;2.7922;4.4174;1.3998;4.0358;5.7891;3.4547;0.1633
20160120;4.0331;2.7902;2.7769;4.3939;1.3951;4.0176;5.7138;3.4271;0.1626
20160121;4.0729;2.7958;2.7856;4.4446;1.4103;4.0717;5.7880;3.4968;0.1644
20160122;4.1037;2.8430;2.8487;4.4471;1.4144;4.0624;5.7927;3.5070;0.1644
20160125;4.0803;2.8708;2.8817;4.4139;1.4135;4.0245;5.8525;3.4432;0.1633
20160126;4.0821;2.8513;2.8766;4.4248;1.4144;4.0278;5.8267;3.4476;0.1637
20160127;4.0794;2.8539;2.8819;4.4189;1.4136;4.0069;5.8261;3.4444;0.1634
20160128;4.0731;2.8732;2.8897;4.4332;1.4127;4.0081;5.8209;3.4345;0.1640
20160129;4.0377;2.8699;2.8802;4.4100;1.4064;3.9846;5.7927;3.3958;0.1633
20160201;4.0405;2.8666;2.8846;4.3784;1.4058;3.9453;5.7572;3.3211;0.1620
20160202;3.9910;2.8235;2.8449;4.3532;1.3995;3.9266;5.7219;3.3059;0.1611
20160203;3.9876;2.8087;2.8361;4.3590;1.4004;3.9152;5.7472;3.3140;0.1613
20160204;3.9637;2.8193;2.8631;4.3703;1.4046;3.9215;5.7854;3.3473;0.1617
20160205;3.8999;2.8209;2.8559;4.3718;1.4081;3.9204;5.6955;3.3345;0.1618
20160208;3.9181;2.7861;2.8326;4.3624;1.4089;3.9332;5.6787;3.3479;0.1614
20160209;3.9536;2.7962;2.8352;4.4015;1.4155;3.9839;5.6941;3.4054;0.1628
20160210;3.9070;2.7553;2.8287;4.4058;1.4122;4.0141;5.6347;3.3975;0.1630
20160211;3.8991;2.7665;2.8019;4.3781;1.4039;3.9958;5.6433;3.3972;0.1619
20160212;3.8736;2.7505;2.7828;4.3849;1.4086;3.9750;5.5952;3.4430;0.1622
20160215;3.8776;2.7403;2.7833;4.3689;1.4089;3.9741;5.6112;3.4412;0.1615
20160216;3.9060;2.7939;2.8253;4.3530;1.4074;3.9532;5.6525;3.4144;0.1610
20160217;3.9150;2.7872;2.8177;4.3632;1.4013;3.9614;5.5968;3.4349;0.1614
20160218;3.9150;2.7863;2.8367;4.3530;1.4071;3.9426;5.5786;3.4261;0.1611
20160219;3.9060;2.7946;2.8533;4.3346;1.3971;3.9271;5.6119;3.4335;0.1604
20160222;3.9044;2.7668;2.8265;4.3364;1.4021;3.9413;5.5727;3.4596;0.1605
20160223;3.9278;2.8370;2.8677;4.3258;1.4077;3.9335;5.5416;3.4720;0.1599
20160224;3.9296;2.8405;2.8535;4.3243;1.4079;3.9548;5.5323;3.5003;0.1599
20160225;3.9322;2.8141;2.8421;4.3312;1.3944;3.9784;5.4798;3.5283;0.1602
20160226;3.9200;2.8214;2.8751;4.3163;1.3885;3.9503;5.4564;3.4764;0.1595
20160229;3.9422;2.8312;2.9108;4.3157;1.3859;3.9492;5.4782;3.4650;0.1596
20160301;3.9555;2.8277;2.9303;4.3100;1.3853;3.9601;5.4995;3.5069;0.1594
20160302;3.9585;2.8298;2.9355;4.2951;1.3850;3.9653;5.5147;3.4945;0.1588
20160303;3.9571;2.8610;2.9359;4.2896;1.3810;3.9618;5.5510;3.4747;0.1586
20160304;3.9387;2.8940;2.9318;4.3014;1.3916;3.9697;5.5638;3.4670;0.1590
20160307;3.8893;2.8875;2.9053;4.2907;1.3899;3.9333;5.5324;3.4333;0.1586
20160308;3.9123;2.9063;2.9309;4.2833;1.3806;3.9128;5.5393;3.4436;0.1583
20160309;3.8803;2.8886;2.9006;4.2843;1.3827;3.9071;5.5037;3.4408;0.1583
20160310;3.8931;2.9190;2.9051;4.2688;1.3803;3.8940;5.5288;3.4484;0.1578
20160311;3.8634;2.8788;2.9075;4.2688;1.3735;3.8879;5.4939;3.3885;0.1578
20160314;3.8294;2.8953;2.8983;4.2667;1.3750;3.8935;5.4926;3.3756;0.1576
20160315;3.8199;2.8653;2.8744;4.2407;1.3684;3.8712;5.4729;3.3582;0.1568
20160316;3.8343;2.8590;2.8651;4.2519;1.3684;3.8846;5.4312;3.3944;0.1572
20160317;3.8397;2.8534;2.8731;4.2491;1.3633;3.8750;5.4070;3.3756;0.1571
20160318;3.7541;2.8643;2.8862;4.2478;1.3675;3.8883;5.4319;3.3692;0.1571
20160321;3.7387;2.8470;2.8806;4.2228;1.3612;3.8620;5.4174;3.3556;0.1561
20160322;3.7447;2.8400;2.8628;4.2156;1.3566;3.8635;5.3815;3.3525;0.1559
20160323;3.7533;2.8614;2.8759;4.2153;1.3512;3.8681;5.3426;3.3598;0.1558
20160324;3.7697;2.8489;2.8598;4.2159;1.3448;3.8732;5.3272;3.3469;0.1558
20160325;3.7890;2.8488;2.8536;4.2278;1.3460;3.8796;5.3543;3.3666;0.1561
20160329;3.7785;2.8400;2.8531;4.2192;1.3463;3.8667;5.3414;3.3412;0.1560
20160330;3.7582;2.8294;2.8522;4.2110;1.3391;3.8570;5.3643;3.3141;0.1555
20160331;3.7244;2.8637;2.8714;4.2183;1.3419;3.8673;5.3726;3.3099;0.1557
20160401;3.6962;2.8450;2.8672;4.2150;1.3409;3.8565;5.3103;3.2933;0.1558
20160404;3.6929;2.8128;2.8173;4.1991;1.3400;3.8490;5.2371;3.2938;0.1554
20160405;3.6802;2.8052;2.8244;4.1956;1.3413;3.8427;5.2590;3.3035;0.1550
20160406;3.7128;2.7910;2.8107;4.2159;1.3478;3.8733;5.2574;3.3581;0.1559
20160407;3.7140;2.8110;2.8237;4.2298;1.3529;3.8814;5.2274;3.3737;0.1565
20160408;3.7466;2.8203;2.8535;4.2529;1.3618;3.9156;5.2828;3.4637;0.1574
20160411;3.7306;2.8180;2.8657;4.2485;1.3586;3.9086;5.2594;3.4358;0.1571
20160412;3.6949;2.8174;2.8640;4.2288;1.3562;3.8876;5.2771;3.4195;0.1565
20160413;3.7389;2.8511;2.8995;4.2514;1.3662;3.9076;5.3209;3.4439;0.1573
20160414;3.7636;2.8786;2.9408;4.2455;1.3669;3.8983;5.3497;3.4493;0.1570
20160415;3.7737;2.9105;2.9382;4.2556;1.3664;3.9080;5.3352;3.4616;0.1574
20160418;3.7644;2.8957;2.9214;4.2520;1.3696;3.8930;5.3363;3.4562;0.1573
20160419;3.7731;2.9115;2.9324;4.2663;1.3734;3.9067;5.3607;3.4676;0.1579
20160420;3.7421;2.9256;2.9554;4.2590;1.3737;3.8975;5.3959;3.4301;0.1576
20160421;3.7418;2.9205;2.9532;4.2438;1.3720;3.8801;5.3866;3.4244;0.1570
20160422;3.7776;2.9318;2.9733;4.2656;1.3777;3.8851;5.4153;3.4505;0.1578
20160425;3.8270;2.9635;3.0258;4.3064;1.3901;3.9156;5.5143;3.4383;0.1593
20160426;3.8809;2.9947;3.0611;4.3684;1.4012;3.9809;5.6214;3.4917;0.1616
20160427;3.8199;2.9626;3.0227;4.3276;1.3874;3.9340;5.5890;3.4429;0.1601
20160428;3.8466;2.9230;3.0582;4.3542;1.3967;3.9571;5.6053;3.4602;0.1610
20160429;3.8371;2.9228;3.0550;4.3498;1.3986;3.9603;5.5874;3.5329;0.1608
20160502;3.7996;2.8937;3.0327;4.3467;1.3902;3.9536;5.5623;3.5388;0.1607
20160504;3.7645;2.8700;3.0046;4.3382;1.3958;3.9422;5.5289;3.5308;0.1604
20160505;3.7887;2.8309;2.9520;4.3532;1.3923;3.9596;5.4868;3.5451;0.1612
20160506;3.8394;2.8710;2.9884;4.3791;1.4006;3.9725;5.5579;3.5770;0.1620
20160509;3.8278;2.8197;2.9683;4.3727;1.3938;3.9467;5.5379;3.5851;0.1619
20160510;3.8400;2.8092;2.9568;4.3739;1.3867;3.9574;5.5338;3.5368;0.1618
20160511;3.8427;2.8293;2.9695;4.3751;1.3905;3.9459;5.5514;3.5240;0.1619
20160512;3.8314;2.8236;2.9736;4.3781;1.3895;3.9441;5.5377;3.5334;0.1621
20160513;3.8295;2.8148;2.9897;4.3696;1.3850;3.9599;5.5596;3.5183;0.1618
20160516;3.8582;2.8030;2.9837;4.3586;1.3801;3.9501;5.5383;3.5303;0.1613
20160517;3.8133;2.7803;2.9571;4.3210;1.3707;3.9084;5.4813;3.5040;0.1599
20160518;3.8153;2.7973;2.9518;4.3269;1.3713;3.9081;5.5155;3.4996;0.1601
20160519;3.8571;2.8015;2.9775;4.3481;1.3739;3.9294;5.6293;3.5179;0.1610
20160520;3.8910;2.8020;2.9598;4.3568;1.3767;3.9327;5.6777;3.5435;0.1612
20160523;3.9013;2.8181;2.9710;4.3779;1.3814;3.9364;5.6716;3.5307;0.1620
20160524;3.9268;2.8332;2.9862;4.3941;1.3839;3.9599;5.6823;3.5881;0.1625
20160525;3.9423;2.8234;2.9971;4.3967;1.3928;3.9710;5.7507;3.5861;0.1627
20160527;3.9183;2.8201;2.9860;4.3694;1.3901;3.9550;5.7624;3.5525;0.1617
20160530;3.8981;2.8057;2.9863;4.3466;1.3830;3.9311;5.7072;3.5536;0.1608
20160531;3.9070;2.8058;2.9894;4.3530;1.3859;3.9360;5.7134;3.5139;0.1611
20160601;3.8854;2.8171;2.9772;4.3402;1.3823;3.9265;5.6890;3.4961;0.1606
20160602;3.9023;2.8188;2.9706;4.3521;1.3855;3.9445;5.6164;3.5626;0.1610
20160603;3.8930;2.8121;2.9698;4.3455;1.3885;3.9346;5.6227;3.5850;0.1608
20160606;3.8321;2.8134;2.9651;4.3434;1.3912;3.9217;5.5817;3.5806;0.1608
20160607;3.8113;2.8105;2.9624;4.3260;1.3903;3.9172;5.4996;3.5567;0.1601
20160608;3.7892;2.8229;2.9647;4.3041;1.3862;3.9205;5.5216;3.5304;0.1592
20160609;3.7468;2.8010;2.9556;4.2728;1.3771;3.9055;5.4591;3.5084;0.1581
20160610;3.7840;2.8136;2.9723;4.2849;1.3766;3.9302;5.4756;3.5517;0.1585
20160613;3.8242;2.8318;3.0069;4.3158;1.3847;3.9652;5.4846;3.5798;0.1596
20160614;3.8647;2.8615;3.0223;4.3560;1.3941;4.0006;5.5139;3.6373;0.1611
20160615;3.9118;2.8852;3.0444;4.3832;1.3949;4.0503;5.5274;3.6876;0.1622
20160616;3.8937;2.8811;3.0185;4.3721;1.3925;4.0414;5.5217;3.6736;0.1615
20160617;3.9500;2.8851;3.0228;4.4033;1.3966;4.0800;5.5587;3.8024;0.1627
20160620;3.8977;2.8829;3.0325;4.3936;1.3967;4.0524;5.5665;3.7381;0.1624
20160621;3.8388;2.8686;3.0045;4.3555;1.3919;4.0023;5.6269;3.6743;0.1609
20160622;3.8806;2.9001;3.0300;4.3674;1.3891;4.0373;5.6945;3.7149;0.1614
20160623;3.8377;2.8809;3.0027;4.3433;1.3811;4.0137;5.6528;3.6713;0.1604
20160624;3.8058;2.8834;2.9817;4.3307;1.3805;3.9791;5.6334;3.6003;0.1602
20160627;3.9525;2.9520;3.0469;4.3722;1.3823;4.0480;5.4401;3.8629;0.1622
20160628;3.9951;2.9590;3.0638;4.4036;1.3862;4.0882;5.2852;3.9360;0.1622
20160629;3.9615;2.9287;3.0361;4.3812;1.3820;4.0481;5.3004;3.8610;0.1618
20160630;3.9387;2.9352;3.0304;4.3818;1.3834;4.0272;5.3265;3.8366;0.1618
20160701;3.9331;2.9255;3.0296;4.3732;1.3809;4.0356;5.2868;3.8279;0.1613
20160704;3.9139;2.9329;3.0380;4.3609;1.3749;4.0174;5.2090;3.8135;0.1608
20160705;3.9390;2.9649;3.0634;4.3854;1.3839;4.0510;5.2263;3.8392;0.1618
20160706;3.9501;2.9506;3.0483;4.4029;1.3909;4.0656;5.1714;3.8895;0.1628
20160707;3.9783;2.9793;3.0555;4.4005;1.3899;4.0703;5.1366;3.9456;0.1625
20160708;3.9513;2.9694;3.0643;4.3830;1.3903;4.0480;5.1306;3.9124;0.1620
20160711;3.9550;2.9789;3.0342;4.3707;1.3909;4.0229;5.1238;3.9274;0.1618
20160712;3.9649;2.9908;3.0256;4.3871;1.4004;4.0369;5.1480;3.8678;0.1622
20160713;3.9400;3.0076;3.0244;4.3699;1.3932;4.0066;5.1871;3.7672;0.1617
20160714;3.9350;2.9974;3.0117;4.3632;1.3894;3.9969;5.2098;3.7744;0.1615
20160715;3.9297;2.9947;3.0372;4.3674;1.3905;4.0037;5.2254;3.7178;0.1616
20160718;3.9407;2.9966;3.0515;4.3674;1.3851;4.0054;5.2392;3.7197;0.1616
20160719;3.9191;2.9732;3.0162;4.3368;1.3755;3.9875;5.1937;3.7154;0.1605
20160720;3.9320;2.9413;3.0167;4.3341;1.3759;3.9896;5.1591;3.6952;0.1603
20160721;3.9360;2.9385;3.0064;4.3295;1.3761;3.9802;5.1801;3.6957;0.1602
20160722;3.9229;2.9394;3.0072;4.3179;1.3754;3.9679;5.1757;3.6864;0.1598
20160725;3.9154;2.9220;2.9846;4.3123;1.3769;3.9714;5.1252;3.6979;0.1595
20160726;3.9276;2.9318;2.9730;4.3119;1.3800;3.9802;5.1495;3.7007;0.1596
20160727;3.9237;2.9527;2.9673;4.3131;1.3758;3.9583;5.1580;3.7464;0.1596
20160728;3.9322;2.9371;2.9834;4.3265;1.3800;3.9618;5.1631;3.7180;0.1601
20160729;3.8879;2.9250;2.9570;4.3174;1.3841;3.9676;5.1144;3.7118;0.1596
20160801;3.8692;2.9288;2.9517;4.3202;1.3860;3.9889;5.1050;3.7669;0.1598
20160802;3.8612;2.9228;2.9516;4.3124;1.3865;3.9908;5.0980;3.7754;0.1596
20160803;3.8170;2.9139;2.9330;4.2807;1.3747;3.9557;5.0701;3.7703;0.1583
20160804;3.8146;2.8917;2.9122;4.2659;1.3714;3.9326;5.0760;3.7708;0.1579
20160805;3.8167;2.9073;2.9262;4.2524;1.3659;3.9213;5.0076;3.7743;0.1574
20160808;3.8341;2.9157;2.9086;4.2373;1.3639;3.9028;5.0004;3.7615;0.1568
20160809;3.8259;2.9303;2.9109;4.2371;1.3618;3.8908;4.9940;3.7301;0.1567
20160810;3.8033;2.9161;2.8970;4.2221;1.3601;3.8701;4.9323;3.7302;0.1561
20160811;3.7765;2.9183;2.8949;4.2210;1.3599;3.8683;4.9201;3.7299;0.1561
20160812;3.7793;2.9154;2.9016;4.2204;1.3603;3.8849;4.9054;3.7294;0.1561
20160816;3.7668;2.9038;2.9102;4.2175;1.3600;3.8727;4.8876;3.7266;0.1561
20160817;3.7506;2.8857;2.9176;4.2270;1.3636;3.8985;4.8664;3.7368;0.1564
20160818;3.7768;2.8767;2.9274;4.2548;1.3685;3.9199;4.9109;3.7598;0.1574
20160819;3.7595;2.8844;2.9351;4.2534;1.3708;3.9215;4.9390;3.7488;0.1573
20160822;3.7628;2.8647;2.9208;4.2593;1.3730;3.9265;4.9081;3.7603;0.1576
20160823;3.7689;2.8714;2.9173;4.2635;1.3737;3.9181;4.9383;3.7523;0.1577
20160824;3.7621;2.8750;2.9114;4.2599;1.3738;3.9119;4.9597;3.7576;0.1576
20160825;3.7839;2.8839;2.9275;4.2624;1.3745;3.9129;5.0185;3.7670;0.1578
20160826;3.7909;2.8861;2.9342;4.2815;1.3837;3.9242;5.0041;3.7722;0.1584
20160829;3.8054;2.9037;2.9394;4.2838;1.3867;3.9206;5.0115;3.7778;0.1585
20160830;3.8422;2.9062;2.9484;4.2924;1.3909;3.9220;5.0274;3.7575;0.1589
20160831;3.8722;2.9142;2.9645;4.3139;1.3922;3.9400;5.0723;3.7677;0.1597
20160901;3.8649;2.9028;2.9462;4.3067;1.3898;3.9325;5.0614;3.7396;0.1594
20160902;3.8822;2.9198;2.9579;4.3297;1.3953;3.9449;5.1568;3.7389;0.1603
20160905;3.8522;2.9219;2.9611;4.3164;1.3946;3.9412;5.1380;3.7166;0.1597
20160906;3.8684;2.9325;2.9935;4.3114;1.3930;3.9453;5.1551;3.7416;0.1596
20160907;3.8430;2.9353;2.9810;4.2980;1.3871;3.9310;5.1556;3.7296;0.1590
20160908;3.8008;2.9228;2.9629;4.2759;1.3855;3.9238;5.0867;3.7457;0.1582
20160909;3.7927;2.9172;2.9358;4.2806;1.3893;3.9158;5.0434;3.7333;0.1583
20160912;3.8362;2.8981;2.9414;4.2978;1.3894;3.9223;5.0804;3.7239;0.1590
20160913;3.8424;2.8897;2.9330;4.3130;1.3902;3.9448;5.1106;3.7664;0.1596
20160914;3.8328;2.8771;2.9129;4.3057;1.3884;3.9403;5.0575;3.7504;0.1594
20160915;3.8287;2.8562;2.8998;4.2979;1.3857;3.9245;5.0309;3.7258;0.1591
20160916;3.8078;2.8455;2.8839;4.2775;1.3799;3.9116;5.0252;3.7120;0.1582
20160919;3.8180;2.8599;2.8841;4.2662;1.3783;3.9034;5.0049;3.7398;0.1578
20160920;3.8045;2.8784;2.8930;4.2519;1.3809;3.8817;4.9811;3.7420;0.1572
20160921;3.8111;2.8798;2.8813;4.2600;1.3760;3.8927;4.9394;3.7469;0.1577
20160922;3.8185;2.8942;2.8916;4.2561;1.3787;3.9099;4.9585;3.7891;0.1574
20160923;3.7637;2.8824;2.8936;4.2355;1.3842;3.8944;4.9359;3.7331;0.1567
20160926;3.7891;2.8893;2.8826;4.2500;1.3914;3.8985;4.9051;3.7521;0.1572
20160927;3.7795;2.8865;2.8695;4.2526;1.3866;3.9035;4.8940;3.7654;0.1574
20160928;3.7835;2.8982;2.8597;4.2412;1.3795;3.8976;4.9107;3.7643;0.1569
20160929;3.7910;2.9075;2.8668;4.2499;1.3790;3.9044;4.9291;3.7693;0.1573
20160930;3.8031;2.9180;2.9091;4.2654;1.3829;3.9206;4.9431;3.7431;0.1579
20161003;3.8014;2.9103;2.8972;4.2608;1.3756;3.9153;4.9360;3.7543;0.1576
20161004;3.7965;2.9096;2.8936;4.2590;1.3830;3.8989;4.8733;3.7412;0.1576
20161005;3.8089;2.9156;2.8970;4.2492;1.3825;3.8803;4.8598;3.7094;0.1572
20161006;3.7951;2.8889;2.8719;4.2507;1.3913;3.8785;4.8342;3.6734;0.1572
20161007;3.8011;2.8768;2.8759;4.2493;1.3927;3.8822;4.8053;3.6558;0.1573
20161010;3.7835;2.8807;2.8597;4.2353;1.3924;3.8691;4.6986;3.6756;0.1567
20161011;3.7972;2.8887;2.8752;4.2347;1.3915;3.8604;4.6959;3.6642;0.1567
20161012;3.8239;2.8847;2.8914;4.2349;1.3888;3.8744;4.6948;3.6840;0.1566
20161013;3.8556;2.9188;2.9060;4.2522;1.3905;3.8966;4.7140;3.7116;0.1574
20161014;3.8644;2.9159;2.9170;4.2638;1.3913;3.9127;4.7135;3.7343;0.1578
20161017;3.8670;2.9552;2.9402;4.2590;1.3938;3.9147;4.7173;3.7084;0.1576
20161018;3.9001;2.9705;2.9684;4.2893;1.3954;3.9444;4.7435;3.7510;0.1587
20161019;3.8947;2.9877;2.9712;4.2743;1.3925;3.9295;4.7846;3.7404;0.1582
20161020;3.8935;2.9876;2.9691;4.2704;1.3910;3.9356;4.7866;3.7706;0.1580
20161021;3.9100;2.9928;2.9631;4.2819;1.3920;3.9474;4.7832;3.7669;0.1585
20161024;3.9388;2.9946;2.9543;4.2826;1.3892;3.9573;4.8025;3.7995;0.1585
20161025;3.9209;2.9846;2.9398;4.2684;1.3845;3.9461;4.7930;3.7649;0.1580
20161026;3.9276;2.9973;2.9472;4.2657;1.3827;3.9325;4.7550;3.7472;0.1579
20161027;3.9217;3.0016;2.9327;4.2861;1.3849;3.9540;4.7914;3.7631;0.1586
20161028;3.9263;2.9892;2.9369;4.2864;1.3859;3.9534;4.7949;3.7426;0.1586
20161031;3.9248;2.9775;2.9328;4.2897;1.3859;3.9538;4.7793;3.7319;0.1587
20161102;3.9177;2.9756;2.9219;4.2868;1.3895;3.9577;4.7629;3.7281;0.1586
20161103;3.8561;2.9581;2.8762;4.2838;1.3904;3.9737;4.7430;3.7352;0.1584
20161104;3.8645;2.9663;2.8868;4.2832;1.3938;3.9657;4.8088;3.7495;0.1585
20161107;3.8519;2.9546;2.8719;4.2821;1.4001;3.9703;4.8263;3.7352;0.1585
20161108;3.8848;2.9914;2.9034;4.2919;1.4025;3.9786;4.8132;3.7174;0.1589
20161109;3.8833;2.9903;2.9037;4.2903;1.4040;3.9804;4.8046;3.7085;0.1588
20161110;3.9246;3.0080;2.9140;4.2983;1.4068;3.9914;4.8587;3.7507;0.1591
20161114;3.9784;3.0196;2.9461;4.3251;1.4013;4.0228;4.9656;3.7249;0.1601
20161115;4.0652;3.0681;2.9971;4.3557;1.4036;4.0664;5.0710;3.7505;0.1612
20161116;4.0875;3.0772;3.0260;4.3841;1.4133;4.0819;5.0608;3.7550;0.1622
20161117;4.1079;3.0707;3.0541;4.3961;1.4170;4.0953;5.1121;3.7612;0.1627
20161118;4.1210;3.0773;3.0701;4.4044;1.4235;4.1069;5.1280;3.7625;0.1628
20161121;4.1538;3.0592;3.0710;4.4020;1.4232;4.1127;5.1279;3.7631;0.1628
20161122;4.1292;3.0403;3.0780;4.3869;1.4217;4.0909;5.1537;3.7202;0.1622
20161123;4.1202;3.0471;3.0771;4.3756;1.4193;4.0777;5.1207;3.7094;0.1618
20161124;4.1542;3.0715;3.0814;4.3853;1.4146;4.0902;5.1489;3.6973;0.1623
20161125;4.1426;3.0698;3.0706;4.3804;1.4131;4.0814;5.1701;3.6617;0.1621
20161128;4.1181;3.0629;3.0500;4.3687;1.4102;4.0694;5.1210;3.6447;0.1615
20161129;4.1366;3.0914;3.0808;4.3790;1.4071;4.0738;5.1345;3.6735;0.1620
20161130;4.1454;3.0872;3.0810;4.3942;1.4097;4.0837;5.1791;3.6712;0.1625
20161201;4.1528;3.0803;3.0966;4.4010;1.4122;4.0794;5.1701;3.6546;0.1627
20161202;4.1774;3.0800;3.1207;4.4254;1.4087;4.1096;5.2709;3.6418;0.1634
20161205;4.1684;3.1052;3.1383;4.4391;1.4176;4.1265;5.2723;3.6676;0.1641
20161206;4.1513;3.0922;3.1278;4.4554;1.4174;4.1164;5.2802;3.6289;0.1647
20161207;4.1308;3.0773;3.1058;4.4332;1.4118;4.0906;5.2532;3.6237;0.1639
20161208;4.0890;3.0466;3.0775;4.3931;1.4008;4.0503;5.1478;3.5861;0.1625
20161209;4.1471;3.0872;3.1418;4.4075;1.4017;4.0804;5.2236;3.6332;0.1630
20161212;4.1749;3.1197;3.1686;4.4061;1.4004;4.0934;5.2475;3.6278;0.1630
20161213;4.1555;3.1165;3.1695;4.4107;1.4055;4.0940;5.2618;3.6004;0.1632
20161214;4.1306;3.1038;3.1498;4.3939;1.3985;4.0837;5.2543;3.5870;0.1626
20161215;4.1277;3.1014;3.1469;4.3916;1.3981;4.0858;5.2428;3.5887;0.1625
20161216;4.2107;3.0968;3.1432;4.3880;1.4035;4.0854;5.2510;3.5587;0.1624
20161219;4.1967;3.0713;3.1406;4.3764;1.4032;4.0773;5.2131;3.5521;0.1620
20161220;4.1849;3.0357;3.1252;4.3652;1.4051;4.0796;5.1825;3.5711;0.1616
20161221;4.2111;3.0458;3.1433;4.3682;1.4048;4.0862;5.1900;3.5669;0.1617
20161222;4.1807;3.0343;3.1244;4.3655;1.4086;4.0832;5.1789;3.5650;0.1616
20161223;4.1741;3.0134;3.0919;4.3670;1.4053;4.0742;5.1443;3.5483;0.1616
20161227;4.1749;2.9945;3.0850;4.3565;1.4075;4.0630;5.1115;3.5574;0.1612
20161228;4.1744;3.0021;3.0838;4.3633;1.4148;4.0572;5.1210;3.5525;0.1615
20161229;4.2005;3.0128;3.0953;4.3652;1.4125;4.0771;5.1280;3.5704;0.1615
20161230;4.1802;3.0089;3.0884;4.3711;1.4073;4.0781;5.1136;3.5819;0.1618
20170102;4.1392;2.9902;3.0807;4.3649;1.4121;4.0685;5.1237;3.5435;0.1616
20170103;4.1714;2.9974;3.1080;4.3687;1.4119;4.0771;5.1254;3.5535;0.1617
20170104;4.1869;3.0219;3.1160;4.3464;1.4083;4.0629;5.1254;3.5384;0.1609
20170105;4.1403;3.0096;3.1056;4.3312;1.4049;4.0398;5.0878;3.5335;0.1603
20170109;4.1068;3.0046;3.0938;4.3280;1.4021;4.0424;5.0569;3.5373;0.1602
20170110;4.1213;3.0255;3.1086;4.3397;1.4052;4.0491;5.0022;3.5404;0.1606
20170111;4.0874;3.0119;3.0951;4.3303;1.4026;4.0331;4.9705;3.5333;0.1602
20170112;4.1329;3.0455;3.1177;4.3305;1.4037;4.0394;5.0014;3.5445;0.1602
20170113;4.0607;3.0516;3.1024;4.3279;1.4097;4.0312;4.9869;3.5546;0.1602
20170116;4.0857;3.0454;3.1052;4.3317;1.4082;4.0387;4.9550;3.5422;0.1604
20170117;4.0820;3.0508;3.1053;4.3298;1.4080;4.0399;4.9280;3.5811;0.1603
20170118;4.0382;3.0500;3.0960;4.3263;1.4055;4.0384;5.0015;3.5743;0.1602
20170119;4.0476;3.0606;3.0930;4.3244;1.4056;4.0383;4.9824;3.5715;0.1601
20170120;4.0811;3.0760;3.0666;4.3238;1.4013;4.0351;5.0216;3.5350;0.1600
20170123;4.0595;3.0570;3.0351;4.3262;1.3983;4.0298;4.9950;3.5243;0.1601
20170124;4.0316;3.0556;3.0253;4.3248;1.3955;4.0296;5.0228;3.5448;0.1600
20170125;4.0227;3.0545;3.0562;4.3288;1.3950;4.0269;5.0206;3.5561;0.1602
20170126;4.0209;3.0307;3.0644;4.3135;1.3931;4.0170;5.0557;3.5335;0.1596
20170127;4.0178;3.0308;3.0693;4.2951;1.3816;4.0234;5.0548;3.5185;0.1590
20170130;4.0116;3.0312;3.0589;4.2941;1.3782;4.0181;5.0395;3.4856;0.1588
20170131;4.0253;3.0362;3.0650;4.2913;1.3810;4.0267;5.0390;3.5229;0.1588
20170201;3.9651;3.0147;3.0531;4.2808;1.3783;4.0159;4.9719;3.5305;0.1584
20170202;3.9799;3.0081;3.0421;4.2774;1.3796;4.0065;5.0305;3.4959;0.1583
20170203;3.9423;3.0315;3.0287;4.2639;1.3813;3.9910;4.9503;3.5095;0.1578
20170206;3.9507;3.0345;3.0336;4.2541;1.3757;3.9771;4.9318;3.5067;0.1574
20170207;3.9537;3.0199;3.0204;4.2420;1.3709;3.9750;4.9216;3.5178;0.1570
20170208;3.9875;3.0365;3.0279;4.2555;1.3749;3.9919;4.9379;3.5449;0.1575
20170209;3.9934;3.0579;3.0353;4.2726;1.3807;4.0158;5.0017;3.5721;0.1581
20170210;4.0117;3.0604;3.0533;4.2768;1.3872;4.0111;5.0295;3.5559;0.1583
20170213;4.0009;3.0624;3.0604;4.2507;1.3796;3.9791;4.9855;3.5252;0.1573
20170214;4.0299;3.0809;3.0780;4.2719;1.3865;4.0061;5.0341;3.5373;0.1581
20170215;4.0206;3.0821;3.0800;4.2608;1.3829;3.9975;5.0076;3.5334;0.1577
20170216;4.0362;3.0924;3.0815;4.2626;1.3834;4.0027;5.0111;3.5205;0.1578
20170217;4.0115;3.0912;3.0741;4.2758;1.3879;4.0158;5.0162;3.5321;0.1582
20170220;4.0254;3.0902;3.0755;4.2862;1.3899;4.0286;5.0014;3.5683;0.1587
20170221;4.0277;3.0910;3.0721;4.2768;1.3880;4.0171;5.0224;3.5594;0.1583
20170222;4.0465;3.1048;3.0803;4.2659;1.3896;4.0105;5.0339;3.5659;0.1578
20170223;4.0531;3.1154;3.0764;4.2593;1.3835;4.0031;5.0513;3.5845;0.1577
20170224;4.0235;3.1094;3.0678;4.2572;1.3846;3.9964;5.0340;3.5673;0.1576
20170227;4.0319;3.0936;3.0805;4.2630;1.3821;4.0064;5.0459;3.5862;0.1577
20170228;4.0259;3.0921;3.0725;4.2675;1.3873;4.0001;5.0012;3.5860;0.1580
20170301;4.0277;3.0940;3.0482;4.2718;1.3856;4.0113;5.0092;3.5943;0.1580
20170302;4.0419;3.0923;3.0356;4.2557;1.3819;3.9940;4.9687;3.5478;0.1575
20170303;4.0528;3.0666;3.0281;4.2582;1.3792;4.0011;4.9693;3.5394;0.1575
20170306;4.0298;3.0505;3.0076;4.2555;1.3759;3.9892;4.9345;3.5226;0.1574
20170307;4.0270;3.0596;3.0080;4.2684;1.3786;3.9874;4.9385;3.5387;0.1579
20170308;4.0382;3.0643;3.0073;4.2654;1.3756;3.9714;4.9163;3.5403;0.1579
20170309;4.0388;3.0474;3.0033;4.2626;1.3698;3.9833;4.9156;3.5270;0.1577
20170310;4.0375;3.0337;2.9890;4.2763;1.3735;3.9839;4.9158;3.5148;0.1582
20170313;4.0213;3.0336;2.9884;4.2771;1.3710;3.9819;4.8929;3.4967;0.1582
20170314;4.0298;3.0554;2.9955;4.2980;1.3755;4.0006;4.9257;3.5142;0.1590
20170315;4.0239;3.0431;2.9838;4.2803;1.3729;3.9909;4.8869;3.5086;0.1584
20170316;4.0219;3.0539;2.9917;4.2737;1.3756;3.9902;4.9072;3.5049;0.1582
20170317;3.9613;3.0432;2.9775;4.2532;1.3746;3.9774;4.8969;3.4970;0.1574
20170320;3.9514;3.0429;2.9618;4.2459;1.3764;3.9617;4.8873;3.5023;0.1571
20170321;3.9378;3.0410;2.9484;4.2344;1.3730;3.9510;4.8764;3.4914;0.1567
20170322;3.9083;3.0221;2.9396;4.2262;1.3705;3.9352;4.8678;3.4863;0.1563
20170323;3.9174;3.0060;2.9296;4.2380;1.3708;3.9619;4.8760;3.5297;0.1568
20170324;3.9140;2.9921;2.9373;4.2223;1.3663;3.9475;4.9005;3.5250;0.1562
20170327;3.9125;2.9842;2.9232;4.2248;1.3632;3.9439;4.8825;3.5204;0.1563
20170328;3.8742;2.9514;2.8934;4.2149;1.3605;3.9399;4.8781;3.5108;0.1560
20170329;3.8632;2.9464;2.8887;4.1976;1.3561;3.9268;4.8482;3.5027;0.1553
20170330;3.8980;2.9861;2.9144;4.1918;1.3524;3.9137;4.8423;3.5148;0.1551
20170331;3.8910;2.9837;2.9249;4.1769;1.3504;3.9035;4.8662;3.4975;0.1538
20170403;3.9228;2.9970;2.9505;4.1918;1.3609;3.9199;4.8909;3.5135;0.1550
20170404;3.9405;2.9991;2.9420;4.2012;1.3597;3.9324;4.9252;3.5379;0.1553
20170405;3.9526;2.9857;2.9402;4.2095;1.3594;3.9420;4.9188;3.5731;0.1556
20170406;3.9291;2.9776;2.9352;4.1926;1.3523;3.9153;4.9083;3.5302;0.1548
20170407;3.9267;2.9652;2.9249;4.1847;1.3500;3.9100;4.9001;3.5441;0.1572
20170410;3.9345;2.9531;2.9422;4.1826;1.3468;3.9117;4.8759;3.5555;0.1572
20170411;3.9551;2.9650;2.9621;4.1912;1.3472;3.9227;4.9126;3.5559;0.1580
20170412;3.9560;2.9627;2.9646;4.1976;1.3458;3.9264;4.9207;3.5857;0.1572
20170413;3.9635;2.9676;2.9779;4.2050;1.3476;3.9367;4.9535;3.6132;0.1575
20170414;3.9576;2.9988;2.9877;4.2021;1.3428;3.9358;4.9544;3.6209;0.1574
20170418;3.9499;2.9924;2.9670;4.1961;1.3406;3.9353;4.9491;3.6362;0.1572
20170419;3.9219;2.9596;2.9353;4.1907;1.3392;3.9218;4.9960;3.6000;0.1566
20170420;3.9262;2.9504;2.9218;4.2036;1.3414;3.9318;5.0349;3.5977;0.1568
20170421;3.9231;2.9530;2.9081;4.2228;1.3443;3.9398;5.0260;3.5965;0.1564
20170424;3.9630;2.9871;2.9345;4.2383;1.3493;3.9671;5.0679;3.6313;0.1572
20170425;3.8606;2.9196;2.8672;4.1946;1.3471;3.8834;4.9334;3.5053;0.1564
20170426;3.8357;2.8878;2.8203;4.1802;1.3412;3.8575;4.9161;3.4676;0.1558
20170427;3.8445;2.8717;2.8299;4.1862;1.3378;3.8662;4.9325;3.4501;0.1552
20170428;3.8485;2.8675;2.8289;4.1808;1.3405;3.8649;4.9582;3.4503;0.1549
20170502;3.8283;2.8558;2.8026;4.1801;1.3385;3.8579;4.9492;3.4346;0.1551
20170504;3.8167;2.8690;2.7834;4.1631;1.3343;3.8421;4.9279;3.4045;0.1547
20170505;3.8224;2.8240;2.7831;4.1800;1.3402;3.8540;4.9345;3.3899;0.1559
20170508;3.8019;2.8113;2.7655;4.1754;1.3388;3.8478;4.9236;3.3793;0.1558
20170509;3.8072;2.8137;2.7808;4.1666;1.3367;3.8196;4.9271;3.3779;0.1560
20170510;3.8442;2.8262;2.7982;4.1888;1.3454;3.8287;4.9701;3.3722;0.1570
20170511;3.8418;2.8368;2.8043;4.1766;1.3447;3.8162;4.9698;3.3743;0.1570
20170512;3.8451;2.8293;2.7978;4.1788;1.3467;3.8145;4.9476;3.3808;0.1572
20170515;3.8219;2.8290;2.7887;4.1746;1.3466;3.8038;4.9267;3.3705;0.1570
20170516;3.7869;2.8129;2.7765;4.1579;1.3463;3.8010;4.8882;3.3325;0.1569
20170517;3.7477;2.7846;2.7547;4.1480;1.3416;3.7914;4.8334;3.3018;0.1570
20170518;3.7256;2.7579;2.7368;4.1447;1.3413;3.8025;4.8254;3.3437;0.1565
20170519;3.7588;2.7912;2.7607;4.1772;1.3473;3.8395;4.8942;3.3858;0.1569
20170522;3.7170;2.7699;2.7400;4.1587;1.3450;3.8109;4.8419;3.3345;0.1567
20170523;3.6932;2.7632;2.7353;4.1574;1.3477;3.8089;4.8076;3.3224;0.1566
20170524;3.7036;2.7775;2.7496;4.1575;1.3484;3.8098;4.8114;3.3338;0.1570
20170525;3.7018;2.7656;2.7365;4.1414;1.3465;3.7895;4.7952;3.3063;0.1566
20170526;3.6853;2.7555;2.7480;4.1329;1.3439;3.7925;4.7721;3.2967;0.1563
20170529;3.7080;2.7618;2.7538;4.1410;1.3464;3.7999;4.7450;3.3331;0.1564
20170530;3.7083;2.7587;2.7582;4.1430;1.3450;3.7989;4.7587;3.3319;0.1564
20170531;3.6908;2.7541;2.7373;4.1304;1.3398;3.7874;4.7492;3.3244;0.1560
20170601;3.6792;2.7357;2.7283;4.1329;1.3427;3.7935;4.7336;3.3246;0.1564
20170602;3.6959;2.7259;2.7388;4.1481;1.3478;3.8100;4.7636;3.3173;0.1572
20170605;3.6723;2.7241;2.7160;4.1411;1.3446;3.8094;4.7248;3.3236;0.1572
20170606;3.6885;2.7571;2.7323;4.1492;1.3502;3.8213;4.7714;3.3368;0.1575
20170607;3.6846;2.7686;2.7375;4.1518;1.3481;3.8228;4.7500;3.3650;0.1577
20170608;3.6880;2.7876;2.7437;4.1534;1.3466;3.8293;4.7744;3.3682;0.1577
20170609;3.7060;2.7923;2.7458;4.1579;1.3509;3.8299;4.7885;3.3625;0.1583
20170612;3.7108;2.7918;2.7565;4.1470;1.3480;3.8209;4.7238;3.3519;0.1580
20170613;3.7032;2.7923;2.7523;4.1506;1.3509;3.8253;4.6891;3.3731;0.1584
20170614;3.7038;2.7891;2.7988;4.1518;1.3521;3.8284;4.7131;3.3629;0.1587
20170616;3.6865;2.8105;2.7934;4.1552;1.3582;3.8141;4.7103;3.3723;0.1589
20170619;3.7372;2.8430;2.8216;4.1759;1.3569;3.8383;4.7717;3.3573;0.1592
20170620;3.7380;2.8401;2.8256;4.1780;1.3588;3.8395;4.7699;3.3570;0.1594
20170621;3.7531;2.8495;2.8257;4.1798;1.3533;3.8498;4.7363;3.3626;0.1592
20170622;3.7670;2.8470;2.8305;4.1961;1.3568;3.8651;4.7740;3.3752;0.1598
20170623;3.7651;2.8419;2.8451;4.2019;1.3582;3.8729;4.7657;3.3871;0.1599
20170626;3.7392;2.8302;2.8149;4.1851;1.3524;3.8570;4.7574;3.3604;0.1593
20170627;3.7168;2.8236;2.8109;4.1638;1.3480;3.8293;4.7338;3.3328;0.1587
20170628;3.7013;2.8100;2.8023;4.1781;1.3478;3.8391;4.7264;3.3060;0.1590
20170629;3.6912;2.8082;2.8200;4.1954;1.3545;3.8461;4.7749;3.2931;0.1593
20170630;3.6830;2.8226;2.8295;4.1986;1.3559;3.8412;4.7820;3.2703;0.1601
20170703;3.6627;2.8158;2.8261;4.1827;1.3535;3.8283;4.7525;3.2653;0.1599
20170704;3.6896;2.8254;2.8440;4.1960;1.3594;3.8353;4.7818;3.2647;0.1606
20170705;3.7046;2.8187;2.8638;4.2026;1.3628;3.8371;4.7893;3.2722;0.1608
20170706;3.7110;2.8123;2.8596;4.2060;1.3625;3.8370;4.7943;3.2720;0.1610
20170707;3.6870;2.7974;2.8492;4.2027;1.3586;3.8292;4.7688;3.2591;0.1612
20170710;3.6790;2.7968;2.8520;4.1931;1.3600;3.8175;4.7391;3.2305;0.1606
20170711;3.6792;2.7944;2.8543;4.1914;1.3609;3.8060;4.7344;3.2219;0.1606
20170712;3.6838;2.8026;2.8526;4.2025;1.3651;3.8064;4.7389;3.2224;0.1609
20170713;3.6715;2.8132;2.8433;4.1907;1.3655;3.8067;4.7230;3.2425;0.1607
20170714;3.6738;2.8370;2.8791;4.1874;1.3645;3.7993;4.7473;3.2409;0.1603
20170717;3.6397;2.8476;2.8676;4.1706;1.3617;3.7738;4.7512;3.2396;0.1599
20170718;3.6323;2.8452;2.8747;4.1651;1.3608;3.7780;4.7466;3.2321;0.1597
20170719;3.5914;2.8466;2.8464;4.1585;1.3569;3.7684;4.6803;3.2077;0.1594
20170720;3.6189;2.8752;2.8754;4.1703;1.3605;3.7938;4.7098;3.2420;0.1599
20170721;3.6019;2.8543;2.8597;4.1643;1.3632;3.7661;4.6722;3.2123;0.1598
20170724;3.6088;2.8580;2.8706;4.2028;1.3761;3.8091;4.6815;3.2447;0.1615
20170725;3.6103;2.8691;2.8860;4.2019;1.3778;3.8156;4.7051;3.2546;0.1614
20170726;3.6003;2.8661;2.8825;4.2114;1.3785;3.8035;4.7039;3.2307;0.1617
20170727;3.6232;2.8676;2.8938;4.2149;1.3775;3.7785;4.7237;3.2385;0.1621
20170728;3.6005;2.8809;2.8864;4.2146;1.3820;3.7505;4.7268;3.2353;0.1617
20170731;3.5914;2.8649;2.8833;4.2124;1.3810;3.6997;4.7013;3.2359;0.1617
20170801;3.5834;2.8549;2.8685;4.2105;1.3827;3.6968;4.7042;3.2425;0.1612
20170802;3.5596;2.8398;2.8479;4.2089;1.3877;3.6927;4.7067;3.2330;0.1610
20170803;3.5573;2.8342;2.8301;4.2091;1.3847;3.6696;4.7050;3.2167;0.1612
20170804;3.5501;2.8153;2.8174;4.2067;1.3843;3.6553;4.6568;3.2160;0.1617
20170807;3.5575;2.8142;2.8165;4.1955;1.3763;3.6475;4.6439;3.2089;0.1606
20170808;3.5684;2.8236;2.8138;4.2078;1.3843;3.6694;4.6489;3.2207;0.1611
20170809;3.5687;2.8270;2.8139;4.2147;1.3846;3.6671;4.6407;3.2336;0.1612
20170810;3.6063;2.8406;2.8363;4.2235;1.3842;3.7347;4.6808;3.2774;0.1613
20170811;3.6038;2.8440;2.8393;4.2294;1.3847;3.7351;4.6850;3.2860;0.1616
20170814;3.5979;2.8342;2.8320;4.2445;1.3909;3.7366;4.6664;3.2972;0.1623
20170816;3.5965;2.8282;2.8312;4.2408;1.3935;3.7059;4.6653;3.2818;0.1623
20170817;3.6102;2.8439;2.8396;4.2222;1.3882;3.7015;4.6423;3.2589;0.1621
20170818;3.5984;2.8523;2.8491;4.2202;1.3896;3.7266;4.6390;3.2729;0.1621
20170821;3.6083;2.8569;2.8651;4.2370;1.3960;3.7588;4.6501;3.3203;0.1623
20170822;3.5865;2.8490;2.8527;4.2281;1.3946;3.7211;4.6229;3.2962;0.1621
20170823;3.6019;2.8532;2.8730;4.2336;1.3948;3.7201;4.6193;3.2916;0.1622
20170824;3.5927;2.8352;2.8561;4.2387;1.4028;3.7202;4.5958;3.2902;0.1622
20170825;3.5803;2.8263;2.8561;4.2251;1.3882;3.7178;4.5878;3.2789;0.1619
20170828;3.5681;2.8192;2.8470;4.2096;1.3810;3.6961;4.5744;3.2507;0.1613
20170829;3.5259;2.8009;2.8286;4.2083;1.3837;3.6865;4.5572;3.2267;0.1613
20170830;3.5135;2.8005;2.8110;4.2252;1.3837;3.7127;4.5487;3.2325;0.1616
20170831;3.5396;2.8042;2.8115;4.2168;1.3786;3.6870;4.5718;3.2098;0.1619
20170901;3.5537;2.8094;2.8291;4.2125;1.3776;3.6789;4.5734;3.2196;0.1614
20170904;3.5440;2.8207;2.8581;4.2053;1.3779;3.6852;4.5919;3.2153;0.1614
20170905;3.5273;2.8024;2.8395;4.1987;1.3714;3.6858;4.5697;3.2186;0.1611
20170906;3.5293;2.8272;2.8528;4.1957;1.3707;3.6780;4.5830;3.2305;0.1609
20170907;3.5247;2.8078;2.8408;4.2031;1.3724;3.6865;4.6006;3.2329;0.1610
20170908;3.5044;2.8122;2.8785;4.2052;1.3750;3.6789;4.5841;3.2218;0.1608
20170911;3.4997;2.8262;2.8851;4.2095;1.3727;3.6924;4.6182;3.2435;0.1613
20170912;3.5095;2.8229;2.8895;4.2073;1.3724;3.6864;4.6321;3.2261;0.1613
20170913;3.5326;2.8328;2.9077;4.2205;1.3744;3.6784;4.6842;3.2105;0.1616
20170914;3.5464;2.8395;2.9126;4.2336;1.3750;3.6889;4.6973;3.2133;0.1622
20170915;3.5693;2.8448;2.9248;4.2415;1.3758;3.6945;4.7678;3.2272;0.1625
20170918;3.5340;2.8361;2.9038;4.2326;1.3692;3.6897;4.8025;3.1921;0.1623
20170919;3.5497;2.8369;2.9106;4.2453;1.3704;3.6998;4.8141;3.1862;0.1626
20170920;3.5367;2.8316;2.8781;4.2391;1.3754;3.6777;4.7780;3.1788;0.1625
20170921;3.5283;2.8462;2.8808;4.2325;1.3721;3.6676;4.7815;3.1658;0.1623
20170922;3.5498;2.8149;2.8747;4.2328;1.3636;3.6531;4.7959;3.1622;0.1624
20170925;3.5306;2.8163;2.8706;4.2253;1.3642;3.6433;4.7671;3.1532;0.1623
20170926;3.5625;2.8338;2.8897;4.2319;1.3642;3.6641;4.8161;3.1751;0.1625
20170927;3.6042;2.8414;2.9127;4.2457;1.3648;3.7087;4.8412;3.2125;0.1631
20170928;3.6448;2.8627;2.9444;4.2735;1.3733;3.7351;4.8784;3.2219;0.1641
20170929;3.6190;2.8335;2.9063;4.2691;1.3732;3.7267;4.8626;3.2167;0.1641
20171002;3.6098;2.8235;2.8925;4.2582;1.3716;3.7165;4.8246;3.2035;0.1638
20171003;3.6337;2.8441;2.9068;4.2703;1.3702;3.7441;4.8273;3.2253;0.1644
20171004;3.6301;2.8380;2.9027;4.2674;1.3676;3.7252;4.8113;3.2176;0.1645
20171005;3.6191;2.8419;2.8992;4.2565;1.3654;3.7179;4.8020;3.2118;0.1645
20171006;3.6335;2.8362;2.8979;4.2592;1.3684;3.7159;4.7719;3.2266;0.1648
20171009;3.6521;2.8254;2.9059;4.2718;1.3680;3.7203;4.7600;3.2207;0.1651
20171010;3.6340;2.8165;2.8952;4.2630;1.3659;3.7076;4.7784;3.2252;0.1646
20171011;3.5967;2.7995;2.8800;4.2444;1.3680;3.6849;4.7440;3.2053;0.1639
20171012;3.5742;2.7822;2.8603;4.2374;1.3688;3.6777;4.7197;3.1865;0.1637
20171013;3.5768;2.7944;2.8646;4.2324;1.3703;3.6648;4.6996;3.1827;0.1634
20171016;3.5465;2.7986;2.8431;4.2084;1.3669;3.6494;4.7235;3.1731;0.1630
20171017;3.5510;2.7941;2.8328;4.1913;1.3625;3.6390;4.7159;3.1761;0.1628
20171018;3.5615;2.7880;2.8371;4.1833;1.3602;3.6361;4.6917;3.1680;0.1624
20171019;3.5570;2.7846;2.8456;4.1848;1.3588;3.6215;4.6805;3.1491;0.1628
20171020;3.5437;2.7890;2.8402;4.1975;1.3614;3.6371;4.6743;3.1524;0.1632
20171023;3.5588;2.7841;2.8240;4.1943;1.3598;3.6176;4.6846;3.1352;0.1633
20171024;3.5611;2.7805;2.8166;4.1836;1.3592;3.6114;4.6963;3.1309;0.1632
20171025;3.5710;2.7792;2.8236;4.1996;1.3574;3.6146;4.6975;3.1385;0.1642
20171026;3.5512;2.7400;2.8017;4.1907;1.3515;3.5856;4.7060;3.1185;0.1637
20171027;3.5809;2.7561;2.7943;4.1965;1.3525;3.5989;4.7226;3.1454;0.1642
20171030;3.6342;2.7751;2.8159;4.2088;1.3519;3.6290;4.7552;3.1845;0.1637
20171031;3.6189;2.7743;2.8165;4.2043;1.3517;3.6232;4.7687;3.1903;0.1639
20171102;3.6117;2.7624;2.8035;4.2036;1.3494;3.6199;4.7831;3.1839;0.1637
20171103;3.5984;2.7785;2.8066;4.1966;1.3483;3.6043;4.7164;3.1606;0.1634
20171106;3.6220;2.7682;2.8363;4.2050;1.3531;3.6143;4.7322;3.1698;0.1638
20171107;3.6244;2.7766;2.8368;4.1992;1.3495;3.6231;4.7502;3.1758;0.1639
20171108;3.6261;2.7740;2.8377;4.1983;1.3486;3.6297;4.7599;3.1739;0.1641
20171109;3.6135;2.7756;2.8391;4.1913;1.3442;3.6143;4.7313;3.1831;0.1638
20171110;3.6033;2.7606;2.8333;4.1914;1.3432;3.6162;4.7216;3.1762;0.1640
20171113;3.5879;2.7504;2.8281;4.1852;1.3413;3.6075;4.7403;3.1660;0.1638
20171114;3.5969;2.7475;2.8265;4.1941;1.3451;3.6114;4.7082;3.1697;0.1640
20171115;3.5732;2.7257;2.8036;4.1993;1.3457;3.6022;4.6830;3.1486;0.1641
20171116;3.5567;2.7010;2.7834;4.2039;1.3454;3.6081;4.6814;3.1566;0.1638
20171117;3.5654;2.7079;2.7951;4.1997;1.3437;3.5983;4.7066;3.1587;0.1641
20171120;3.5562;2.6817;2.7739;4.1943;1.3455;3.5902;4.6916;3.1631;0.1639
20171121;3.5641;2.6927;2.7878;4.1903;1.3413;3.5926;4.7220;3.1728;0.1639
20171122;3.5630;2.7032;2.7914;4.1820;1.3356;3.5955;4.7219;3.1740;0.1637
20171123;3.5428;2.6864;2.7798;4.1721;1.3318;3.5930;4.7052;3.1677;0.1638
20171124;3.5192;2.6834;2.7668;4.1688;1.3335;3.5872;4.6825;3.1630;0.1639
20171127;3.4964;2.6661;2.7516;4.1675;1.3366;3.5697;4.6686;3.1396;0.1637
20171128;3.4854;2.6541;2.7410;4.1613;1.3383;3.5547;4.6570;3.1365;0.1635
20171129;3.5036;2.6625;2.7360;4.1616;1.3376;3.5610;4.6478;3.1455;0.1634
20171130;3.5132;2.6551;2.7317;4.1588;1.3350;3.5649;4.7112;3.1351;0.1633
20171201;3.4953;2.6491;2.7184;4.1607;1.3284;3.5529;4.7155;3.1220;0.1631
20171204;3.5090;2.6636;2.7533;4.1620;1.3273;3.5562;4.7242;3.1138;0.1630
20171205;3.5130;2.6699;2.7699;4.1605;1.3276;3.5668;4.7475;3.1104;0.1626
20171206;3.5205;2.6794;2.7789;4.1644;1.3259;3.5668;4.7280;3.1223;0.1623
20171207;3.5377;2.6774;2.7937;4.1709;1.3265;3.5740;4.7291;3.1496;0.1629
20171208;3.5373;2.6600;2.7520;4.1729;1.3251;3.5668;4.7484;3.1401;0.1632
20171211;3.5381;2.6612;2.7532;4.1594;1.3251;3.5586;4.7481;3.1227;0.1629
20171212;3.5282;2.6572;2.7436;4.1613;1.3237;3.5595;4.7124;3.1107;0.1626
20171213;3.5474;2.6818;2.7568;4.1653;1.3256;3.5731;4.7306;3.1222;0.1626
20171214;3.5515;2.7002;2.7615;4.1733;1.3285;3.5871;4.7486;3.1389;0.1628
20171215;3.5408;2.7121;2.7569;4.1787;1.3299;3.5805;4.7477;3.1421;0.1627
20171218;3.5443;2.7179;2.7675;4.1741;1.3302;3.5754;4.7238;3.1518;0.1626
20171219;3.5282;2.7060;2.7442;4.1658;1.3289;3.5744;4.7317;3.1367;0.1621
20171220;3.5216;2.6955;2.7309;4.1590;1.3278;3.5674;4.7053;3.1223;0.1619
20171221;3.5071;2.6904;2.7278;4.1592;1.3290;3.5578;4.7018;3.0989;0.1622
20171222;3.5011;2.6919;2.7474;4.1540;1.3303;3.5370;4.6738;3.0878;0.1616
20171227;3.5022;2.7017;2.7422;4.1502;1.3318;3.5358;4.6826;3.0891;0.1610
20171228;3.4844;2.7067;2.7566;4.1485;1.3347;3.5272;4.6730;3.0745;0.1603
20171229;3.4662;2.7023;2.7517;4.1412;1.3353;3.5405;4.6611;3.0712;0.1618
20180102;3.4506;2.6970;2.7485;4.1397;1.3350;3.5362;4.6652;3.0677;0.1621
20180103;3.4232;2.6770;2.7298;4.1211;1.3344;3.5186;4.6378;3.0499;0.1614
20180104;3.4300;2.6877;2.7374;4.1208;1.3316;3.5078;4.6410;3.0553;0.1614
20180105;3.4043;2.6700;2.7198;4.1131;1.3330;3.4935;4.6115;3.0172;0.1612
20180108;3.4196;2.6839;2.7608;4.1140;1.3338;3.4967;4.6329;3.0191;0.1610
20180109;3.4489;2.7024;2.7735;4.1273;1.3363;3.5298;4.6742;3.0527;0.1616
20180110;3.4751;2.7133;2.7896;4.1417;1.3370;3.5316;4.6953;3.0821;0.1621
20180111;3.4526;2.7082;2.7661;4.1383;1.3360;3.5357;4.6658;3.0985;0.1619
20180112;3.4304;2.7040;2.7353;4.1332;1.3369;3.5230;4.6458;3.0775;0.1618
20180115;3.3980;2.6769;2.7160;4.1246;1.3358;3.4959;4.6457;3.0481;0.1616
20180116;3.3694;2.6822;2.7106;4.1316;1.3382;3.5035;4.6498;3.0448;0.1619
20180117;3.3846;2.6871;2.7253;4.1323;1.3385;3.5044;4.6550;3.0539;0.1622
20180118;3.3817;2.6949;2.7128;4.1331;1.3389;3.5145;4.6662;3.0563;0.1625
20180119;3.3622;2.6909;2.6990;4.1221;1.3362;3.5059;4.6678;3.0307;0.1625
20180122;3.3695;2.6981;2.7100;4.1277;1.3348;3.5107;4.6749;3.0459;0.1626
20180123;3.3724;2.7012;2.7068;4.1279;1.3340;3.5073;4.6967;3.0420;0.1626
20180124;3.3623;2.6839;2.6960;4.1285;1.3327;3.5048;4.7051;3.0466;0.1625
20180125;3.3144;2.6768;2.6857;4.1076;1.3305;3.5107;4.7116;3.0350;0.1619
20180126;3.2876;2.6539;2.6696;4.1065;1.3276;3.5124;4.7007;3.0204;0.1619
20180129;3.2928;2.6668;2.6727;4.0968;1.3236;3.5168;4.6810;3.0292;0.1616
20180130;3.3240;2.6897;2.6935;4.1060;1.3249;3.5514;4.6819;3.0541;0.1623
20180131;3.3056;2.6755;2.6810;4.1129;1.3246;3.5485;4.6721;3.0454;0.1624
20180201;3.2985;2.6730;2.6856;4.1096;1.3243;3.5413;4.6761;3.0284;0.1626
20180202;3.3093;2.6499;2.6895;4.1170;1.3278;3.5553;4.7014;3.0226;0.1633
20180205;3.3153;2.6293;2.6766;4.1206;1.3304;3.5555;4.6878;3.0022;0.1635
20180206;3.3066;2.6192;2.6490;4.1027;1.3244;3.5310;4.6274;3.0019;0.1629
20180207;3.3405;2.6302;2.6679;4.1210;1.3271;3.5607;4.6355;3.0523;0.1634
20180208;3.3363;2.6264;2.6658;4.1177;1.3291;3.5459;4.6501;3.0546;0.1633
20180209;3.3629;2.6272;2.6738;4.1287;1.3271;3.5770;4.7217;3.0726;0.1635
20180212;3.3799;2.6441;2.6831;4.1429;1.3275;3.6010;4.6682;3.1031;0.1636
20180213;3.3688;2.6417;2.6753;4.1310;1.3242;3.5887;4.6590;3.1036;0.1629
20180214;3.3436;2.6208;2.6509;4.1345;1.3251;3.5818;4.6472;3.1066;0.1629
20180215;3.3536;2.6169;2.6546;4.1325;1.3217;3.5813;4.6401;3.1232;0.1629
20180216;3.2929;2.6123;2.6353;4.1153;1.3204;3.5673;4.6412;3.0957;0.1622
20180219;3.3099;2.6194;2.6392;4.1195;1.3227;3.5777;4.6454;3.1142;0.1626
20180220;3.3135;2.6187;2.6323;4.1003;1.3172;3.5573;4.6294;3.1064;0.1619
20180221;3.3257;2.6239;2.6359;4.1057;1.3170;3.5598;4.6510;3.1030;0.1621
20180222;3.3486;2.6261;2.6436;4.1270;1.3218;3.5736;4.6701;3.1139;0.1629
20180223;3.3556;2.6316;2.6383;4.1368;1.3216;3.5924;4.6744;3.1404;0.1633
20180226;3.3579;2.6235;2.6464;4.1317;1.3206;3.5870;4.6956;3.1447;0.1631
20180227;3.3561;2.6335;2.6460;4.1292;1.3165;3.5808;4.6856;3.1384;0.1627
20180228;3.3634;2.6319;2.6420;4.1283;1.3147;3.5809;4.6745;3.1371;0.1625
20180301;3.3875;2.6408;2.6468;4.1357;1.3171;3.5877;4.6778;3.1629;0.1629
20180302;3.4073;2.6353;2.6516;4.1473;1.3217;3.5981;4.6817;3.1883;0.1632
20180305;3.3737;2.6133;2.6187;4.1544;1.3239;3.6043;4.6460;3.2022;0.1633
20180306;3.3713;2.6083;2.5979;4.1548;1.3232;3.5946;4.6589;3.1865;0.1635
20180307;3.3402;2.6109;2.5881;4.1403;1.3227;3.5595;4.6421;3.1495;0.1631
20180308;3.3425;2.6149;2.5866;4.1482;1.3297;3.5479;4.6403;3.1561;0.1633
20180309;3.3709;2.6278;2.6092;4.1629;1.3345;3.5567;4.6725;3.1757;0.1637
20180312;3.3750;2.6438;2.6257;4.1553;1.3335;3.5502;4.6783;3.1574;0.1633
20180313;3.3768;2.6583;2.6340;4.1608;1.3343;3.5624;4.6924;3.1730;0.1634
20180314;3.3696;2.6547;2.6091;4.1699;1.3382;3.5675;4.7067;3.1528;0.1636
20180315;3.3630;2.6516;2.5973;4.1579;1.3342;3.5515;4.6956;3.1615;0.1633
20180316;3.3766;2.6437;2.5901;4.1679;1.3400;3.5640;4.7201;3.1849;0.1639
20180319;3.4026;2.6286;2.5988;4.1724;1.3414;3.5666;4.7281;3.2055;0.1640
20180320;3.3886;2.6098;2.5879;4.1759;1.3434;3.5674;4.7583;3.1953;0.1642
20180321;3.4125;2.6248;2.6078;4.1882;1.3454;3.5746;4.7810;3.2054;0.1647
20180322;3.4146;2.6302;2.6337;4.1959;1.3486;3.5849;4.8058;3.2135;0.1652
20180323;3.3928;2.6168;2.6271;4.1764;1.3394;3.5765;4.7848;3.2185;0.1643
20180326;3.3909;2.6229;2.6389;4.1836;1.3386;3.5750;4.8024;3.2252;0.1646
20180327;3.3624;2.6022;2.6071;4.1817;1.3372;3.5590;4.7768;3.1967;0.1643
20180328;3.3670;2.5960;2.6188;4.1722;1.3342;3.5489;4.7636;3.1841;0.1638
20180329;3.3737;2.5864;2.6127;4.1642;1.3323;3.5294;4.7577;3.1766;0.1635
20180330;3.3821;2.5973;2.6187;4.1682;1.3351;3.5406;4.7528;3.1810;0.1641
20180403;3.3798;2.6025;2.6264;4.1664;1.3338;3.5454;4.7494;3.1828;0.1642
20180404;3.3977;2.6114;2.6466;4.1650;1.3338;3.5436;4.7690;3.1916;0.1644
20180405;3.3820;2.6006;2.6368;4.1591;1.3358;3.5254;4.7620;3.1809;0.1643
20180406;3.3892;2.6072;2.6548;4.1535;1.3351;3.5216;4.7526;3.1635;0.1639
20180409;3.3836;2.6030;2.6565;4.1511;1.3308;3.5246;4.7620;3.1557;0.1636
20180410;3.3694;2.5881;2.6391;4.1524;1.3318;3.5216;4.7660;3.1487;0.1638
20180411;3.3538;2.5981;2.6534;4.1468;1.3319;3.5135;4.7550;3.1351;0.1637
20180412;3.3530;2.5999;2.6607;4.1496;1.3316;3.4998;4.7600;3.1366;0.1638
20180413;3.3611;2.6036;2.6650;4.1362;1.3283;3.4868;4.7715;3.1301;0.1635
20180416;3.3481;2.6058;2.6612;4.1263;1.3271;3.4785;4.7736;3.1099;0.1632
20180417;3.3217;2.5829;2.6409;4.1154;1.3261;3.4667;4.7613;3.0984;0.1630
20180418;3.3353;2.5904;2.6551;4.1195;1.3259;3.4564;4.7715;3.1133;0.1630
20180419;3.3282;2.5888;2.6503;4.1220;1.3292;3.4434;4.7368;3.1050;0.1630
20180420;3.3358;2.5940;2.6452;4.1264;1.3301;3.4460;4.7447;3.1064;0.1630
20180423;3.3667;2.5786;2.6453;4.1299;1.3292;3.4523;4.7172;3.1234;0.1628
20180424;3.3997;2.5912;2.6501;4.1552;1.3320;3.4797;4.7401;3.1370;0.1635
20180425;3.4034;2.5905;2.6538;4.1634;1.3327;3.4772;4.7566;3.1201;0.1637
20180426;3.4372;2.5993;2.6695;4.1892;1.3376;3.4951;4.7929;3.1507;0.1645
20180427;3.4397;2.6054;2.6755;4.1873;1.3385;3.4941;4.8091;3.1499;0.1643
20180430;3.4490;2.6073;2.6813;4.1676;1.3325;3.4842;4.7538;3.1581;0.1635
20180502;3.4668;2.6137;2.6995;4.1849;1.3346;3.4960;4.7640;3.1696;0.1637
20180504;3.5412;2.6529;2.7520;4.2401;1.3496;3.5481;4.8168;3.2219;0.1656
20180507;3.5271;2.6471;2.7352;4.2069;1.3393;3.5240;4.7633;3.2299;0.1649
20180508;3.5374;2.6533;2.7479;4.2130;1.3403;3.5221;4.7886;3.2343;0.1651
20180509;3.5788;2.6618;2.7604;4.2401;1.3463;3.5660;4.8323;3.2762;0.1658
20180510;3.5580;2.6561;2.7647;4.2265;1.3413;3.5468;4.8336;3.2415;0.1652
20180511;3.5290;2.6530;2.7605;4.2046;1.3379;3.5219;4.7642;3.2221;0.1649
20180514;3.5268;2.6645;2.7619;4.2189;1.3400;3.5329;4.7850;3.2300;0.1654
20180515;3.5192;2.6590;2.7576;4.2206;1.3380;3.5326;4.7866;3.2131;0.1656
20180516;3.5978;2.6812;2.7849;4.2559;1.3406;3.5841;4.8423;3.2608;0.1662
20180517;3.5912;2.6975;2.8052;4.2373;1.3414;3.5951;4.8481;3.2586;0.1659
20180518;3.6059;2.7056;2.8134;4.2517;1.3406;3.5944;4.8632;3.2545;0.1662
20180521;3.6216;2.7140;2.8064;4.2578;1.3377;3.6213;4.8753;3.2649;0.1661
20180522;3.6179;2.7324;2.8144;4.2564;1.3356;3.6246;4.8578;3.2556;0.1657
20180523;3.6010;2.7365;2.8253;4.2454;1.3340;3.6220;4.8436;3.2453;0.1652
20180524;3.6449;2.7488;2.8312;4.2667;1.3384;3.6707;4.8649;3.3103;0.1655
20180525;3.6395;2.7526;2.8209;4.2697;1.3354;3.6788;4.8744;3.3344;0.1653
20180528;3.6669;2.7697;2.8262;4.2729;1.3359;3.7016;4.8828;3.3587;0.1657
20180529;3.6643;2.7671;2.8210;4.2566;1.3350;3.6823;4.8742;3.3529;0.1654
20180530;3.6791;2.7685;2.8253;4.2601;1.3331;3.7021;4.8821;3.3744;0.1646
20180601;3.6792;2.7712;2.8270;4.2738;1.3367;3.7240;4.8917;3.3809;0.1653
20180604;3.6581;2.7588;2.8203;4.2695;1.3347;3.6912;4.8736;3.3342;0.1654
20180605;3.6201;2.7704;2.8044;4.2421;1.3301;3.6742;4.8375;3.3036;0.1650
20180606;3.6345;2.7636;2.7898;4.2423;1.3307;3.6808;4.8570;3.3109;0.1653
20180607;3.5862;2.7521;2.7869;4.2276;1.3267;3.6432;4.8175;3.2606;0.1648
20180608;3.5778;2.7351;2.7606;4.2258;1.3292;3.6437;4.7895;3.2519;0.1646
20180611;3.6010;2.7323;2.7722;4.2341;1.3243;3.6472;4.8186;3.2887;0.1642
20180612;3.5788;2.7256;2.7532;4.2255;1.3150;3.6338;4.7908;3.2564;0.1645
20180613;3.5907;2.7323;2.7623;4.2327;1.3232;3.6479;4.7961;3.2575;0.1650
20180614;3.5963;2.7266;2.7664;4.2322;1.3199;3.6498;4.8013;3.2575;0.1645
20180615;3.6342;2.7380;2.7944;4.2345;1.3154;3.6588;4.8422;3.2929;0.1648
20180618;3.6562;2.7254;2.7765;4.2408;1.3140;3.6645;4.8485;3.3039;0.1648
20180619;3.6615;2.7233;2.7760;4.2490;1.3149;3.6808;4.8482;3.3155;0.1649
20180620;3.6877;2.7163;2.7776;4.2632;1.3230;3.7079;4.8554;3.3568;0.1653
20180621;3.6845;2.7208;2.7737;4.2677;1.3195;3.7074;4.8607;3.3438;0.1653
20180622;3.6970;2.7293;2.7765;4.2833;1.3148;3.7238;4.8974;3.3554;0.1657
20180625;3.6679;2.7264;2.7527;4.2732;1.3197;3.7048;4.8698;3.3324;0.1657
20180626;3.6795;2.7267;2.7635;4.2977;1.3186;3.7268;4.8852;3.3594;0.1657
20180627;3.6857;2.7224;2.7695;4.2994;1.3181;3.7247;4.8793;3.3576;0.1657
20180628;3.6999;2.7328;2.7829;4.2947;1.3137;3.7182;4.8682;3.3511;0.1662
20180629;3.7312;2.7389;2.8087;4.3178;1.3131;3.7404;4.8839;3.3828;0.1663
20180702;3.7188;2.7470;2.8203;4.3299;1.3131;3.7428;4.8936;3.3577;0.1665
20180703;3.7490;2.7530;2.8401;4.3518;1.3168;3.7644;4.9156;3.3829;0.1671
20180704;3.7302;2.7553;2.8370;4.3474;1.3314;3.7582;4.9146;3.3711;0.1664
20180705;3.7240;2.7501;2.8333;4.3368;1.3319;3.7517;4.9220;3.3699;0.1664
20180706;3.6850;2.7257;2.8066;4.3123;1.3327;3.7113;4.8716;3.3305;0.1659
20180709;3.6711;2.7266;2.8009;4.3163;1.3363;3.7134;4.8717;3.3256;0.1665
20180710;3.6420;2.7214;2.7841;4.2820;1.3229;3.6785;4.8445;3.2905;0.1654
20180711;3.6523;2.7218;2.7802;4.2761;1.3186;3.6741;4.8427;3.2822;0.1651
20180712;3.6421;2.6962;2.7716;4.2784;1.3185;3.6720;4.8322;3.2757;0.1651
20180713;3.6675;2.7131;2.7846;4.2809;1.3168;3.6599;4.8494;3.2589;0.1650
20180716;3.6757;2.7152;2.7862;4.2792;1.3198;3.6585;4.8410;3.2664;0.1650
20180717;3.6383;2.7023;2.7710;4.2636;1.3212;3.6478;4.8259;3.2390;0.1647
20180718;3.6392;2.6881;2.7597;4.2528;1.3166;3.6522;4.7887;3.2271;0.1643
20180719;3.6675;2.7009;2.7707;4.2671;1.3159;3.6674;4.7821;3.2502;0.1650
20180720;3.6986;2.7101;2.7916;4.2886;1.3156;3.6889;4.8000;3.2742;0.1656
20180723;3.6516;2.7077;2.7838;4.2786;1.3145;3.6721;4.7854;3.2651;0.1653
20180724;3.6623;2.7046;2.7847;4.2860;1.3135;3.6920;4.8023;3.2909;0.1657
20180725;3.6423;2.7039;2.7714;4.2642;1.3084;3.6669;4.7869;3.2812;0.1659
20180726;3.6398;2.6985;2.7806;4.2573;1.3080;3.6649;4.7877;3.2765;0.1659
20180727;3.6320;2.6878;2.7836;4.2429;1.3083;3.6580;4.7746;3.2704;0.1654
20180730;3.6382;2.6950;2.7851;4.2407;1.3155;3.6556;4.7726;3.2795;0.1655
20180731;3.6138;2.6764;2.7784;4.2318;1.3140;3.6498;4.7466;3.2564;0.1651
20180801;3.6199;2.6888;2.7760;4.2377;1.3191;3.6572;4.7529;3.2347;0.1656
20180802;3.6151;2.6781;2.7805;4.2231;1.3152;3.6439;4.7438;3.2302;0.1651
20180803;3.6371;2.6825;2.7946;4.2285;1.3164;3.6596;4.7489;3.2640;0.1648
20180806;3.6412;2.6903;2.8063;4.2151;1.3145;3.6636;4.7340;3.2744;0.1644
20180807;3.6599;2.6994;2.8088;4.2248;1.3178;3.6660;4.7316;3.2827;0.1646
20180808;3.6284;2.6988;2.7951;4.2110;1.3156;3.6507;4.6992;3.2657;0.1643
20180809;3.6399;2.6955;2.7845;4.2183;1.3197;3.6562;4.6865;3.2802;0.1648
20180810;3.6517;2.7065;2.8030;4.2328;1.3215;3.6865;4.7032;3.2905;0.1656
20180813;3.7157;2.7124;2.8356;4.2447;1.3156;3.7390;4.7345;3.3543;0.1656
20180814;3.7225;2.7124;2.8359;4.2540;1.3139;3.7446;4.7589;3.3561;0.1656
20180816;3.7386;2.7116;2.8576;4.2557;1.3184;3.7716;4.7745;3.3742;0.1655
20180817;3.7363;2.7208;2.8441;4.2599;1.3152;3.7625;4.7607;3.3767;0.1656
20180820;3.7334;2.7191;2.8552;4.2600;1.3183;3.7513;4.7507;3.3784;0.1655
20180821;3.7321;2.7268;2.8556;4.2650;1.3169;3.7554;4.7652;3.3801;0.1659
20180822;3.6958;2.7181;2.8369;4.2587;1.3169;3.7447;4.7549;3.3456;0.1654
20180823;3.6543;2.6844;2.8048;4.2396;1.3125;3.7199;4.7214;3.3103;0.1648
20180824;3.6638;2.6653;2.8065;4.2426;1.3080;3.7218;4.7112;3.2985;0.1648
20180827;3.6557;2.6731;2.8010;4.2373;1.3069;3.7163;4.6951;3.2824;0.1644
20180828;3.6306;2.6624;2.7898;4.2293;1.3064;3.6975;4.6756;3.2694;0.1644
20180829;3.6016;2.6503;2.7907;4.2250;1.3049;3.6950;4.6531;3.2440;0.1643
20180830;3.6337;2.6469;2.8070;4.2463;1.3046;3.7417;4.7105;3.2593;0.1648
20180831;3.6481;2.6571;2.8082;4.2536;1.3028;3.7562;4.7439;3.2760;0.1651
20180903;3.6489;2.6324;2.7957;4.2464;1.3017;3.7664;4.7330;3.2929;0.1648
20180904;3.6597;2.6409;2.8007;4.2488;1.2993;3.7747;4.7128;3.2928;0.1650
20180905;3.6945;2.6513;2.7994;4.2653;1.3021;3.7882;4.7408;3.3205;0.1656
20180906;3.6778;2.6437;2.7937;4.2761;1.3056;3.7830;4.7690;3.2919;0.1661
20180907;3.6733;2.6441;2.7852;4.2759;1.3105;3.7932;4.7569;3.3043;0.1663
20180910;3.6874;2.6349;2.8067;4.2692;1.3135;3.8173;4.7780;3.3202;0.1662
20180911;3.6859;2.6260;2.8001;4.2754;1.3152;3.7858;4.7961;3.3153;0.1667
20180912;3.6841;2.6111;2.7979;4.2664;1.3132;3.7804;4.7860;3.3034;0.1663
20180913;3.6792;2.6219;2.8211;4.2676;1.3121;3.7849;4.7849;3.3060;0.1670
20180914;3.6425;2.6313;2.8046;4.2592;1.3151;3.7681;4.7760;3.2640;0.1669
20180917;3.6521;2.6227;2.8037;4.2615;1.3136;3.7790;4.7812;3.2604;0.1672
20180918;3.6382;2.6161;2.7956;4.2544;1.3112;3.7822;4.7862;3.2490;0.1672
20180919;3.6340;2.6207;2.7967;4.2536;1.3168;3.7793;4.7848;3.2373;0.1672
20180920;3.6425;2.6429;2.8104;4.2483;1.3150;3.7590;4.7836;3.2439;0.1668
20180921;3.6195;2.6353;2.8063;4.2553;1.3150;3.7679;4.8042;3.2262;0.1664
20180924;3.6261;2.6380;2.8056;4.2581;1.3142;3.7875;4.7391;3.2184;0.1664
20180925;3.6109;2.6254;2.7961;4.2606;1.3168;3.7643;4.7471;3.2069;0.1663
20180926;3.6054;2.6159;2.7848;4.2486;1.3093;3.7359;4.7407;3.1951;0.1658
20180927;3.6131;2.6192;2.7875;4.2395;1.3096;3.7273;4.7539;3.1966;0.1651
20180928;3.6216;2.6129;2.7718;4.2310;1.3074;3.7171;4.7550;3.2025;0.1645
20181001;3.6535;2.6383;2.8183;4.2308;1.3063;3.7395;4.7534;3.2182;0.1642
20181002;3.6520;2.6353;2.8490;4.2374;1.3123;3.7126;4.7740;3.2043;0.1644
20181003;3.6880;2.6493;2.8757;4.2534;1.3145;3.7473;4.7821;3.2423;0.1649
20181004;3.6817;2.6329;2.8708;4.2504;1.3185;3.7263;4.7913;3.2342;0.1651
20181005;3.6987;2.6211;2.8742;4.2602;1.3141;3.7291;4.8143;3.2421;0.1652
20181008;3.6911;2.6134;2.8550;4.2581;1.3131;3.7239;4.8308;3.2456;0.1654
20181009;3.7156;2.6262;2.8624;4.2624;1.3110;3.7378;4.8497;3.2811;0.1655
20181010;3.7311;2.6352;2.8722;4.2708;1.3145;3.7509;4.8694;3.2940;0.1655
20181011;3.7033;2.6272;2.8553;4.2664;1.3125;3.7321;4.8820;3.2799;0.1651
20181012;3.6911;2.6283;2.8332;4.2684;1.3146;3.7309;4.8790;3.2806;0.1652
20181015;3.6868;2.6295;2.8303;4.2558;1.3117;3.7145;4.8588;3.2860;0.1649
20181016;3.6682;2.6200;2.8128;4.2517;1.3155;3.7222;4.8210;3.2825;0.1648
20181017;3.6587;2.6157;2.8279;4.2445;1.3178;3.6994;4.8370;3.2622;0.1643
20181018;3.6837;2.6223;2.8382;4.2499;1.3185;3.7109;4.8365;3.2854;0.1644
20181019;3.7034;2.6399;2.8398;4.2559;1.3182;3.7194;4.8495;3.2903;0.1645
20181022;3.7032;2.6465;2.8297;4.2551;1.3160;3.7195;4.8335;3.2898;0.1646
20181023;3.7009;2.6272;2.8236;4.2485;1.3148;3.7155;4.8005;3.2841;0.1644
20181024;3.7079;2.6212;2.8297;4.2520;1.3169;3.7274;4.8198;3.3093;0.1646
20181025;3.7419;2.6477;2.8593;4.2637;1.3202;3.7475;4.8356;3.3230;0.1650
20181026;3.7508;2.6576;2.8687;4.2686;1.3183;3.7456;4.8170;3.3346;0.1652
20181029;3.7573;2.6488;2.8587;4.2680;1.3164;3.7542;4.8123;3.3622;0.1652
20181030;3.7589;2.6611;2.8647;4.2794;1.3191;3.7589;4.8164;3.3423;0.1655
20181031;3.7671;2.6780;2.8680;4.2845;1.3189;3.7556;4.8000;3.3419;0.1656
20181102;3.7930;2.6879;2.8876;4.2938;1.3204;3.7720;4.8436;3.3514;0.1657
20181105;3.7415;2.6982;2.8557;4.2730;1.3281;3.7382;4.8590;3.3127;0.1656
20181106;3.7424;2.6979;2.8624;4.2659;1.3247;3.7265;4.8754;3.3077;0.1652
20181107;3.7365;2.7022;2.8470;4.2661;1.3250;3.7231;4.8828;3.2989;0.1650
20181108;3.6994;2.6961;2.8295;4.2464;1.3202;3.7075;4.8633;3.2672;0.1641
20181109;3.7093;2.7051;2.8322;4.2417;1.3208;3.6995;4.8604;3.2631;0.1638
20181112;3.7436;2.7112;2.8369;4.2465;1.3217;3.7186;4.8810;3.2886;0.1638
20181113;3.7781;2.7186;2.8603;4.2532;1.3217;3.7431;4.8537;3.3162;0.1639
20181114;3.7757;2.7189;2.8511;4.2531;1.3164;3.7377;4.8884;3.3124;0.1638
20181115;3.7487;2.7093;2.8357;4.2486;1.3181;3.7228;4.8711;3.2910;0.1634
20181116;3.7600;2.7322;2.8418;4.2481;1.3184;3.7400;4.8077;3.3200;0.1635
20181119;3.7372;2.7324;2.8444;4.2624;1.3245;3.7303;4.8101;3.3153;0.1640
20181120;3.7524;2.7375;2.8453;4.2882;1.3334;3.7678;4.8133;3.3286;0.1647
20181121;3.7489;2.7192;2.8315;4.2734;1.3297;3.7741;4.8116;3.3347;0.1641
20181122;3.7371;2.7147;2.8115;4.2576;1.3243;3.7543;4.7763;3.3048;0.1638
20181123;3.7317;2.7016;2.8215;4.2552;1.3240;3.7504;4.8027;3.3035;0.1637
20181126;3.7422;2.7072;2.8262;4.2465;1.3187;3.7530;4.8018;3.3169;0.1636
20181127;3.7436;2.7123;2.8334;4.2496;1.3161;3.7475;4.8077;3.2994;0.1639
20181128;3.7635;2.7178;2.8353;4.2521;1.3093;3.7652;4.7950;3.3100;0.1638
20181129;3.7710;2.7267;2.8269;4.2521;1.3111;3.7742;4.8199;3.3101;0.1638
20181130;3.7298;2.7310;2.8117;4.2468;1.3123;3.7448;4.7674;3.2924;0.1636
20181203;3.7460;2.7327;2.8122;4.2474;1.3119;3.7489;4.7737;3.2983;0.1636
20181204;3.7349;2.7534;2.8348;4.2382;1.3127;3.7448;4.7532;3.2902;0.1633
20181205;3.7228;2.7439;2.8182;4.2397;1.3110;3.7392;4.7474;3.2999;0.1635
20181206;3.7458;2.7235;2.8192;4.2417;1.3107;3.7463;4.7624;3.3101;0.1636
20181207;3.7212;2.6878;2.7754;4.2407;1.3111;3.7553;4.7563;3.3125;0.1636
20181210;3.7260;2.6955;2.8084;4.2425;1.3141;3.7540;4.7530;3.3023;0.1641
20181211;3.7252;2.6857;2.7889;4.2489;1.3145;3.7664;4.7072;3.2988;0.1642
20181212;3.7541;2.7076;2.8018;4.2556;1.3149;3.7903;4.7190;3.3142;0.1645
20181213;3.7472;2.7068;2.8080;4.2589;1.3179;3.7734;4.7310;3.3083;0.1647
20181214;3.7463;2.7063;2.8016;4.2496;1.3151;3.7702;4.7320;3.2991;0.1646
20181217;3.7696;2.6993;2.8159;4.2532;1.3128;3.7784;4.7300;3.3168;0.1649
20181218;3.7393;2.6856;2.7906;4.2417;1.3112;3.7671;4.7140;3.3106;0.1644
20181219;3.7323;2.6878;2.7818;4.2421;1.3140;3.7609;4.7195;3.3156;0.1646
20181220;3.7099;2.6666;2.7613;4.2405;1.3155;3.7419;4.7001;3.3063;0.1647
20181221;3.7052;2.6407;2.7509;4.2422;1.3190;3.7408;4.6904;3.3213;0.1645
20181224;3.7184;2.6365;2.7436;4.2398;1.3174;3.7515;4.7028;3.3492;0.1641
20181227;3.7212;2.6270;2.7407;4.2404;1.3182;3.7399;4.7069;3.3501;0.1638
20181228;3.7158;2.6142;2.7247;4.2501;1.3231;3.7767;4.7014;3.3570;0.1644
20181231;3.7201;2.6233;2.7281;4.2614;1.3252;3.7948;4.7193;3.3706;0.1653
20190102;3.7221;2.6284;2.7343;4.2570;1.3260;3.7784;4.7416;3.3783;0.1656
20190103;3.7461;2.6193;2.7496;4.2561;1.3204;3.7891;4.7227;3.4252;0.1651
20190104;3.7448;2.6169;2.7698;4.2559;1.3216;3.7858;4.7105;3.4756;0.1656
20190107;3.7455;2.6367;2.7858;4.2526;1.3229;3.7833;4.7304;3.4529;0.1659
20190108;3.7079;2.6452;2.7795;4.2533;1.3238;3.7867;4.7385;3.4240;0.1662
20190109;3.7196;2.6553;2.7997;4.2549;1.3227;3.7895;4.7340;3.4167;0.1660
20190110;3.6897;2.6496;2.7897;4.2525;1.3230;3.7863;4.7167;3.4023;0.1657
20190111;3.6926;2.6527;2.7888;4.2559;1.3237;3.7681;4.7110;3.4183;0.1661
20190114;3.7067;2.6655;2.7945;4.2521;1.3223;3.7653;4.7417;3.4180;0.1662
20190115;3.7026;2.6647;2.7908;4.2456;1.3211;3.7729;4.7569;3.4229;0.1660
20190116;3.7078;2.6739;2.8019;4.2473;1.3149;3.7622;4.7602;3.4181;0.1661
20190117;3.7189;2.6699;2.8071;4.2389;1.3189;3.7552;4.7919;3.4168;0.1658
20190118;3.7248;2.6682;2.8006;4.2414;1.3280;3.7472;4.8107;3.4188;0.1661
20190121;3.7333;2.6825;2.8144;4.2462;1.3353;3.7526;4.8178;3.4078;0.1660
20190122;3.7371;2.6700;2.8097;4.2470;1.3359;3.7470;4.8081;3.4080;0.1659
20190123;3.7341;2.6630;2.7988;4.2404;1.3329;3.7411;4.8284;3.4120;0.1655
20190124;3.7374;2.6659;2.7979;4.2469;1.3352;3.7485;4.8781;3.4014;0.1653
20190125;3.7320;2.6513;2.7988;4.2465;1.3334;3.7552;4.8701;3.4095;0.1651
20190128;3.7296;2.6689;2.8139;4.2445;1.3352;3.7501;4.8967;3.4020;0.1653
20190129;3.7179;2.6645;2.7991;4.2481;1.3377;3.7496;4.8966;3.4025;0.1649
20190130;3.7222;2.6617;2.8084;4.2530;1.3406;3.7417;4.9047;3.4010;0.1650
20190131;3.7193;2.6734;2.8158;4.2454;1.3414;3.7252;4.8594;3.3917;0.1645
20190201;3.6738;2.6732;2.7938;4.2169;1.3338;3.6935;4.8161;3.3811;0.1637
20190204;3.6921;2.6797;2.8147;4.2373;1.3329;3.7142;4.8299;3.3829;0.1649
20190205;3.7135;2.6787;2.8272;4.2430;1.3356;3.7163;4.8486;3.3716;0.1648
20190206;3.7204;2.6920;2.8326;4.2467;1.3379;3.7198;4.8231;3.3835;0.1652
20190207;3.7361;2.6638;2.8345;4.2529;1.3347;3.7328;4.8450;3.4045;0.1647
20190208;3.7546;2.6700;2.8302;4.2602;1.3355;3.7496;4.8721;3.4202;0.1651
20190211;3.7634;2.6718;2.8352;4.2675;1.3398;3.7611;4.8713;3.4298;0.1653
20190212;3.7880;2.6775;2.8503;4.2776;1.3376;3.7723;4.8772;3.4311;0.1654
20190213;3.7912;2.6880;2.8598;4.2821;1.3461;3.7590;4.8871;3.4317;0.1655
20190214;3.7942;2.6990;2.8683;4.2865;1.3475;3.7703;4.8960;3.4238;0.1660
20190215;3.8016;2.6980;2.8531;4.2943;1.3447;3.7780;4.8617;3.4368;0.1664
20190218;3.8052;2.7078;2.8674;4.2881;1.3475;3.7810;4.8783;3.4461;0.1669
20190219;3.7873;2.7093;2.8628;4.2880;1.3480;3.7776;4.8972;3.4246;0.1666
20190220;3.7895;2.7007;2.8561;4.2907;1.3484;3.7785;4.9245;3.4255;0.1669
20190221;3.7881;2.7119;2.8738;4.2955;1.3537;3.7874;4.9351;3.4176;0.1673
20190222;3.7837;2.6857;2.8706;4.2920;1.3512;3.7804;4.9399;3.4190;0.1674
20190225;3.7860;2.6987;2.8700;4.2912;1.3500;3.7838;4.9301;3.4204;0.1672
20190226;3.7817;2.7147;2.8741;4.2931;1.3513;3.7793;4.9412;3.4122;0.1673
20190227;3.7688;2.6963;2.8516;4.2817;1.3503;3.7654;4.9689;3.4026;0.1667
20190228;3.7543;2.6813;2.8566;4.2733;1.3506;3.7586;5.0031;3.3879;0.1666
20190301;3.7464;2.6658;2.8413;4.2647;1.3505;3.7596;4.9822;3.3673;0.1665
20190304;3.7403;2.6582;2.8287;4.2624;1.3488;3.7493;4.9642;3.3427;0.1662
20190305;3.7588;2.6622;2.8245;4.2572;1.3466;3.7576;4.9592;3.3577;0.1660
20190306;3.7570;2.6607;2.8166;4.2549;1.3487;3.7570;4.9352;3.3592;0.1660
20190307;3.7635;2.6484;2.8130;4.2565;1.3494;3.7487;4.9512;3.3686;0.1664
20190308;3.7911;2.6665;2.8229;4.2591;1.3501;3.7616;4.9668;3.3979;0.1663
20190311;3.7905;2.6691;2.8232;4.2552;1.3487;3.7612;4.9502;3.4129;0.1659
20190312;3.7876;2.6734;2.8260;4.2583;1.3493;3.7520;4.9549;3.4057;0.1660
20190313;3.7755;2.6751;2.8214;4.2553;1.3494;3.7471;4.9541;3.3934;0.1658
20190314;3.7658;2.6619;2.8264;4.2574;1.3530;3.7426;4.9638;3.3821;0.1659
20190315;3.7707;2.6589;2.8302;4.2608;1.3555;3.7538;4.9950;3.3784;0.1660
20190318;3.7591;2.6643;2.8163;4.2612;1.3558;3.7508;4.9899;3.3715;0.1661
20190319;3.7500;2.6631;2.8132;4.2542;1.3544;3.7451;4.9649;3.3621;0.1660
20190320;3.7416;2.6570;2.8194;4.2467;1.3560;3.7441;4.9629;3.3590;0.1657
20190321;3.7325;2.6477;2.7984;4.2390;1.3517;3.7422;4.9234;3.3492;0.1652
20190322;3.7274;2.6537;2.7890;4.2387;1.3476;3.7525;4.8872;3.3617;0.1652
20190325;3.7733;2.6744;2.8116;4.2561;1.3441;3.7928;4.9755;3.4333;0.1652
20190326;3.7555;2.6680;2.7964;4.2520;1.3439;3.7851;4.9597;3.4122;0.1651
20190327;3.7609;2.6851;2.8099;4.2493;1.3337;3.7834;4.9775;3.4011;0.1650
20190328;3.7805;2.6767;2.8175;4.2538;1.3295;3.7985;4.9898;3.4246;0.1648
20190329;3.7869;2.6819;2.8246;4.2536;1.3290;3.7987;4.9579;3.4213;0.1650
20190401;3.7939;2.6889;2.8399;4.2594;1.3261;3.8096;4.9316;3.4220;0.1650
20190402;3.7869;2.6987;2.8373;4.2550;1.3240;3.8017;4.9661;3.4133;0.1649
20190403;3.7965;2.6853;2.8494;4.2525;1.3225;3.7998;4.9547;3.4082;0.1651
20190404;3.7808;2.6909;2.8362;4.2464;1.3261;3.7943;4.9643;3.3921;0.1651
20190405;3.7887;2.6927;2.8363;4.2489;1.3273;3.7887;4.9686;3.3961;0.1654
20190408;3.7830;2.6864;2.8255;4.2468;1.3213;3.7835;4.9267;3.3863;0.1657
20190409;3.7638;2.6811;2.8212;4.2429;1.3203;3.7705;4.9100;3.3811;0.1656
20190410;3.7625;2.6853;2.8257;4.2437;1.3182;3.7680;4.9135;3.3866;0.1656
20190411;3.7691;2.6920;2.8256;4.2374;1.3172;3.7614;4.9269;3.3936;0.1655
20190412;3.7618;2.6881;2.8125;4.2400;1.3171;3.7507;4.9205;3.3788;0.1655
20190415;3.7436;2.6900;2.8092;4.2358;1.3164;3.7427;4.9105;3.3446;0.1653
20190416;3.7424;2.6842;2.8110;4.2304;1.3214;3.7296;4.9040;3.3408;0.1649
20190417;3.7460;2.6865;2.8004;4.2313;1.3216;3.7209;4.8958;3.3457;0.1648
20190418;3.7414;2.6884;2.8085;4.2293;1.3231;3.7097;4.8803;3.3427;0.1648
20190419;3.7660;2.6966;2.8133;4.2367;1.3250;3.7178;4.9031;3.3661;0.1649
20190423;3.7670;2.6957;2.8176;4.2374;1.3242;3.7181;4.8984;3.3668;0.1649
20190424;3.7862;2.6881;2.8252;4.2450;1.3224;3.7073;4.9055;3.3831;0.1649
20190425;3.7965;2.6672;2.8231;4.2486;1.3218;3.7283;4.9156;3.3956;0.1651
20190426;3.8152;2.6731;2.8279;4.2509;1.3179;3.7398;4.9240;3.4168;0.1651
20190429;3.8076;2.6807;2.8290;4.2470;1.3180;3.7348;4.9201;3.4102;0.1653
20190430;3.8116;2.6840;2.8292;4.2502;1.3169;3.7336;4.9203;3.4050;0.1655
20190502;3.7794;2.6636;2.8082;4.2426;1.3119;3.7107;4.9270;3.3948;0.1654
20190506;3.7865;2.6533;2.8134;4.2355;1.3073;3.7139;4.9328;3.3948;0.1648
20190507;3.7861;2.6477;2.8110;4.2377;1.3098;3.7152;4.9578;3.4142;0.1647
20190508;3.7938;2.6588;2.8146;4.2439;1.3097;3.7161;4.9544;3.4339;0.1649
20190509;3.7932;2.6583;2.8177;4.2482;1.3110;3.7227;4.9346;3.4443;0.1652
20190510;3.7876;2.6429;2.8067;4.2554;1.3147;3.7353;4.9224;3.4546;0.1653
20190513;3.7825;2.6505;2.8266;4.2539;1.3166;3.7435;4.9310;3.4498;0.1653
20190514;3.7864;2.6374;2.8195;4.2616;1.3170;3.7648;4.9309;3.4700;0.1653
20190515;3.8036;2.6398;2.8220;4.2647;1.3145;3.7723;4.9122;3.4715;0.1656
20190516;3.8137;2.6402;2.8292;4.2660;1.3101;3.7831;4.8953;3.4875;0.1655
20190517;3.8046;2.6265;2.8346;4.2560;1.3118;3.7675;4.8679;3.4638;0.1655
20190520;3.8130;2.6221;2.8252;4.2611;1.3074;3.7734;4.8634;3.4750;0.1654
20190521;3.8110;2.6343;2.8383;4.2553;1.3041;3.7773;4.8521;3.4664;0.1651
20190522;3.8243;2.6261;2.8488;4.2638;1.3043;3.7815;4.8668;3.4581;0.1653
20190523;3.8182;2.6282;2.8524;4.2624;1.3056;3.7853;4.8243;3.4597;0.1651
20190524;3.8321;2.6349;2.8396;4.2665;1.3037;3.8024;4.8450;3.4896;0.1651
20190527;3.7983;2.6270;2.8242;4.2531;1.3067;3.7910;4.8123;3.4667;0.1646
20190528;3.7968;2.6288;2.8250;4.2497;1.3038;3.7776;4.8122;3.4676;0.1644
20190529;3.7977;2.6328;2.8196;4.2505;1.3008;3.7744;4.8163;3.4684;0.1644
20190530;3.8213;2.6431;2.8288;4.2587;1.3048;3.7924;4.8348;3.4955;0.1646
20190531;3.8158;2.6377;2.8289;4.2446;1.3067;3.7816;4.8114;3.4723;0.1642
20190603;3.8035;2.6325;2.8115;4.2443;1.3077;3.7840;4.7885;3.4954;0.1643
20190604;3.7815;2.6324;2.8022;4.2360;1.3104;3.7908;4.7789;3.4927;0.1640
20190605;3.7676;2.6310;2.8063;4.2379;1.3156;3.7935;4.7810;3.4848;0.1646
20190606;3.7547;2.6257;2.8071;4.2333;1.3188;3.7968;4.7794;3.4759;0.1650
20190607;3.7604;2.6253;2.8086;4.2322;1.3180;3.7899;4.7759;3.4741;0.1651
20190610;3.7300;2.6108;2.8079;4.2219;1.3162;3.7717;4.7514;3.4506;0.1648
20190611;3.7365;2.6020;2.8155;4.2227;1.3201;3.7708;4.7346;3.4415;0.1648
20190612;3.7333;2.5974;2.8148;4.2244;1.3161;3.7594;4.7469;3.4359;0.1648
20190613;3.7249;2.5872;2.8033;4.2149;1.3097;3.7451;4.7433;3.4340;0.1646
20190614;3.7388;2.5842;2.8070;4.2146;1.3089;3.7605;4.7444;3.4464;0.1648
20190617;3.7475;2.5793;2.8024;4.2129;1.3088;3.7600;4.7299;3.4581;0.1650
20190618;3.7531;2.5763;2.7993;4.2181;1.3088;3.7596;4.7246;3.4560;0.1650
20190619;3.7614;2.5824;2.8086;4.2124;1.3050;3.7592;4.7127;3.4623;0.1644
20190621;3.7699;2.5849;2.8233;4.2240;1.3037;3.7794;4.7498;3.4760;0.1647
20190624;3.7194;2.5701;2.8149;4.2128;1.2993;3.7887;4.7150;3.4571;0.1644
20190625;3.6988;2.5716;2.8001;4.2115;1.2999;3.7940;4.7040;3.4421;0.1644
20190626;3.6983;2.5769;2.8088;4.2127;1.3023;3.8016;4.7070;3.4556;0.1649
20190627;3.7159;2.5921;2.8243;4.2177;1.3041;3.8009;4.7109;3.4498;0.1657
20190628;3.7084;2.5938;2.8264;4.2124;1.3010;3.7928;4.7035;3.4368;0.1655
20190701;3.6941;2.5901;2.8205;4.2046;1.3014;3.7841;4.6958;3.4278;0.1653
20190702;3.7027;2.5876;2.8259;4.1974;1.2997;3.7633;4.6862;3.4201;0.1649
20190703;3.7164;2.6000;2.8323;4.1991;1.3007;3.7601;4.6965;3.4364;0.1649
20190704;3.7179;2.6128;2.8440;4.1981;1.3019;3.7746;4.6783;3.4503;0.1649
20190705;3.7249;2.6164;2.8530;4.2013;1.3009;3.7789;4.6824;3.4547;0.1650
20190708;3.7539;2.6181;2.8602;4.2115;1.2989;3.7851;4.6916;3.4577;0.1650
20190709;3.7540;2.6216;2.8736;4.2116;1.2971;3.7797;4.6949;3.4556;0.1650
20190710;3.7663;2.6080;2.8699;4.2209;1.2971;3.7925;4.6972;3.4602;0.1653
20190711;3.7606;2.6146;2.8734;4.2266;1.2975;3.7966;4.7022;3.4587;0.1652
20190712;3.7544;2.6203;2.8722;4.2265;1.2969;3.7986;4.7113;3.4659;0.1650
20190715;3.7570;2.6273;2.8786;4.2260;1.2973;3.8129;4.7137;3.4758;0.1651
20190716;3.7448;2.6331;2.8740;4.2194;1.2962;3.8075;4.6945;3.4711;0.1648
20190717;3.7570;2.6411;2.8812;4.2148;1.2933;3.8049;4.6676;3.4718;0.1646
20190718;3.7629;2.6341;2.8797;4.2223;1.2924;3.8045;4.6746;3.4763;0.1647
20190719;3.7611;2.6458;2.8756;4.2189;1.2928;3.8094;4.6934;3.4838;0.1649
20190722;3.7494;2.6478;2.8685;4.2120;1.2944;3.8209;4.6987;3.4830;0.1649
20190723;3.7470;2.6407;2.8609;4.2056;1.2934;3.8189;4.6786;3.4722;0.1646
20190724;3.7718;2.6413;2.8687;4.2097;1.2923;3.8342;4.6947;3.4854;0.1647
20190725;3.7778;2.6396;2.8773;4.2120;1.2939;3.8383;4.7164;3.4975;0.1650
20190726;3.7715;2.6215;2.8683;4.2169;1.2931;3.8164;4.7132;3.4764;0.1648
20190729;3.7966;2.6258;2.8789;4.2261;1.2942;3.8216;4.7108;3.4934;0.1654
20190730;3.8111;2.6312;2.8958;4.2407;1.2952;3.8435;4.6698;3.5079;0.1655
20190731;3.8122;2.6204;2.8914;4.2506;1.2982;3.8471;4.6424;3.5111;0.1656
20190801;3.8139;2.6254;2.9049;4.2494;1.3029;3.8489;4.6635;3.5116;0.1655
20190802;3.8603;2.6399;2.9152;4.2633;1.3033;3.8794;4.6727;3.5579;0.1655
20190805;3.8354;2.6064;2.8949;4.2576;1.3035;3.8987;4.6549;3.5923;0.1653
20190806;3.8175;2.5866;2.8923;4.2674;1.3079;3.9127;4.6433;3.5973;0.1655
20190807;3.8217;2.5934;2.8891;4.2700;1.3131;3.9044;4.6555;3.5876;0.1658
20190808;3.8083;2.5667;2.8582;4.2783;1.3130;3.9169;4.6322;3.6029;0.1661
20190809;3.8223;2.6019;2.8784;4.2798;1.3193;3.9068;4.6341;3.6008;0.1659
20190812;3.8216;2.6011;2.8919;4.2775;1.3185;3.9238;4.6113;3.6118;0.1656
20190813;3.8197;2.5796;2.8896;4.2849;1.3208;3.9328;4.6203;3.6267;0.1657
20190814;3.8373;2.6078;2.9015;4.2920;1.3270;3.9444;4.6381;3.6011;0.1662
20190816;3.8743;2.6183;2.9135;4.3225;1.3293;3.9808;4.6768;3.6509;0.1671
20190819;3.8823;2.6315;2.9177;4.3001;1.3224;3.9619;4.7199;3.6533;0.1670
20190820;3.9001;2.6427;2.9372;4.3270;1.3260;3.9753;4.7254;3.6598;0.1679
20190821;3.8956;2.6415;2.9226;4.3159;1.3188;3.9750;4.7272;3.6642;0.1673
20190822;3.8779;2.6365;2.9239;4.3041;1.3149;3.9540;4.7071;3.6442;0.1668
20190823;3.8918;2.6348;2.9293;4.3183;1.3173;3.9590;4.7668;3.6576;0.1675
20190826;3.9009;2.6316;2.9297;4.3171;1.3131;3.9634;4.7703;3.6620;0.1674
20190827;3.8868;2.6291;2.9221;4.3213;1.3120;3.9739;4.7524;3.6669;0.1675
20190828;3.8922;2.6325;2.9392;4.3212;1.3132;3.9617;4.7832;3.6723;0.1674
20190829;3.9218;2.6445;2.9483;4.3461;1.3164;3.9962;4.7907;3.7051;0.1680
20190830;3.9285;2.6484;2.9547;4.3465;1.3115;3.9918;4.7914;3.6910;0.1680
20190902;3.9311;2.6475;2.9641;4.3418;1.3105;3.9791;4.7997;3.7028;0.1674
20190903;3.9376;2.6430;2.9519;4.3182;1.3032;3.9717;4.7515;3.7026;0.1667
20190904;3.9442;2.6569;2.9520;4.3177;1.3056;3.9847;4.7429;3.7119;0.1670
20190905;3.9038;2.6491;2.9299;4.2989;1.3057;3.9663;4.7538;3.6740;0.1663
20190906;3.8745;2.6448;2.9331;4.2936;1.3039;3.9407;4.7840;3.6258;0.1660
20190909;3.8899;2.6646;2.9527;4.2984;1.2993;3.9375;4.7898;3.6449;0.1663
20190910;3.8818;2.6665;2.9493;4.2917;1.3001;3.9203;4.8006;3.6281;0.1660
20190911;3.8893;2.6645;2.9522;4.2936;1.2946;3.9270;4.8105;3.6267;0.1660
20190912;3.9029;2.6782;2.9659;4.2913;1.2888;3.9288;4.8108;3.6225;0.1658
20190913;3.8911;2.6753;2.9509;4.2942;1.2934;3.9312;4.8042;3.6104;0.1661
20190916;3.8641;2.6583;2.9178;4.2771;1.2918;3.9119;4.8098;3.5754;0.1655
20190917;3.8885;2.6666;2.9324;4.2820;1.2885;3.9122;4.8373;3.6020;0.1654
20190918;3.8904;2.6631;2.9289;4.2922;1.2863;3.9072;4.8396;3.5944;0.1657
20190919;3.8867;2.6584;2.9318;4.2970;1.2901;3.9052;4.8501;3.5923;0.1659
20190920;3.8858;2.6435;2.9300;4.2982;1.2922;3.9151;4.8557;3.5978;0.1660
20190923;3.9283;2.6627;2.9568;4.3290;1.2967;3.9597;4.9009;3.6377;0.1671
20190924;3.9525;2.6761;2.9780;4.3433;1.2972;3.9867;4.9077;3.6789;0.1677
20190925;3.9461;2.6820;2.9761;4.3394;1.2964;3.9895;4.9283;3.6655;0.1678
20190926;3.9564;2.6700;2.9810;4.3466;1.2987;4.0085;4.8998;3.6790;0.1684
20190927;3.9700;2.6891;2.9975;4.3519;1.2968;4.0031;4.9063;3.6912;0.1685
20190930;3.9740;2.6898;3.0003;4.3455;1.2947;4.0038;4.8974;3.6771;0.1681
20191001;3.9717;2.6849;2.9990;4.3296;1.2939;3.9847;4.8902;3.6765;0.1679
20191002;3.9841;2.6585;3.0005;4.3370;1.2938;3.9791;4.8638;3.6743;0.1685
20191003;3.9523;2.6455;2.9772;4.3266;1.2941;3.9553;4.8564;3.6792;0.1677
20191004;3.9197;2.6365;2.9392;4.2952;1.2924;3.9170;4.8484;3.6594;0.1669
20191007;3.8974;2.6367;2.9296;4.2755;1.2856;3.9165;4.7897;3.6399;0.1663
20191008;3.8994;2.6312;2.9323;4.2874;1.2862;3.9232;4.8055;3.6464;0.1663
20191009;3.9021;2.6302;2.9307;4.2821;1.2819;3.9349;4.7659;3.6493;0.1659
20191010;3.8957;2.6253;2.9243;4.2777;1.2809;3.9178;4.7612;3.6280;0.1657
20191011;3.8757;2.6198;2.9129;4.2708;1.2820;3.8951;4.7384;3.5934;0.1650
20191014;3.8533;2.6203;2.9194;4.2590;1.2861;3.8632;4.8872;3.5516;0.1651
20191015;3.8562;2.6055;2.9154;4.2516;1.2818;3.8716;4.8592;3.5584;0.1645
20191016;3.8670;2.6079;2.9221;4.2513;1.2790;3.8713;4.8823;3.5652;0.1646
20191017;3.8450;2.5885;2.9086;4.2499;1.2748;3.8595;4.9391;3.5382;0.1651
20191018;3.8108;2.6027;2.8985;4.2392;1.2806;3.8567;4.8920;3.5098;0.1650
20191021;3.8082;2.6081;2.8983;4.2421;1.2811;3.8553;4.9076;3.5096;0.1652
20191022;3.8001;2.6128;2.8992;4.2394;1.2847;3.8573;4.9375;3.5023;0.1655
20191023;3.7992;2.6078;2.8983;4.2305;1.2836;3.8454;4.9106;3.5020;0.1655
20191024;3.8062;2.6065;2.9056;4.2335;1.2884;3.8461;4.9051;3.5049;0.1653
20191025;3.8108;2.6015;2.9126;4.2365;1.2857;3.8456;4.9022;3.5121;0.1655
20191028;3.8184;2.6064;2.9227;4.2362;1.2880;3.8450;4.8940;3.5160;0.1657
20191029;3.8150;2.6040;2.9206;4.2316;1.2900;3.8317;4.9036;3.5041;0.1660
20191030;3.8019;2.6103;2.9093;4.2239;1.2834;3.8238;4.8956;3.4897;0.1653
20191031;3.7982;2.6052;2.8877;4.2206;1.2802;3.8280;4.8850;3.4871;0.1653
20191104;3.7819;2.6072;2.8755;4.2138;1.2834;3.8302;4.8913;3.4952;0.1652
20191105;3.7840;2.6123;2.8779;4.2184;1.2814;3.8309;4.8830;3.4877;0.1653
20191106;3.8053;2.6257;2.8973;4.2199;1.2761;3.8376;4.9046;3.4959;0.1652
20191107;3.8105;2.6262;2.8930;4.2230;1.2725;3.8389;4.9059;3.4959;0.1656
20191108;3.8119;2.6312;2.8952;4.2173;1.2685;3.8359;4.8913;3.4918;0.1655
20191112;3.8254;2.6218;2.8911;4.2186;1.2641;3.8401;4.9037;3.5047;0.1655
20191113;3.8432;2.6284;2.9053;4.2330;1.2666;3.8635;4.9362;3.5206;0.1659
20191114;3.8556;2.6330;2.9104;4.2461;1.2681;3.8947;4.9449;3.5452;0.1658
20191115;3.8601;2.6156;2.9103;4.2465;1.2714;3.9022;4.9568;3.5524;0.1663
20191118;3.8328;2.6078;2.8957;4.2340;1.2650;3.8718;4.9460;3.5251;0.1654
20191119;3.8381;2.6118;2.9025;4.2480;1.2659;3.8853;4.9743;3.5313;0.1660
20191120;3.8344;2.6169;2.9000;4.2458;1.2694;3.8679;4.9618;3.5291;0.1660
20191121;3.8375;2.6167;2.8894;4.2517;1.2760;3.8650;4.9576;3.5329;0.1665
20191122;3.8386;2.6111;2.8918;4.2533;1.2760;3.8707;4.9703;3.5347;0.1666
20191125;3.8496;2.6132;2.8994;4.2526;1.2738;3.8659;4.9458;3.5427;0.1668
20191126;3.8614;2.6180;2.9049;4.2554;1.2690;3.8748;4.9803;3.5475;0.1670
20191127;3.8676;2.6195;2.9070;4.2587;1.2678;3.8780;4.9705;3.5472;0.1670
20191128;3.8789;2.6297;2.9224;4.2651;1.2689;3.8811;4.9931;3.5493;0.1672
20191129;3.8890;2.6332;2.9286;4.2801;1.2732;3.8929;5.0188;3.5507;0.1673
20191202;3.8838;2.6274;2.9206;4.2721;1.2802;3.8792;5.0113;3.5445;0.1674
20191203;3.8435;2.6122;2.8903;4.2447;1.2752;3.8590;4.9684;3.5087;0.1662
20191204;3.8249;2.6175;2.8749;4.2389;1.2787;3.8742;4.9708;3.5191;0.1660
20191205;3.8144;2.6118;2.8734;4.2349;1.2793;3.8637;4.9946;3.5090;0.1659
20191206;3.8139;2.6043;2.8938;4.2334;1.2801;3.8561;5.0153;3.5039;0.1658
20191209;3.8358;2.6205;2.8943;4.2412;1.2836;3.8709;5.0341;3.5240;0.1661
20191210;3.8284;2.6144;2.8923;4.2392;1.2785;3.8698;5.0332;3.5283;0.1661
20191211;3.8333;2.6109;2.8964;4.2473;1.2836;3.8882;5.0509;3.5297;0.1664
20191212;3.8261;2.6190;2.8927;4.2434;1.2836;3.8804;5.0440;3.5192;0.1663
20191213;3.8130;2.6275;2.8920;4.2418;1.2870;3.8718;5.0136;3.4997;0.1662
20191216;3.7913;2.6119;2.8777;4.2281;1.2831;3.8586;5.0530;3.4680;0.1657
20191217;3.7856;2.6083;2.8802;4.2209;1.2851;3.8531;5.0522;3.4586;0.1657
20191218;3.7791;2.5879;2.8706;4.2141;1.2769;3.8512;4.9736;3.4492;0.1656
20191219;3.8035;2.6088;2.8973;4.2280;1.2780;3.8758;4.9724;3.4712;0.1659
20191220;3.7907;2.6044;2.8902;4.2164;1.2757;3.8720;4.9428;3.4686;0.1657
20191223;3.8046;2.6256;2.8904;4.2170;1.2753;3.8747;4.9600;3.4781;0.1657
20191224;3.8091;2.6318;2.8915;4.2231;1.2747;3.8818;4.9272;3.4830;0.1655
20191227;3.8102;2.6352;2.8954;4.2198;1.2738;3.8772;4.9267;3.4834;0.1656
20191230;3.7821;2.6343;2.8880;4.2201;1.2746;3.8767;4.9560;3.4534;0.1653
20191231;3.7636;2.6333;2.8788;4.2177;1.2747;3.8834;4.9468;3.4574;0.1656
20200102;3.7597;2.6358;2.8848;4.2159;1.2756;3.8821;4.9471;3.4609;0.1659
20200103;3.7667;2.6335;2.8978;4.2087;1.2774;3.8777;4.9520;3.4655;0.1659
20200107;3.7679;2.6179;2.9000;4.2024;1.2730;3.8726;4.9246;3.4809;0.1658
20200108;3.7704;2.5889;2.8967;4.2032;1.2685;3.8795;4.9421;3.4774;0.1663
20200109;3.7724;2.5872;2.8978;4.1968;1.2665;3.8901;4.9520;3.4707;0.1661
20200110;3.7817;2.5950;2.8939;4.2009;1.2620;3.8888;4.9350;3.4538;0.1663
20200113;3.7823;2.6058;2.8995;4.1989;1.2575;3.8812;4.9422;3.4509;0.1661
20200114;3.7731;2.6032;2.8908;4.1972;1.2540;3.8854;4.9030;3.4336;0.1664
20200115;3.7566;2.5945;2.8752;4.1780;1.2562;3.8791;4.8843;3.4161;0.1660
20200116;3.7487;2.5839;2.8712;4.1806;1.2561;3.8841;4.8850;3.4097;0.1665
20200117;3.7640;2.6003;2.8842;4.1938;1.2547;3.9018;4.9126;3.4201;0.1666
20200120;3.7823;2.6047;2.8963;4.1984;1.2501;3.9071;4.9277;3.4334;0.1669
20200121;3.7890;2.5993;2.9018;4.1992;1.2548;3.9108;4.9249;3.4392;0.1672
20200122;3.7739;2.5904;2.8902;4.1904;1.2503;3.9007;4.9293;3.4310;0.1671
20200123;3.7871;2.5930;2.9002;4.1935;1.2478;3.9045;4.9713;3.4464;0.1666
20200124;3.7974;2.6059;2.8886;4.2033;1.2484;3.9238;4.9815;3.4715;0.1671
20200127;3.8178;2.6123;2.9058;4.2117;1.2546;3.9338;5.0014;3.4879;0.1674
20200128;3.8414;2.6002;2.9134;4.2321;1.2523;3.9609;5.0166;3.5241;0.1676
20200129;3.8427;2.5936;2.9147;4.2285;1.2505;3.9517;4.9946;3.5249;0.1677
20200130;3.8576;2.6000;2.9241;4.2419;1.2572;3.9546;5.0185;3.5367;0.1683
20200131;3.8519;2.5836;2.9147;4.2471;1.2563;3.9706;5.0387;3.5369;0.1682
20200203;3.8501;2.5797;2.9115;4.2594;1.2643;3.9861;5.0626;3.5400;0.1691
20200204;3.8493;2.5800;2.9080;4.2527;1.2627;3.9851;5.0150;3.5435;0.1689
20200205;3.8289;2.5779;2.8840;4.2289;1.2588;3.9502;4.9857;3.5048;0.1682
20200206;3.8143;2.5766;2.8677;4.1968;1.2496;3.9150;4.9452;3.4726;0.1677
20200207;3.8343;2.5851;2.8842;4.2130;1.2494;3.9317;4.9664;3.4876;0.1685
20200210;3.8562;2.5728;2.8963;4.2311;1.2482;3.9578;4.9947;3.5192;0.1689
20200211;3.8636;2.5834;2.9018;4.2220;1.2503;3.9537;4.9994;3.5194;0.1687
20200212;3.8536;2.5933;2.9005;4.2081;1.2445;3.9422;4.9959;3.5091;0.1686
20200213;3.8599;2.6020;2.9126;4.2091;1.2383;3.9543;5.0028;3.5073;0.1696
20200214;3.8807;2.6147;2.9291;4.2124;1.2490;3.9674;5.0615;3.5365;0.1694
20200217;3.8725;2.6009;2.9220;4.2039;1.2513;3.9486;5.0425;3.5285;0.1690
20200218;3.8922;2.6158;2.9411;4.2186;1.2568;3.9654;5.0625;3.5405;0.1699
20200219;3.9148;2.6204;2.9519;4.2311;1.2620;3.9828;5.0995;3.5615;0.1696
20200220;3.9200;2.6166;2.9621;4.2285;1.2568;3.9834;5.0799;3.5367;0.1695
20200221;3.9145;2.5948;2.9557;4.2342;1.2541;3.9859;5.0374;3.4904;0.1692
20200224;3.9223;2.5938;2.9597;4.2506;1.2590;4.0056;5.0774;3.5102;0.1695
20200225;3.9249;2.5945;2.9584;4.2585;1.2585;4.0161;5.0715;3.5439;0.1689
20200226;3.9227;2.5871;2.9549;4.2509;1.2607;4.0101;5.0933;3.5530;0.1686
20200227;3.9286;2.5807;2.9575;4.2661;1.2561;4.0214;5.0769;3.5521;0.1683
20200228;3.8970;2.5638;2.9169;4.2778;1.2615;4.0192;5.0209;3.5444;0.1689
20200302;3.9080;2.5442;2.9073;4.2855;1.2675;4.0416;5.0105;3.6043;0.1685
20200303;3.8541;2.5215;2.8836;4.2877;1.2728;4.0311;4.9233;3.5832;0.1678
20200304;3.8397;2.5280;2.8734;4.2717;1.2674;4.0119;4.9071;3.5660;0.1678
20200305;3.8209;2.5280;2.8661;4.2489;1.2653;3.9969;4.9012;3.5657;0.1677
20200306;3.8058;2.5122;2.8379;4.2591;1.2677;4.0020;4.9150;3.5645;0.1676
20200309;3.7463;2.4867;2.7928;4.2517;1.2694;4.0172;4.8816;3.5620;0.1674
20200310;3.7371;2.4899;2.7554;4.2729;1.2714;4.0350;4.9086;3.6535;0.1674
20200311;3.7611;2.4541;2.7360;4.2764;1.2734;4.0338;4.8918;3.6197;0.1667
20200312;3.7816;2.4692;2.7499;4.2759;1.2726;4.0409;4.8912;3.6149;0.1662
20200313;3.8842;2.4593;2.8140;4.3289;1.2761;4.1023;4.9036;3.6971;0.1653
20200316;3.8945;2.4460;2.7970;4.3260;1.2748;4.0960;4.8744;3.6400;0.1657
20200317;3.9384;2.4114;2.8238;4.3728;1.2760;4.1488;4.8369;3.7065;0.1621
20200318;4.0386;2.4188;2.8542;4.4307;1.2765;4.2000;4.8653;3.7627;0.1640
20200319;4.1133;2.4100;2.8309;4.4700;1.2664;4.2411;4.8476;3.8048;0.1645
20200320;4.1833;2.4515;2.8840;4.5138;1.2619;4.2844;4.8978;3.8091;0.1632
20200323;4.1679;2.4508;2.9180;4.4680;1.2724;4.2409;4.9496;3.7583;0.1637
20200324;4.2312;2.4614;2.9204;4.5718;1.2878;4.3132;4.9144;3.8187;0.1645
20200325;4.2280;2.5111;2.9184;4.5596;1.2818;4.3050;4.9486;3.7950;0.1645
20200326;4.1993;2.5024;2.9273;4.5376;1.2790;4.2843;4.9121;3.7630;0.1643
20200327;4.0882;2.4654;2.9060;4.4938;1.2727;4.2257;4.9274;3.7219;0.1650
20200330;4.0679;2.4683;2.8851;4.4778;1.2607;4.2345;5.0003;3.7630;0.1638
20200331;4.0933;2.5165;2.8891;4.5155;1.2578;4.2766;5.0667;3.7946;0.1652
20200401;4.0963;2.5001;2.8579;4.4871;1.2477;4.2445;5.0822;3.7847;0.1643
20200402;4.1541;2.5201;2.9380;4.5402;1.2433;4.2985;5.1612;3.8743;0.1658
20200403;4.1728;2.5135;2.9272;4.5283;1.2443;4.2924;5.1610;3.8892;0.1638
20200406;4.1930;2.5194;2.9673;4.5239;1.2369;4.2846;5.1417;3.8653;0.1632
20200407;4.1793;2.5429;2.9567;4.5145;1.2385;4.2741;5.1377;3.8330;0.1637
20200408;4.1058;2.5488;2.9435;4.4819;1.2562;4.2348;5.0787;3.7667;0.1649
20200409;4.1275;2.5567;2.9428;4.4911;1.2531;4.2544;5.1152;3.7951;0.1655
20200410;4.1117;2.5907;2.9388;4.4945;1.2725;4.2487;5.1287;3.7844;0.1671
20200414;4.1150;2.6133;2.9497;4.5029;1.2781;4.2627;5.1332;3.7970;0.1667
20200415;4.0946;2.6205;2.9502;4.4880;1.2763;4.2558;5.1580;3.8167;0.1674
20200416;4.1342;2.6018;2.9355;4.4939;1.2796;4.2671;5.1571;3.8329;0.1659
20200417;4.1276;2.6075;2.9258;4.4904;1.2817;4.2703;5.1621;3.8413;0.1657
20200420;4.1136;2.6214;2.9323;4.4781;1.2715;4.2569;5.1442;3.8323;0.1645
20200421;4.1216;2.6264;2.9310;4.4779;1.2644;4.2580;5.1257;3.8237;0.1635
20200422;4.1246;2.5984;2.9079;4.4839;1.2647;4.2617;5.0858;3.8304;0.1633
20200423;4.1384;2.6140;2.9275;4.4910;1.2584;4.2693;5.1012;3.8370;0.1631
20200424;4.1665;2.6574;2.9566;4.4978;1.2585;4.2781;5.1424;3.8641;0.1632
20200427;4.1575;2.6459;2.9525;4.4889;1.2626;4.2664;5.1266;3.8677;0.1640
20200428;4.1366;2.6730;2.9395;4.4870;1.2652;4.2420;5.1397;3.8613;0.1642
20200429;4.1522;2.6930;2.9727;4.5022;1.2596;4.2620;5.1702;3.8893;0.1658
20200430;4.1422;2.7065;2.9756;4.5002;1.2668;4.2606;5.1564;3.8882;0.1659
20200504;4.1377;2.6962;2.9782;4.4933;1.2723;4.2589;5.1739;3.8826;0.1654
20200505;4.1391;2.6512;2.9378;4.5223;1.2764;4.2896;5.1448;3.8717;0.1667
20200506;4.1269;2.6682;2.9403;4.4896;1.2821;4.2605;5.1469;3.8721;0.1661
20200507;4.1621;2.6817;2.9469;4.5000;1.2876;4.2729;5.1506;3.9244;0.1662
20200508;4.1828;2.6994;2.9750;4.5087;1.2861;4.2783;5.1419;3.9237;0.1654
20200511;4.1639;2.7132;2.9843;4.5079;1.2884;4.2824;5.1530;3.9053;0.1655
20200512;4.1660;2.7010;2.9766;4.5130;1.2882;4.2894;5.1448;3.8759;0.1640
20200513;4.1504;2.7041;2.9636;4.5146;1.2876;4.2920;5.1224;3.8665;0.1644
20200514;4.1644;2.6982;2.9636;4.5234;1.2762;4.2980;5.1106;3.8908;0.1646
20200515;4.1926;2.6898;2.9676;4.5240;1.2760;4.3051;5.1113;3.9220;0.1636
20200518;4.1709;2.6860;2.9641;4.5203;1.2752;4.2963;5.0705;3.8949;0.1632
20200519;4.1581;2.6977;2.9683;4.5149;1.2807;4.2846;5.0689;3.8688;0.1635
20200520;4.1201;2.6984;2.9665;4.5039;1.2838;4.2464;5.0464;3.8185;0.1637
20200521;4.0887;2.6923;2.9457;4.4897;1.2821;4.2350;5.0170;3.8017;0.1642
20200522;4.0729;2.6857;2.9282;4.4744;1.2858;4.2078;4.9838;3.7806;0.1651
20200525;4.1053;2.6746;2.9241;4.4731;1.2786;4.2265;5.0001;3.8144;0.1636
20200526;4.0916;2.6765;2.9247;4.4580;1.2704;4.2133;4.9899;3.7990;0.1635
20200527;4.0137;2.6671;2.9019;4.4064;1.2622;4.1556;4.9521;3.7290;0.1624
20200528;4.0038;2.6358;2.8998;4.3990;1.2592;4.1272;4.9073;3.7151;0.1620
20200529;3.9791;2.6439;2.8889;4.3925;1.2580;4.1100;4.8884;3.6931;0.1630
20200601;3.9559;2.6263;2.8727;4.3990;1.2628;4.1075;4.8866;3.6785;0.1633
20200602;3.9349;2.6514;2.8729;4.3775;1.2680;4.0921;4.8883;3.6542;0.1630
20200603;3.8896;2.6711;2.8765;4.3521;1.2583;4.0483;4.8867;3.5904;0.1633
20200604;3.8940;2.6877;2.8764;4.3671;1.2649;4.0452;4.8958;3.5831;0.1640
20200605;3.8903;2.6913;2.8775;4.3838;1.2714;4.0585;4.8858;3.5785;0.1645
20200608;3.8851;2.7045;2.8904;4.3890;1.2750;4.0286;4.9232;3.5418;0.1653
20200609;3.8791;2.7098;2.8988;4.3873;1.2749;4.0499;4.9253;3.5611;0.1651
20200610;3.8756;2.6962;2.8847;4.3984;1.2752;4.0769;4.9240;3.5985;0.1654
20200612;3.8852;2.7204;2.8960;4.4157;1.2861;4.1094;4.9545;3.6213;0.1660
20200615;3.8922;2.6804;2.8705;4.3990;1.2723;4.1097;4.8997;3.6256;0.1647
20200616;3.8940;2.6722;2.8591;4.3914;1.2645;4.1039;4.8946;3.6260;0.1645
20200617;3.8944;2.6994;2.8797;4.3892;1.2716;4.1007;4.9159;3.6253;0.1653
20200618;3.9384;2.7131;2.9040;4.4189;1.2814;4.1437;4.9386;3.6707;0.1660
20200619;3.9350;2.6921;2.8957;4.4122;1.2740;4.1338;4.8894;3.6855;0.1653
20200622;3.9388;2.7105;2.9000;4.4186;1.2778;4.1463;4.8749;3.6868;0.1657
20200623;3.9157;2.7001;2.8903;4.4032;1.2698;4.1283;4.8678;3.6649;0.1650
20200624;3.8847;2.7022;2.8754;4.4011;1.2572;4.1165;4.8497;3.6558;0.1651
20200625;3.9092;2.6951;2.8783;4.4045;1.2513;4.1250;4.8736;3.6585;0.1648
20200626;3.9428;2.7111;2.8911;4.4224;1.2509;4.1558;4.8955;3.6786;0.1653
20200629;3.9489;2.7081;2.8836;4.4258;1.2443;4.1629;4.8801;3.6851;0.1650
20200630;3.9274;2.6924;2.8682;4.4215;1.2386;4.1418;4.8307;3.6523;0.1648
20200701;3.9268;2.6967;2.8720;4.4012;1.2390;4.1343;4.8304;3.6466;0.1647
20200702;3.9352;2.7239;2.8980;4.4228;1.2493;4.1546;4.8898;3.6585;0.1660
20200703;3.9222;2.7240;2.8908;4.4216;1.2583;4.1551;4.9055;3.6464;0.1662
20200706;3.9357;2.7317;2.9009;4.4228;1.2540;4.1601;4.9055;3.6610;0.1657
20200707;3.9044;2.7255;2.8842;4.4224;1.2537;4.1546;4.8832;3.6298;0.1658
20200708;3.9226;2.7280;2.8888;4.4264;1.2512;4.1619;4.9234;3.6431;0.1656
20200709;3.9172;2.7297;2.8913;4.4382;1.2480;4.1733;4.9308;3.6443;0.1662
20200710;3.9037;2.7274;2.8891;4.4213;1.2497;4.1603;4.9412;3.6438;0.1660
20200713;3.9117;2.7209;2.8783;4.4229;1.2515;4.1610;4.9429;3.6652;0.1659
20200714;3.9051;2.7232;2.8819;4.4334;1.2527;4.1498;4.9265;3.6405;0.1664
20200715;3.8937;2.7067;2.8619;4.4347;1.2472;4.1455;4.8706;3.6281;0.1660
20200716;3.8747;2.7205;2.8545;4.4280;1.2513;4.1120;4.8847;3.6297;0.1662
20200717;3.8838;2.7175;2.8719;4.4392;1.2569;4.1121;4.8895;3.6253;0.1663
20200720;3.8808;2.7100;2.8578;4.4361;1.2546;4.1283;4.8631;3.6213;0.1663
20200721;3.8649;2.7048;2.8494;4.4133;1.2514;4.1148;4.8801;3.6069;0.1658
20200722;3.8270;2.7172;2.8454;4.3854;1.2507;4.0796;4.8657;3.5761;0.1662
20200723;3.7754;2.6985;2.8095;4.3760;1.2549;4.0573;4.8017;3.5225;0.1658
20200724;3.7657;2.6792;2.8111;4.3629;1.2581;4.0651;4.7907;3.5162;0.1657
20200727;3.7607;2.6659;2.8015;4.3670;1.2597;4.0710;4.7997;3.5547;0.1663
20200728;3.7028;2.6470;2.7671;4.3543;1.2602;4.0227;4.7664;3.5202;0.1661
20200729;3.7169;2.6560;2.7753;4.3609;1.2585;4.0576;4.8023;3.5376;0.1661
20200730;3.7200;2.6726;2.7869;4.3731;1.2630;4.0611;4.8308;3.5428;0.1666
20200731;3.7029;2.6455;2.7584;4.3653;1.2638;4.0606;4.8305;3.5242;0.1664
20200803;3.6871;2.6485;2.7479;4.3600;1.2653;4.0454;4.8530;3.4890;0.1662
20200804;3.7303;2.6419;2.7749;4.3730;1.2648;4.0459;4.8544;3.5071;0.1662
20200805;3.7183;2.6511;2.7725;4.3594;1.2587;4.0524;4.8367;3.5066;0.1664
20200806;3.6617;2.6484;2.7644;4.3541;1.2630;4.0412;4.8160;3.4750;0.1668
20200807;3.6779;2.6544;2.7704;4.3608;1.2615;4.0398;4.8431;3.4897;0.1662
20200810;3.7060;2.6604;2.7714;4.3632;1.2580;4.0519;4.8330;3.5022;0.1654
20200811;3.6946;2.6529;2.7701;4.3552;1.2623;4.0407;4.8380;3.4925;0.1662
20200812;3.6938;2.6469;2.7774;4.3520;1.2633;4.0422;4.8432;3.4727;0.1664
20200813;3.7015;2.6460;2.7897;4.3608;1.2629;4.0601;4.8217;3.4650;0.1670
20200814;3.6726;2.6351;2.7795;4.3542;1.2611;4.0401;4.8168;3.4372;0.1666
20200817;3.6777;2.6352;2.7771;4.3527;1.2579;4.0454;4.8264;3.4536;0.1667
20200818;3.6679;2.6451;2.7767;4.3552;1.2483;4.0481;4.8053;3.4554;0.1666
20200819;3.6275;2.6318;2.7565;4.3377;1.2426;4.0241;4.7988;3.4438;0.1661
20200820;3.6441;2.6448;2.7718;4.3527;1.2462;4.0186;4.8163;3.4570;0.1667
20200821;3.6703;2.6248;2.7748;4.3420;1.2403;4.0303;4.8084;3.4634;0.1667
20200824;3.7079;2.6498;2.8029;4.3611;1.2431;4.0601;4.8555;3.4986;0.1671
20200825;3.6769;2.6386;2.7870;4.3483;1.2389;4.0440;4.8111;3.4756;0.1668
20200826;3.6759;2.6404;2.7873;4.3490;1.2325;4.0453;4.8289;3.4521;0.1664
20200827;3.6963;2.6667;2.8052;4.3671;1.2300;4.0644;4.8740;3.4781;0.1664
20200828;3.6976;2.6789;2.8190;4.3647;1.2252;4.0672;4.8822;3.4809;0.1661
20200831;3.6626;2.6870;2.7968;4.3509;1.2275;4.0441;4.8670;3.4726;0.1661
20200901;3.6541;2.6915;2.7984;4.3571;1.2234;4.0450;4.8666;3.4443;0.1660
20200902;3.6278;2.6780;2.7811;4.3444;1.2230;4.0002;4.8743;3.4258;0.1658
20200903;3.6959;2.7007;2.8240;4.3744;1.2218;4.0517;4.9212;3.4801;0.1659
20200904;3.7064;2.7053;2.8283;4.3895;1.2237;4.0725;4.9270;3.4841;0.1663
20200907;3.7425;2.7096;2.8524;4.4154;1.2226;4.0904;4.9398;3.5153;0.1667
20200908;3.7220;2.7106;2.8436;4.3995;1.2222;4.0647;4.8970;3.5039;0.1659
20200909;3.7409;2.7053;2.8391;4.4061;1.2278;4.0713;4.8746;3.5296;0.1661
20200910;3.7233;2.7073;2.8204;4.3995;1.2310;4.0715;4.8410;3.5067;0.1656
20200911;3.7013;2.7077;2.8168;4.4042;1.2337;4.0846;4.7911;3.4877;0.1658
20200914;3.7206;2.7119;2.8215;4.4054;1.2330;4.0910;4.7610;3.5060;0.1657
20200915;3.7079;2.7032;2.8149;4.4047;1.2322;4.0900;4.7815;3.5086;0.1651
20200916;3.7090;2.7163;2.8174;4.4005;1.2307;4.0906;4.7805;3.5203;0.1644
20200917;3.7160;2.7230;2.8198;4.4015;1.2268;4.0946;4.8210;3.5442;0.1648
20200918;3.7353;2.7247;2.8262;4.4109;1.2243;4.1045;4.8218;3.5669;0.1648
20200921;3.7291;2.7185;2.8279;4.4123;1.2237;4.0940;4.8269;3.5716;0.1650
20200922;3.7867;2.7349;2.8522;4.4493;1.2256;4.1344;4.8552;3.6199;0.1639
20200923;3.7867;2.7274;2.8462;4.4413;1.2270;4.1298;4.8331;3.6136;0.1646
20200924;3.8161;2.7113;2.8576;4.4587;1.2211;4.1374;4.8633;3.6283;0.1658
20200925;3.8686;2.7188;2.8876;4.5033;1.2381;4.1769;4.9300;3.6679;0.1663
20200928;3.8752;2.7221;2.8944;4.5088;1.2410;4.1727;4.9273;3.6697;0.1662
20200929;3.8745;2.7350;2.8974;4.5215;1.2391;4.1783;4.9857;3.6718;0.1664
20200930;3.8176;2.7184;2.8553;4.4764;1.2291;4.1485;4.9083;3.6167;0.1650
20201001;3.8454;2.7459;2.8743;4.4976;1.2329;4.1623;4.9435;3.6377;0.1659
20201002;3.7884;2.7203;2.8480;4.4473;1.2350;4.1257;4.8758;3.5833;0.1653
20201005;3.8041;2.7247;2.8566;4.4553;1.2418;4.1316;4.9181;3.6137;0.1644
20201006;3.7714;2.7103;2.8430;4.4454;1.2388;4.1213;4.8931;3.5736;0.1641
20201007;3.7669;2.6976;2.8395;4.4377;1.2347;4.1168;4.8809;3.5651;0.1643
20201008;3.7737;2.6949;2.8417;4.4386;1.2356;4.1145;4.8588;3.5605;0.1638
20201009;3.7814;2.7073;2.8544;4.4410;1.2419;4.1153;4.8905;3.5687;0.1634
20201012;3.7447;2.7023;2.8478;4.4213;1.2407;4.1032;4.8564;3.5410;0.1633
20201013;3.7588;2.7111;2.8661;4.4412;1.2432;4.1350;4.9023;3.5687;0.1633
20201014;3.7815;2.7099;2.8800;4.4452;1.2324;4.1430;4.9080;3.5816;0.1624
20201015;3.7934;2.7256;2.8887;4.4618;1.2289;4.1530;4.9460;3.6061;0.1634
20201016;3.8470;2.7219;2.9074;4.5002;1.2358;4.2072;4.9792;3.6540;0.1646
20201019;3.8542;2.7293;2.9189;4.5209;1.2387;4.2209;4.9747;3.6590;0.1654
20201020;3.8425;2.7286;2.9200;4.5276;1.2374;4.2240;4.9965;3.6464;0.1657
20201021;3.8391;2.7009;2.9160;4.5379;1.2412;4.2309;4.9787;3.6344;0.1666
20201022;3.8156;2.7134;2.9101;4.5257;1.2448;4.2196;5.0041;3.6500;0.1667
20201023;3.8376;2.7269;2.9172;4.5371;1.2445;4.2298;5.0269;3.6641;0.1665
20201026;3.8362;2.7286;2.9185;4.5414;1.2435;4.2394;5.0121;3.6612;0.1666
20201027;3.8362;2.7285;2.9062;4.5318;1.2423;4.2280;4.9868;3.6541;0.1660
20201028;3.8336;2.7354;2.9111;4.5328;1.2400;4.2262;5.0004;3.6675;0.1660
20201029;3.8978;2.7464;2.9258;4.5733;1.2429;4.2812;5.0595;3.7375;0.1669
20201030;3.9055;2.7507;2.9290;4.5633;1.2440;4.2694;5.0485;3.7390;0.1670
20201102;3.9225;2.7577;2.9408;4.5804;1.2464;4.2838;5.0736;3.7483;0.1676
20201103;3.9124;2.7564;2.9471;4.5505;1.2424;4.2546;5.0506;3.7336;0.1678
20201104;3.8549;2.7480;2.9368;4.5146;1.2415;4.2155;5.0201;3.6828;0.1680
20201105;3.8528;2.7570;2.9225;4.5116;1.2404;4.2233;5.0062;3.6908;0.1677
20201106;3.7853;2.7444;2.9018;4.4774;1.2468;4.1776;4.9540;3.6516;0.1681
20201109;3.7796;2.7408;2.8929;4.4830;1.2482;4.1926;4.9555;3.6491;0.1680
20201110;3.7438;2.7326;2.8891;4.4412;1.2377;4.1209;4.9270;3.5541;0.1674
20201112;3.7716;2.7381;2.8958;4.4554;1.2489;4.1210;4.9993;3.5781;0.1684
20201113;3.7638;2.7315;2.8655;4.4401;1.2533;4.1148;4.9511;3.5750;0.1676
20201116;3.7592;2.7251;2.8615;4.4423;1.2489;4.1138;4.9474;3.5882;0.1680
20201117;3.7494;2.7354;2.8651;4.4344;1.2345;4.1053;4.9431;3.5847;0.1680
20201118;3.7525;2.7365;2.8657;4.4548;1.2311;4.1224;4.9744;3.6051;0.1679
20201119;3.7311;2.7260;2.8514;4.4272;1.2278;4.0945;4.9599;3.5922;0.1679
20201120;3.7429;2.7214;2.8582;4.4282;1.2286;4.1007;4.9482;3.5992;0.1680
20201123;3.7251;2.7234;2.8540;4.4212;1.2301;4.0921;4.9471;3.5891;0.1678
20201124;3.7346;2.7274;2.8558;4.4322;1.2271;4.1007;4.9862;3.5891;0.1682
20201125;3.7253;2.7318;2.8550;4.4199;1.2240;4.0850;4.9648;3.5584;0.1685
20201126;3.7174;2.7278;2.8559;4.4267;1.2257;4.0853;4.9676;3.5636;0.1692
20201127;3.7236;2.7387;2.8609;4.4314;1.2280;4.0996;4.9644;3.5702;0.1693
20201130;3.7193;2.7487;2.8645;4.4420;1.2278;4.1059;4.9635;3.5735;0.1696
20201201;3.6925;2.7241;2.8547;4.4292;1.2331;4.0842;4.9377;3.5419;0.1689
20201202;3.6809;2.7070;2.8394;4.4151;1.2409;4.0724;4.9144;3.5226;0.1680
20201203;3.6745;2.7064;2.8410;4.4399;1.2376;4.1025;4.8897;3.5162;0.1683
20201204;3.6421;2.7098;2.8238;4.4287;1.2385;4.0879;4.9011;3.5082;0.1676
20201207;3.6408;2.7081;2.8419;4.4264;1.2349;4.0937;4.9226;3.5006;0.1670
20201208;3.6428;2.7100;2.8460;4.4262;1.2311;4.1016;4.8501;3.5010;0.1670
20201209;3.6428;2.6999;2.8473;4.4166;1.2277;4.0987;4.8521;3.4987;0.1672
20201210;3.6251;2.7079;2.8349;4.3860;1.2286;4.0779;4.8660;3.4778;0.1669
20201211;3.6079;2.7113;2.8369;4.3841;1.2327;4.0738;4.8019;3.4602;0.1666
20201214;3.6252;2.7306;2.8376;4.3928;1.2395;4.0755;4.7873;3.4864;0.1667
20201215;3.6092;2.7307;2.8334;4.3905;1.2423;4.0744;4.8297;3.4803;0.1669
20201216;3.6233;2.7290;2.8434;4.4000;1.2378;4.0830;4.8434;3.4907;0.1668
20201217;3.6055;2.7267;2.8264;4.3971;1.2376;4.0757;4.8716;3.4828;0.1677
20201218;3.5864;2.7362;2.8248;4.3935;1.2368;4.0574;4.8784;3.4851;0.1679
20201221;3.6322;2.7614;2.8446;4.4451;1.2431;4.0993;4.9003;3.5145;0.1699
20201222;3.6477;2.7484;2.8353;4.4534;1.2346;4.1077;4.8512;3.5212;0.1700
20201223;3.6542;2.7520;2.8301;4.4605;1.2318;4.1170;4.8789;3.5268;0.1695
20201224;3.6558;2.7705;2.8433;4.4626;1.2305;4.1162;4.9461;3.5335;0.1692
20201228;3.6611;2.7803;2.8515;4.4633;1.2319;4.1188;4.9783;3.5318;0.1694
20201229;3.6303;2.7566;2.8296;4.4406;1.2205;4.0884;4.9078;3.5019;0.1691
20201230;3.6833;2.8020;2.8776;4.5187;1.2382;4.1675;4.9732;3.5549;0.1719
20201231;3.6714;2.8171;2.8741;4.5148;1.2371;4.1586;4.9935;3.5629;0.1722
20210104;3.7208;2.8660;2.9182;4.5687;1.2512;4.2215;5.0814;3.6119;0.1735
20210105;3.6687;2.8269;2.8870;4.5087;1.2473;4.1652;4.9925;3.5600;0.1727
20210107;3.6671;2.8275;2.8778;4.4975;1.2492;4.1664;4.9869;3.5665;0.1716
20210108;3.6382;2.8140;2.8611;4.4601;1.2459;4.1106;4.9354;3.5043;0.1702
20210111;3.6492;2.8343;2.8724;4.4696;1.2433;4.1241;4.9568;3.5118;0.1709
20210112;3.6945;2.8334;2.8818;4.4842;1.2413;4.1437;4.9711;3.5399;0.1707
20210113;3.6861;2.8423;2.8851;4.4790;1.2457;4.1420;5.0123;3.5345;0.1710
20210114;3.6821;2.8478;2.8896;4.4788;1.2432;4.1491;5.0249;3.5447;0.1712
20210115;3.7115;2.8740;2.9270;4.4973;1.2512;4.1713;5.0668;3.5656;0.1717
20210118;3.7158;2.8645;2.9190;4.4954;1.2476;4.1781;5.0539;3.5772;0.1717
20210119;3.7161;2.8565;2.9111;4.4861;1.2464;4.1714;5.0411;3.5826;0.1715
20210120;3.7000;2.8501;2.9006;4.4865;1.2526;4.1659;5.0370;3.5572;0.1714
20210121;3.7135;2.8702;2.9248;4.4863;1.2554;4.1638;5.0643;3.5785;0.1718
20210122;3.6932;2.8661;2.9275;4.4872;1.2556;4.1691;5.0691;3.5658;0.1719
20210125;3.6903;2.8503;2.9073;4.4928;1.2566;4.1703;5.0422;3.5560;0.1720
20210126;3.7077;2.8589;2.9108;4.4941;1.2578;4.1715;5.0643;3.5685;0.1720
20210127;3.7010;2.8653;2.9120;4.5000;1.2541;4.1704;5.0794;3.5726;0.1724
20210128;3.7326;2.8604;2.9176;4.5047;1.2486;4.1899;5.1056;3.5860;0.1728
20210129;3.7118;2.8380;2.8961;4.5022;1.2515;4.1790;5.0881;3.5570;0.1727
20210201;3.6900;2.8368;2.8929;4.4821;1.2531;4.1527;5.0642;3.5220;0.1724
20210202;3.6951;2.8162;2.8835;4.4664;1.2526;4.1273;5.0534;3.5196;0.1720
20210203;3.6860;2.7893;2.8655;4.4307;1.2446;4.0974;5.0178;3.5042;0.1708
20210204;3.6992;2.8203;2.8944;4.4487;1.2518;4.1129;5.0550;3.5228;0.1716
20210205;3.7159;2.8265;2.8983;4.4520;1.2514;4.1152;5.0811;3.5254;0.1717
20210208;3.6964;2.8268;2.8899;4.4434;1.2475;4.1042;5.0713;3.5034;0.1723
20210209;3.6767;2.8296;2.8842;4.4328;1.2354;4.0907;5.0467;3.4894;0.1725
20210210;3.6662;2.8302;2.8758;4.4325;1.2348;4.0995;5.0550;3.5045;0.1722
20210211;3.6583;2.8328;2.8832;4.4354;1.2444;4.1074;5.0644;3.4948;0.1719
20210212;3.6733;2.8499;2.8961;4.4574;1.2456;4.1255;5.0738;3.5085;0.1730
20210215;3.6831;2.8465;2.8922;4.4538;1.2403;4.1226;5.0904;3.5043;0.1731
20210216;3.6590;2.8437;2.8934;4.4364;1.2415;4.1087;5.0864;3.4723;0.1729
20210217;3.6785;2.8505;2.8974;4.4500;1.2391;4.1202;5.1023;3.4764;0.1725
20210218;3.7015;2.8646;2.9077;4.4565;1.2408;4.1238;5.1283;3.4947;0.1724
20210219;3.6831;2.8584;2.8998;4.4459;1.2374;4.1053;5.1410;3.4801;0.1715
20210222;3.6589;2.8754;2.9011;4.4368;1.2367;4.0883;5.1298;3.4682;0.1715
20210223;3.6627;2.8944;2.9005;4.4488;1.2388;4.0891;5.1445;3.4840;0.1719
20210224;3.6735;2.8983;2.9082;4.4607;1.2439;4.0776;5.1689;3.4895;0.1721
20210225;3.6878;2.9166;2.9321;4.4739;1.2431;4.0589;5.2058;3.4780;0.1720
20210226;3.6465;2.9103;2.9210;4.4636;1.2387;4.0335;5.1653;3.4366;0.1708
20210301;3.6918;2.8674;2.9174;4.4763;1.2370;4.0758;5.1454;3.4681;0.1710
20210302;3.7236;2.8869;2.9393;4.4836;1.2331;4.0705;5.1804;3.4919;0.1718
20210303;3.7272;2.9112;2.9488;4.4886;1.2345;4.0689;5.1926;3.4919;0.1716
20210304;3.7327;2.9029;2.9513;4.4994;1.2360;4.0646;5.2067;3.4863;0.1720
20210305;3.7492;2.9200;2.9666;4.5133;1.2368;4.0567;5.2405;3.4886;0.1720
20210308;3.8198;2.9345;3.0144;4.5517;1.2386;4.1109;5.2780;3.5266;0.1727
20210309;3.8340;2.9422;3.0272;4.5540;1.2387;4.1058;5.3009;3.5230;0.1725
20210310;3.8113;2.9361;3.0192;4.5356;1.2369;4.0981;5.3026;3.5073;0.1728
20210311;3.7978;2.9351;3.0077;4.5245;1.2335;4.0877;5.2837;3.4994;0.1725
20210312;3.7963;2.9432;3.0142;4.5314;1.2425;4.0969;5.2962;3.4947;0.1732
20210315;3.8007;2.9462;3.0355;4.5350;1.2371;4.0850;5.2794;3.4869;0.1733
20210316;3.8080;2.9449;3.0488;4.5422;1.2355;4.1004;5.2897;3.4879;0.1733
20210317;3.8177;2.9580;3.0626;4.5466;1.2378;4.1236;5.3027;3.5056;0.1739
20210318;3.8329;2.9566;3.0697;4.5642;1.2419;4.1273;5.3209;3.5093;0.1745
20210319;3.8401;2.9879;3.0852;4.5774;1.2413;4.1322;5.3499;3.5214;0.1748
20210322;3.8458;2.9762;3.0721;4.5708;1.2426;4.1311;5.3261;3.5308;0.1750
20210323;3.8183;2.9575;3.0482;4.5522;1.2429;4.1288;5.2837;3.5109;0.1744
20210324;3.8507;2.9574;3.0657;4.5723;1.2492;4.1294;5.3123;3.5444;0.1744
20210325;3.8778;2.9551;3.0893;4.5869;1.2568;4.1426;5.3197;3.5599;0.1746
20210326;3.8954;2.9541;3.0872;4.5964;1.2615;4.1560;5.3440;3.5705;0.1752
20210329;3.8956;2.9702;3.0963;4.5929;1.2646;4.1417;5.3703;3.5513;0.1760
20210330;3.9214;2.9938;3.1127;4.6186;1.2728;4.1765;5.4139;3.5737;0.1769
20210331;3.9345;2.9940;3.1136;4.6108;1.2688;4.1730;5.3979;3.5646;0.1764
20210401;3.9198;2.9866;3.1180;4.5998;1.2661;4.1633;5.4023;3.5401;0.1759
20210402;3.8768;2.9449;3.0836;4.5561;1.2601;4.1043;5.3550;3.5011;0.1746
20210406;3.8596;2.9381;3.0721;4.5474;1.2602;4.1014;5.3398;3.4964;0.1742
20210407;3.8421;2.9369;3.0617;4.5489;1.2614;4.1124;5.3191;3.4978;0.1746
20210408;3.8079;2.9028;3.0173;4.5283;1.2622;4.1012;5.2317;3.4669;0.1751
20210409;3.7796;2.8892;3.0010;4.4966;1.2549;4.0850;5.1996;3.4642;0.1739
20210412;3.7830;2.8840;3.0143;4.4957;1.2570;4.0835;5.1943;3.4466;0.1731
20210413;3.7676;2.8711;3.0012;4.4854;1.2576;4.0774;5.1798;3.4426;0.1724
20210414;3.7838;2.8860;3.0112;4.5163;1.2583;4.1036;5.2037;3.4646;0.1738
20210415;3.7784;2.9069;3.0088;4.5179;1.2590;4.0943;5.2064;3.4643;0.1741
20210416;3.7635;2.9162;3.0068;4.5068;1.2552;4.0817;5.1877;3.4613;0.1740
20210419;3.7571;2.9056;3.0017;4.5003;1.2458;4.0847;5.1824;3.4510;0.1735
20210420;3.7471;2.9122;2.9994;4.5056;1.2491;4.0946;5.2318;3.4613;0.1739
20210421;3.7406;2.9105;2.9877;4.5048;1.2467;4.0876;5.2209;3.4542;0.1737
20210422;3.7571;2.9004;2.9733;4.5129;1.2439;4.0895;5.2245;3.4768;0.1745
20210423;3.7535;2.8976;2.9996;4.5149;1.2406;4.0913;5.1970;3.4734;0.1744
20210426;3.7490;2.8997;3.0000;4.5220;1.2426;4.0936;5.1965;3.4781;0.1749
20210427;3.7402;2.9142;3.0084;4.5133;1.2415;4.0846;5.1942;3.4628;0.1747
20210428;3.7408;2.9069;3.0161;4.5204;1.2455;4.0919;5.2001;3.4501;0.1742
20210429;3.7620;2.9169;3.0367;4.5415;1.2542;4.1132;5.2274;3.4544;0.1750
20210430;3.7366;2.9037;3.0352;4.5238;1.2542;4.1008;5.2100;3.4219;0.1747
20210504;3.7364;2.8978;3.0433;4.5114;1.2540;4.1037;5.1840;3.4272;0.1744
20210505;3.7548;2.8946;3.0471;4.5147;1.2539;4.1145;5.2013;3.4404;0.1746
20210506;3.7728;2.9198;3.0729;4.5270;1.2604;4.1303;5.2447;3.4533;0.1753
20210507;3.7572;2.9143;3.0776;4.5324;1.2653;4.1362;5.2211;3.4409;0.1756
20210510;3.7255;2.9129;3.0644;4.5160;1.2627;4.1187;5.1946;3.4275;0.1759
20210511;3.7143;2.9217;3.0648;4.5162;1.2619;4.1249;5.2411;3.4142;0.1764
20210512;3.6996;2.9063;3.0619;4.5032;1.2558;4.1023;5.2363;3.4082;0.1762
20210513;3.7171;2.8918;3.0801;4.4981;1.2593;4.1002;5.2493;3.4027;0.1761
20210514;3.7055;2.8672;3.0569;4.4828;1.2571;4.0919;5.2084;3.3832;0.1757
20210517;3.6913;2.8687;3.0529;4.4814;1.2607;4.0939;5.2067;3.3776;0.1756
20210518;3.6964;2.8666;3.0568;4.4899;1.2741;4.1006;5.2118;3.3857;0.1765
20210519;3.6646;2.8553;3.0407;4.4752;1.2783;4.0854;5.2023;3.3634;0.1760
20210520;3.6607;2.8397;3.0315;4.4767;1.2781;4.0662;5.1892;3.3654;0.1758
20210521;3.6496;2.8364;3.0221;4.4562;1.2739;4.0564;5.1625;3.3533;0.1745
20210524;3.6471;2.8293;3.0246;4.4439;1.2721;4.0563;5.1682;3.3494;0.1746
20210525;3.6318;2.8149;3.0130;4.4389;1.2763;4.0536;5.1435;3.3385;0.1745
20210526;3.6231;2.8103;3.0044;4.4376;1.2737;4.0442;5.1189;3.3260;0.1743
20210527;3.6378;2.8190;3.0043;4.4486;1.2709;4.0587;5.1396;3.3390;0.1749
20210528;3.6406;2.8182;3.0129;4.4402;1.2756;4.0452;5.1592;3.3251;0.1745
20210531;3.6496;2.8126;3.0204;4.4395;1.2751;4.0508;5.1651;3.3172;0.1745
20210601;3.6372;2.8152;3.0107;4.4392;1.2771;4.0402;5.1552;3.3175;0.1744
20210602;3.6115;2.7966;3.0046;4.4202;1.2753;4.0233;5.1201;3.2964;0.1735
20210604;3.6208;2.8033;3.0019;4.4192;1.2776;4.0282;5.1308;3.3018;0.1735
20210607;3.6302;2.8087;3.0066;4.4216;1.2777;4.0408;5.1504;3.3149;0.1738
20210608;3.6320;2.8183;3.0079;4.4241;1.2770;4.0449;5.1464;3.3258;0.1740
20210609;3.6296;2.8082;3.0016;4.4220;1.2690;4.0497;5.1267;3.3164;0.1738
20210610;3.6162;2.8036;2.9970;4.4172;1.2731;4.0493;5.1131;3.3086;0.1737
20210611;3.6351;2.8168;3.0059;4.4285;1.2823;4.0623;5.1449;3.3153;0.1746
20210614;3.6597;2.8236;3.0185;4.4362;1.2779;4.0760;5.1689;3.3357;0.1751
20210615;3.6872;2.8465;3.0381;4.4696;1.2737;4.1001;5.2044;3.3544;0.1756
20210616;3.6955;2.8435;3.0353;4.4815;1.2741;4.1106;5.2026;3.3565;0.1760
20210617;3.6850;2.8390;3.0249;4.4662;1.2689;4.0961;5.2026;3.3532;0.1753
20210618;3.7734;2.8539;3.0608;4.5016;1.2655;4.1203;5.2608;3.4165;0.1764
20210621;3.7961;2.8458;3.0621;4.5044;1.2656;4.1162;5.2532;3.4372;0.1763
20210622;3.7696;2.8357;3.0428;4.4900;1.2691;4.0982;5.2393;3.4203;0.1757
20210623;3.7592;2.8222;3.0364;4.4750;1.2731;4.0865;5.2235;3.3959;0.1752
20210624;3.7441;2.8448;3.0538;4.4812;1.2788;4.0893;5.2413;3.3818;0.1761
20210625;3.7471;2.8444;3.0461;4.4780;1.2766;4.0830;5.2188;3.3843;0.1760
20210628;3.7312;2.8395;3.0393;4.4676;1.2735;4.0802;5.1964;3.3751;0.1753
20210629;3.7366;2.8273;3.0314;4.4560;1.2681;4.0647;5.1989;3.3733;0.1750
20210630;3.7599;2.8264;3.0382;4.4709;1.2733;4.0795;5.2015;3.3996;0.1754
20210701;3.7699;2.8284;3.0473;4.4764;1.2728;4.0804;5.2178;3.4058;0.1754
20210702;3.7571;2.8179;3.0372;4.4627;1.2695;4.0660;5.1895;3.3725;0.1748
20210705;3.7774;2.8298;3.0549;4.4744;1.2716;4.0881;5.2049;3.3955;0.1749
20210706;3.7609;2.8307;3.0433;4.4627;1.2684;4.0791;5.2074;3.3896;0.1745
20210707;3.7617;2.8384;3.0316;4.4514;1.2597;4.0739;5.2051;3.3970;0.1738
20210708;3.7961;2.8498;3.0500;4.4812;1.2562;4.1050;5.2416;3.4288;0.1739
20210709;3.7975;2.8256;3.0288;4.5033;1.2575;4.1492;5.2358;3.4627;0.1739
20210712;3.7943;2.8352;3.0371;4.5023;1.2666;4.1448;5.2563;3.4449;0.1746
20210713;3.8013;2.8423;3.0439;4.5102;1.2681;4.1540;5.2757;3.4452;0.1753
20210714;3.8260;2.8546;3.0541;4.5226;1.2680;4.1731;5.2933;3.4648;0.1765
20210715;3.8314;2.8653;3.0745;4.5298;1.2623;4.1806;5.3183;3.4807;0.1765
20210716;3.8361;2.8551;3.0570;4.5331;1.2622;4.1825;5.3137;3.4906;0.1772
20210719;3.8444;2.8499;3.0532;4.5372;1.2631;4.1820;5.3066;3.4877;0.1778
20210720;3.8459;2.8258;3.0164;4.5462;1.2640;4.1948;5.2746;3.5217;0.1771
20210721;3.8669;2.8330;3.0312;4.5502;1.2662;4.1943;5.2646;3.5283;0.1773
20210722;3.8557;2.8290;3.0523;4.5453;1.2638;4.1928;5.2742;3.4980;0.1770
20210723;3.8230;2.8193;3.0390;4.5173;1.2628;4.1711;5.2627;3.4698;0.1763
20210726;3.8431;2.8334;3.0527;4.5217;1.2578;4.1750;5.2852;3.4805;0.1764
20210727;3.8519;2.8421;3.0691;4.5476;1.2584;4.2008;5.3212;3.4918;0.1774
20210728;3.8472;2.8301;3.0578;4.5447;1.2649;4.2055;5.3161;3.5005;0.1768
20210729;3.8610;2.8296;3.0656;4.5507;1.2605;4.2130;5.3472;3.5035;0.1775
20210730;3.8142;2.8181;3.0580;4.5331;1.2657;4.2053;5.3318;3.4752;0.1776
20210802;3.8007;2.8015;3.0574;4.5147;1.2647;4.1948;5.3026;3.4648;0.1771
20210803;3.7941;2.7989;3.0438;4.5078;1.2645;4.1930;5.2766;3.4654;0.1770
20210804;3.7995;2.7974;3.0218;4.5098;1.2672;4.2036;5.2762;3.4890;0.1770
20210805;3.7773;2.8027;3.0137;4.4908;1.2690;4.1839;5.2679;3.4698;0.1766
20210806;3.8010;2.8129;3.0412;4.4998;1.2708;4.1916;5.2877;3.4649;0.1768
20210809;3.8353;2.8256;3.0573;4.5160;1.2802;4.2034;5.3267;3.4779;0.1777
20210810;3.8430;2.8283;3.0631;4.5197;1.2803;4.1879;5.3296;3.4897;0.1780
20210811;3.8678;2.8384;3.0794;4.5317;1.2841;4.1916;5.3544;3.4981;0.1784
20210812;3.8660;2.8508;3.0894;4.5366;1.2811;4.1941;5.3567;3.4983;0.1787
20210813;3.8660;2.8383;3.0921;4.5347;1.2842;4.1885;5.3504;3.4994;0.1785
20210816;3.8497;2.8293;3.0734;4.5293;1.2839;4.1882;5.3271;3.4961;0.1783
20210817;3.8407;2.8126;3.0550;4.5222;1.2853;4.2101;5.3121;3.5179;0.1777
20210818;3.8480;2.7967;3.0507;4.5167;1.2853;4.2194;5.2932;3.5159;0.1773
20210819;3.8522;2.7937;3.0545;4.5144;1.2877;4.2057;5.3051;3.5085;0.1774
20210820;3.8799;2.7852;3.0414;4.5397;1.2948;4.2311;5.3121;3.5359;0.1781
20210823;3.8869;2.7775;3.0232;4.5395;1.2969;4.2372;5.2973;3.5387;0.1779
20210824;3.8699;2.7815;3.0403;4.5393;1.2967;4.2304;5.3012;3.5224;0.1778
20210825;3.8566;2.7962;3.0528;4.5307;1.3005;4.2258;5.2905;3.5178;0.1774
20210826;3.8536;2.7955;3.0520;4.5268;1.3001;4.2166;5.2839;3.5037;0.1774
20210827;3.8551;2.7965;3.0541;4.5314;1.3000;4.1967;5.2879;3.4994;0.1775
20210830;3.8497;2.7942;3.0378;4.5295;1.2929;4.2009;5.2897;3.4941;0.1773
20210831;3.8356;2.7970;3.0429;4.5215;1.2996;4.1835;5.2719;3.4886;0.1768
20210901;3.7922;2.7723;3.0038;4.4827;1.2830;4.1555;5.2258;3.4568;0.1758
20210902;3.7674;2.7745;2.9897;4.4621;1.2818;4.1181;5.1951;3.4270;0.1758
20210903;3.7637;2.7868;2.9864;4.4633;1.2834;4.1105;5.2002;3.4214;0.1758
20210906;3.7572;2.7978;2.9994;4.4672;1.2842;4.1139;5.2047;3.4260;0.1759
20210907;3.7749;2.8083;3.0142;4.4800;1.2885;4.1206;5.2222;3.4363;0.1764
20210908;3.7702;2.7876;2.9939;4.4699;1.2824;4.1154;5.2022;3.4234;0.1760
20210909;3.7847;2.7895;2.9876;4.4723;1.2802;4.1070;5.2086;3.4307;0.1761
20210910;3.8027;2.8087;3.0029;4.4932;1.2795;4.1387;5.2632;3.4613;0.1767
20210913;3.8044;2.8148;3.0201;4.5025;1.2866;4.1465;5.2766;3.4624;0.1778
20210914;3.8146;2.8105;3.0156;4.5012;1.2879;4.1410;5.2798;3.4692;0.1775
20210915;3.8073;2.7965;3.0098;4.5031;1.2873;4.1379;5.2844;3.4670;0.1776
20210916;3.8168;2.7998;3.0194;4.5111;1.2919;4.1579;5.2867;3.4918;0.1782
20210917;3.8567;2.8122;3.0455;4.5346;1.2924;4.1630;5.3139;3.5168;0.1790
20210920;3.8622;2.8164;3.0441;4.5403;1.2872;4.1570;5.3206;3.5112;0.1792
20210921;3.8875;2.8197;3.0330;4.5554;1.2869;4.1829;5.3193;3.5462;0.1792
20210922;3.9036;2.8276;3.0495;4.5792;1.2960;4.2254;5.3343;3.5709;0.1801
20210923;3.9054;2.8302;3.0522;4.5814;1.2909;4.2317;5.3241;3.5646;0.1806
20210924;3.8897;2.8390;3.0729;4.5664;1.2827;4.2170;5.3426;3.5343;0.1800
20210927;3.8960;2.8269;3.0707;4.5629;1.2795;4.2126;5.3330;3.5198;0.1796
20210928;3.8859;2.8292;3.0729;4.5476;1.2690;4.1950;5.3310;3.5061;0.1788
20210929;3.9277;2.8454;3.0995;4.5880;1.2756;4.2280;5.3215;3.5206;0.1798
20210930;3.9429;2.8386;3.0992;4.5880;1.2744;4.2367;5.3024;3.5329;0.1799
20211001;3.9313;2.8401;3.0883;4.5548;1.2672;4.2039;5.3000;3.5170;0.1802
20211004;3.9138;2.8423;3.0892;4.5415;1.2684;4.2131;5.3086;3.5272;0.1793
20211005;3.8935;2.8417;3.0980;4.5282;1.2708;4.2111;5.3035;3.5031;0.1786
20211006;3.9334;2.8634;3.1280;4.5595;1.2755;4.2397;5.3573;3.5307;0.1802
20211007;3.9136;2.8373;3.0981;4.5175;1.2581;4.2158;5.3091;3.5158;0.1777
20211008;3.9114;2.8539;3.1115;4.5202;1.2615;4.2208;5.3229;3.5099;0.1780
20211011;3.9523;2.8885;3.1604;4.5704;1.2677;4.2585;5.3859;3.5331;0.1796
20211012;3.9292;2.8929;3.1537;4.5489;1.2677;4.2467;5.3610;3.4741;0.1790
20211013;3.9244;2.8906;3.1483;4.5302;1.2580;4.2215;5.3350;3.4577;0.1784
20211014;3.9158;2.8824;3.1441;4.5287;1.2575;4.2239;5.3408;3.4522;0.1786
20211015;3.9021;2.8968;3.1578;4.5253;1.2604;4.2315;5.3465;3.4359;0.1781
20211018;3.8976;2.8896;3.1503;4.5189;1.2565;4.2135;5.3614;3.4074;0.1779
20211019;3.9108;2.8956;3.1624;4.5370;1.2528;4.2313;5.3699;3.4241;0.1782
20211020;3.8892;2.9055;3.1486;4.5333;1.2525;4.2306;5.3728;3.4066;0.1777
20211021;3.9068;2.9292;3.1643;4.5506;1.2560;4.2436;5.3860;3.4194;0.1781
20211022;3.9129;2.9310;3.1766;4.5564;1.2540;4.2644;5.4056;3.4393;0.1778
20211025;3.9124;2.9336;3.1732;4.5560;1.2524;4.2737;5.3942;3.4396;0.1776
20211026;3.9339;2.9455;3.1806;4.5681;1.2476;4.2830;5.4130;3.4603;0.1776
20211027;3.9270;2.9516;3.1787;4.5600;1.2478;4.2695;5.4190;3.4399;0.1775
20211028;3.9388;2.9604;3.1742;4.5761;1.2583;4.2945;5.4129;3.4704;0.1779
20211029;3.9256;2.9551;3.1796;4.5762;1.2660;4.2911;5.4099;3.4595;0.1779
20211102;3.9328;2.9579;3.1793;4.5702;1.2683;4.3108;5.4104;3.4521;0.1778
20211103;3.9355;2.9316;3.1739;4.5617;1.2699;4.3057;5.3620;3.4581;0.1784
20211104;3.9221;2.9144;3.1565;4.5410;1.2644;4.2988;5.3579;3.4377;0.1778
20211105;3.9437;2.9158;3.1679;4.5530;1.2646;4.3179;5.3264;3.4717;0.1796
20211108;3.9476;2.9191;3.1679;4.5508;1.2685;4.3150;5.3155;3.4766;0.1806
20211109;3.9295;2.9155;3.1534;4.5487;1.2635;4.2958;5.3257;3.4740;0.1800
20211110;3.9195;2.8974;3.1456;4.5466;1.2632;4.2943;5.3120;3.4746;0.1802
20211112;3.9496;2.9172;3.1852;4.5662;1.2598;4.3250;5.3403;3.4752;0.1811
20211115;4.0153;2.9312;3.1890;4.5919;1.2541;4.3482;5.3738;3.5218;0.1820
20211116;4.0146;2.9544;3.2056;4.5919;1.2543;4.3610;5.3908;3.5223;0.1821
20211117;4.0617;2.9708;3.2368;4.6076;1.2663;4.3742;5.4524;3.5436;0.1828
20211118;4.0746;2.9643;3.2385;4.6117;1.2680;4.3818;5.4866;3.5572;0.1829
20211119;4.0683;2.9555;3.2213;4.6143;1.2671;4.3894;5.4808;3.5558;0.1829
20211122;4.1022;2.9774;3.2494;4.6383;1.2639;4.4283;5.5179;3.6020;0.1825
20211123;4.1212;2.9890;3.2546;4.6396;1.2565;4.4311;5.5309;3.5955;0.1825
20211124;4.1393;2.9917;3.2587;4.6565;1.2571;4.4375;5.5365;3.5977;0.1829
20211125;4.1346;2.9756;3.2577;4.6327;1.2539;4.4144;5.5155;3.5854;0.1817
20211126;4.1213;2.9627;3.2572;4.6228;1.2634;4.4071;5.4864;3.5737;0.1813
20211129;4.1324;2.9538;3.2353;4.6671;1.2648;4.4663;5.5117;3.6388;0.1816
20211130;4.1214;2.9402;3.2287;4.6411;1.2608;4.4521;5.4814;3.6176;0.1813
20211201;4.0656;2.9110;3.1829;4.6259;1.2646;4.4371;5.4307;3.6096;0.1811
20211202;4.0270;2.8845;3.1604;4.5719;1.2590;4.3908;5.3730;3.5688;0.1792
20211203;4.0122;2.8500;3.1340;4.5487;1.2555;4.3655;5.3422;3.5512;0.1790
20211206;4.0269;2.8323;3.1501;4.5480;1.2483;4.3775;5.3355;3.5515;0.1788
20211207;4.0307;2.8404;3.1520;4.5510;1.2477;4.3649;5.3391;3.5595;0.1790
20211208;4.0398;2.8702;3.1907;4.5427;1.2418;4.3648;5.3463;3.5543;0.1784
20211209;4.0184;2.8724;3.1852;4.5424;1.2382;4.3500;5.3050;3.5291;0.1783
20211210;4.0324;2.8840;3.1772;4.5572;1.2463;4.3591;5.3219;3.5526;0.1792
20211213;4.0539;2.9028;3.1864;4.5752;1.2511;4.3935;5.3545;3.5748;0.1805
20211214;4.0606;2.8962;3.1782;4.5834;1.2481;4.4026;5.3853;3.5772;0.1806
20211215;4.0529;2.8879;3.1605;4.5799;1.2507;4.4002;5.3654;3.5660;0.1810
20211216;4.0698;2.8986;3.1546;4.5822;1.2398;4.3943;5.3792;3.5768;0.1814
20211217;4.0498;2.9139;3.1644;4.5874;1.2431;4.3959;5.3979;3.5626;0.1813
20211220;4.0596;2.9055;3.1619;4.5901;1.2489;4.4100;5.3919;3.5811;0.1820
20211221;4.0596;2.8901;3.1366;4.5870;1.2439;4.4070;5.3693;3.5763;0.1814
20211222;4.0626;2.8982;3.1429;4.5799;1.2425;4.3972;5.3808;3.5681;0.1814
20211223;4.0563;2.9161;3.1473;4.5873;1.2433;4.3992;5.4063;3.5513;0.1822
20211224;4.0527;2.9273;3.1577;4.5827;1.2398;4.4088;5.4333;3.5429;0.1827
20211227;4.0377;2.9244;3.1520;4.5789;1.2356;4.4013;5.4144;3.5293;0.1830
20211228;4.0212;2.9065;3.1374;4.5558;1.2313;4.3820;5.3982;3.5049;0.1816
20211229;4.0240;2.9155;3.1442;4.5498;1.2340;4.3847;5.4106;3.5047;0.1824
20211230;4.0133;2.9064;3.1309;4.5537;1.2286;4.3868;5.4089;3.4946;0.1826
20211231;4.0151;2.9183;3.1417;4.5507;1.2283;4.3945;5.4246;3.4888;0.1827
20220103;4.0194;2.9211;3.1601;4.5534;1.2339;4.4039;5.4298;3.4912;0.1831
20220104;4.0097;2.8865;3.1473;4.5338;1.2362;4.3664;5.3977;3.4774;0.1830
20220105;4.0045;2.8896;3.1501;4.5194;1.2415;4.3681;5.4122;3.4452;0.1830
20220107;3.9920;2.8997;3.1427;4.5249;1.2517;4.3615;5.4074;3.4490;0.1842
20220110;3.9733;2.8480;3.1319;4.5019;1.2548;4.3132;5.3893;3.4342;0.1841
20220111;3.9787;2.8477;3.1375;4.4947;1.2516;4.2956;5.3864;3.4487;0.1844
20220112;3.9729;2.8461;3.1417;4.4987;1.2576;4.2854;5.3928;3.4383;0.1838
20220113;3.9301;2.8546;3.1387;4.4866;1.2615;4.2785;5.3790;3.4146;0.1840
20220114;3.9128;2.8595;3.1401;4.4896;1.2660;4.3006;5.3787;3.4231;0.1836
20220117;3.9282;2.8488;3.1396;4.4939;1.2606;4.3110;5.3781;3.4542;0.1833
20220118;3.9249;2.8328;3.1340;4.4791;1.2581;4.2938;5.3622;3.4267;0.1831
20220119;3.9451;2.8345;3.1523;4.4841;1.2551;4.3077;5.3608;3.4441;0.1836
20220120;3.9488;2.8563;3.1607;4.4797;1.2614;4.3110;5.3876;3.4534;0.1844
20220121;3.9437;2.8655;3.1610;4.4741;1.2590;4.3110;5.3827;3.4563;0.1845
20220124;3.9592;2.8507;3.1589;4.4937;1.2523;4.3445;5.3723;3.4828;0.1841
20220125;4.0028;2.8437;3.1642;4.5227;1.2539;4.3763;5.3941;3.5161;0.1846
20220126;4.0317;2.8740;3.1846;4.5457;1.2648;4.3913;5.4302;3.5406;0.1852
20220127;4.0220;2.8829;3.1991;4.5384;1.2625;4.3704;5.4312;3.5172;0.1854
20220128;4.0396;2.8613;3.1871;4.5084;1.2645;4.3411;5.4135;3.5034;0.1847
20220131;4.0713;2.8472;3.1878;4.5425;1.2678;4.3786;5.4643;3.5332;0.1860
20220201;4.0587;2.8685;3.1809;4.5412;1.2736;4.3617;5.4491;3.5171;0.1865
20220202;4.0173;2.8491;3.1609;4.5249;1.2731;4.3572;5.4226;3.5000;0.1865
20220203;3.9807;2.8376;3.1351;4.4999;1.2697;4.3296;5.3959;3.4843;0.1857
20220204;3.9451;2.8159;3.1092;4.4942;1.2679;4.2918;5.3627;3.4349;0.1848
20220207;3.9525;2.7928;3.0961;4.5119;1.2766;4.2749;5.3465;3.4266;0.1854
20220208;3.9281;2.7975;3.0937;4.4930;1.2708;4.2541;5.3146;3.4140;0.1856
20220209;3.9412;2.8087;3.0995;4.4963;1.2703;4.2607;5.3368;3.4130;0.1852
20220210;3.8959;2.7989;3.0704;4.4538;1.2630;4.2211;5.2826;3.3742;0.1831
20220211;3.9017;2.8050;3.0750;4.4508;1.2559;4.2078;5.2911;3.3585;0.1830
20220214;3.9374;2.8225;3.1006;4.4839;1.2672;4.2492;5.3424;3.3967;0.1836
20220215;3.9675;2.8278;3.1164;4.4912;1.2578;4.2841;5.3698;3.4343;0.1832
20220216;3.9291;2.7957;3.0763;4.4486;1.2552;4.2373;5.3004;3.3925;0.1827
20220217;3.9188;2.8092;3.0880;4.4537;1.2518;4.2455;5.3192;3.3946;0.1827
20220218;3.9433;2.8377;3.1048;4.4792;1.2534;4.2848;5.3688;3.4304;0.1836
20220221;3.9497;2.8457;3.1108;4.4823;1.2536;4.2930;5.3751;3.4338;0.1841
20220222;3.9589;2.8531;3.1071;4.4866;1.2585;4.3188;5.3861;3.4462;0.1840
20220223;3.9685;2.8614;3.1167;4.5027;1.2668;4.3111;5.3748;3.4437;0.1838
20220224;3.9841;2.8944;3.1338;4.5153;1.2579;4.3414;5.4079;3.4599;0.1837
20220225;4.1695;2.9782;3.2470;4.6480;1.2561;4.5103;5.5597;3.6201;0.1865
20220228;4.0841;2.9470;3.1924;4.5882;1.2523;4.4043;5.4621;3.5322;0.1856
20220301;4.1372;2.9947;3.2556;4.6428;1.2508;4.5032;5.5483;3.5889;0.1861
20220302;4.1912;3.0475;3.3096;4.6740;1.2453;4.5606;5.6141;3.6482;0.1849
20220303;4.2583;3.0963;3.3579;4.7242;1.2353;4.6209;5.6801;3.6876;0.1834
20220304;4.2680;3.1333;3.3771;4.7289;1.2458;4.6470;5.7020;3.6917;0.1841
20220307;4.4116;3.2366;3.4543;4.8127;1.2483;4.8009;5.8332;3.8304;0.1869
20220308;4.5216;3.3232;3.5437;4.9246;1.2523;4.8869;5.9479;3.9205;0.1924
20220309;4.4350;3.2317;3.4544;4.8360;1.2447;4.7793;5.8215;3.8383;0.1890
20220310;4.2815;3.1381;3.3380;4.7229;1.2477;4.6101;5.6373;3.6985;0.1877
20220311;4.3209;3.1735;3.3800;4.7598;1.2466;4.6444;5.6753;3.7187;0.1880
20220314;4.3177;3.1617;3.3965;4.7417;1.2436;4.6331;5.6489;3.6934;0.1882
20220315;4.2585;3.0892;3.3416;4.6694;1.2489;4.5580;5.5642;3.6119;0.1879
20220316;4.2495;3.0665;3.3163;4.6672;1.2576;4.5200;5.5542;3.5976;0.1881
20220317;4.2109;3.0537;3.3085;4.6393;1.2507;4.4723;5.5161;3.5560;0.1883
20220318;4.1804;3.0736;3.3003;4.6329;1.2481;4.4600;5.4860;3.5215;0.1874
20220321;4.2239;3.1257;3.3473;4.6590;1.2423;4.5183;5.5544;3.5433;0.1878
20220322;4.2130;3.1234;3.3471;4.6520;1.2447;4.5294;5.5599;3.5361;0.1883
20220323;4.2010;3.1255;3.3359;4.6354;1.2484;4.5058;5.5657;3.4784;0.1876
20220324;4.2479;3.1778;3.3819;4.6636;1.2509;4.5491;5.6053;3.5114;0.1894
20220325;4.2664;3.2103;3.4100;4.6913;1.2560;4.5825;5.6287;3.4993;0.1901
20220328;4.2426;3.1892;3.3918;4.6746;1.2523;4.5666;5.6040;3.4770;0.1899
20220329;4.2538;3.1802;3.3860;4.6661;1.2454;4.5485;5.5648;3.4355;0.1896
20220330;4.1398;3.1001;3.3114;4.6076;1.2523;4.4486;5.4363;3.3854;0.1881
20220331;4.1356;3.1100;3.3230;4.6170;1.2557;4.4775;5.4484;3.3922;0.1889
20220401;4.1530;3.1143;3.3201;4.6066;1.2503;4.5010;5.4541;3.4179;0.1889
20220404;4.1675;3.1275;3.3323;4.6034;1.2502;4.4962;5.4595;3.3898;0.1887
20220405;4.1701;3.1360;3.3402;4.5842;1.2413;4.5065;5.4704;3.3970;0.1885
20220406;4.1826;3.2011;3.3704;4.5879;1.2238;4.5238;5.5043;3.4045;0.1884
20220407;4.2133;3.1847;3.3705;4.5983;1.2145;4.5154;5.5115;3.4019;0.1883
20220408;4.2113;3.1517;3.3474;4.5962;1.2116;4.5147;5.5037;3.3975;0.1872
20220411;4.2347;3.1453;3.3576;4.5904;1.2160;4.5206;5.4989;3.3991;0.1875
20220412;4.2295;3.1397;3.3515;4.6021;1.2152;4.5272;5.5093;3.3686;0.1884
20220413;4.2337;3.1625;3.3574;4.6025;1.2182;4.5499;5.5199;3.3798;0.1884
20220414;4.2474;3.1464;3.3559;4.5940;1.2189;4.5456;5.5256;3.3752;0.1881
20220415;4.2719;3.1681;3.3918;4.6013;1.2226;4.5331;5.5699;3.3918;0.1883
20220419;4.2436;3.1452;3.3689;4.5914;1.2214;4.5038;5.5459;3.3553;0.1878
20220420;4.2583;3.1431;3.3768;4.6015;1.2337;4.4965;5.5360;3.3093;0.1884
20220421;4.2341;3.1446;3.3828;4.5906;1.2372;4.4680;5.5269;3.3105;0.1879
20220422;4.2185;3.1297;3.3761;4.5864;1.2370;4.4409;5.5098;3.2846;0.1882
20220425;4.2484;3.0901;3.3479;4.5908;1.2391;4.4393;5.4686;3.3082;0.1885
20220426;4.2892;3.0643;3.3603;4.5997;1.2298;4.4878;5.4615;3.3602;0.1883
20220427;4.3176;3.0991;3.3700;4.6090;1.2279;4.5074;5.4772;3.3951;0.1884
20220428;4.4141;3.1503;3.4394;4.6560;1.2288;4.5555;5.5448;3.4445;0.1897
20220429;4.4194;3.1301;3.4372;4.6443;1.2319;4.5427;5.4969;3.3759;0.1893
20220502;4.3970;3.1478;3.4512;4.6316;1.2247;4.5303;5.5194;3.3799;0.1885
20220504;4.4143;3.1165;3.4221;4.6456;1.2223;4.5212;5.5344;3.3913;0.1883
20220505;4.4031;3.1398;3.4310;4.6376;1.2297;4.4822;5.4980;3.3848;0.1882
20220506;4.3636;3.1258;3.4145;4.6067;1.2133;4.4378;5.4047;3.3503;0.1880
20220509;4.4069;3.1154;3.4177;4.6589;1.2164;4.4586;5.4306;3.3811;0.1872
20220510;4.4044;3.0835;3.4042;4.6391;1.2141;4.4328;5.4227;3.3668;0.1860
20220511;4.3879;3.0582;3.3798;4.6262;1.2223;4.4208;5.4066;3.3728;0.1850
20220512;4.3708;3.0772;3.3796;4.6160;1.2166;4.4225;5.4127;3.3554;0.1826
20220513;4.4445;3.0478;3.4078;4.6221;1.2079;4.4450;5.4253;3.4736;0.1851
20220516;4.4762;3.0839;3.4492;4.6393;1.2062;4.4615;5.4494;3.4613;0.1873
20220517;4.4256;3.0662;3.4250;4.6044;1.1906;4.4008;5.4173;3.4282;0.1859
20220518;4.3691;3.0674;3.4063;4.6050;1.1924;4.3994;5.4509;3.3712;0.1864
20220519;4.3734;3.0608;3.4057;4.5999;1.2012;4.3907;5.4206;3.4014;0.1866
20220520;4.3589;3.0699;3.4044;4.6016;1.1977;4.4852;5.4425;3.4263;0.1863
20220523;4.3327;3.0603;3.3847;4.5767;1.1961;4.4466;5.4117;3.3816;0.1857
20220524;4.2782;3.0404;3.3454;4.5631;1.1923;4.4338;5.3842;3.3536;0.1854
20220525;4.2426;3.0059;3.3144;4.5545;1.1890;4.4182;5.3086;3.3488;0.1847
20220526;4.2737;3.0167;3.3273;4.5589;1.1742;4.4385;5.3531;3.3602;0.1847
20220527;4.2529;3.0148;3.3205;4.5575;1.1666;4.4327;5.3466;3.3463;0.1847
20220530;4.2188;3.0211;3.3112;4.5326;1.1525;4.4103;5.3353;3.3240;0.1834
20220531;4.2094;3.0231;3.3223;4.5341;1.1563;4.3895;5.3205;3.2956;0.1834
20220601;4.2241;3.0308;3.3404;4.5249;1.1446;4.4031;5.3181;3.2817;0.1831
20220602;4.2443;3.0624;3.3635;4.5453;1.1453;4.4189;5.3212;3.2815;0.1837
20220603;4.2345;3.0565;3.3524;4.5305;1.1492;4.4087;5.3051;3.2586;0.1833
20220606;4.2298;3.0621;3.3678;4.5447;1.1528;4.4040;5.3167;3.2408;0.1838
20220607;4.2340;3.0590;3.3746;4.5364;1.1702;4.3929;5.3147;3.2334;0.1835
20220608;4.2456;3.0536;3.3765;4.5377;1.1661;4.3616;5.3178;3.2028;0.1833
20220609;4.2177;3.0442;3.3679;4.5302;1.1548;4.3312;5.2945;3.1452;0.1838
20220610;4.2585;3.0435;3.3808;4.5510;1.1518;4.3771;5.3453;3.1848;0.1843
20220613;4.3380;3.0650;3.3934;4.5662;1.1489;4.3904;5.3657;3.2312;0.1848
20220614;4.4117;3.0722;3.4326;4.6050;1.1503;4.4392;5.3734;3.3011;0.1861
20220615;4.4170;3.0445;3.4200;4.6109;1.1586;4.4401;5.3234;3.2856;0.1863
20220617;4.4338;3.0803;3.4277;4.6227;1.1617;4.4340;5.3544;3.2947;0.1868
20220620;4.4333;3.0832;3.4007;4.6483;1.1595;4.5916;5.4208;3.2882;0.1880
20220621;4.3742;3.0469;3.3616;4.6012;1.1555;4.5200;5.3506;3.2381;0.1861
20220622;4.3526;3.0375;3.3675;4.5960;1.1619;4.5100;5.3479;3.1965;0.1861
20220623;4.4012;3.0503;3.3996;4.6478;1.1715;4.5775;5.4005;3.2399;0.1879
20220624;4.4211;3.0611;3.4142;4.6616;1.1655;4.6132;5.4337;3.2914;0.1883
20220627;4.4227;3.0517;3.4095;4.6593;1.1589;4.6272;5.4270;3.2738;0.1884
20220628;4.3937;3.0455;3.4035;4.6494;1.1519;4.5871;5.3969;3.2515;0.1880
20220629;4.3992;3.0534;3.4246;4.6350;1.1627;4.5948;5.3758;3.2301;0.1874
20220630;4.4177;3.0352;3.4278;4.6301;1.1714;4.6341;5.3484;3.2250;0.1871
20220701;4.4630;3.0804;3.4615;4.6486;1.1725;4.6703;5.4253;3.2837;0.1879
20220704;4.4812;3.0425;3.4630;4.6602;1.1632;4.6595;5.3807;3.3088;0.1883
20220705;4.4622;3.0611;3.4673;4.6610;1.1597;4.6427;5.4170;3.2922;0.1884
20220706;4.5908;3.1080;3.5261;4.7106;1.1526;4.7441;5.4880;3.3816;0.1903
20220707;4.6525;3.1636;3.5675;4.7349;1.1387;4.7870;5.5421;3.4381;0.1911
20220708;4.6579;3.1825;3.5877;4.7440;1.1682;4.7887;5.5923;3.4313;0.1915
20220711;4.6602;3.1840;3.5895;4.7269;1.1722;4.7619;5.5840;3.4200;0.1920
20220712;4.7167;3.1745;3.6222;4.7496;1.1561;4.8034;5.6129;3.4319;0.1930
20220713;4.7392;3.2005;3.6366;4.7615;1.1642;4.8225;5.6276;3.4694;0.1941
20220714;4.7685;3.2168;3.6604;4.7790;1.1667;4.8579;5.6603;3.4653;0.1963
20220715;4.7685;3.1952;3.6233;4.7594;1.1673;4.8400;5.6262;3.4273;0.1948
20220718;4.7103;3.1837;3.6057;4.7315;1.1747;4.7999;5.5717;3.3939;0.1931
20220719;4.6569;3.1842;3.5975;4.7290;1.1787;4.7742;5.5859;3.3685;0.1930
20220720;4.6070;3.1774;3.5635;4.7184;1.1853;4.7635;5.5361;3.3461;0.1923
20220721;4.6249;3.1880;3.5877;4.7248;1.1877;4.7684;5.5416;3.3493;0.1930
20220722;4.6062;3.1760;3.5680;4.7038;1.1779;4.7453;5.4964;3.3302;0.1919
20220725;4.5859;3.1931;3.5706;4.6932;1.1834;4.7722;5.5194;3.3714;0.1913
20220726;4.5389;3.1589;3.5330;4.6519;1.1694;4.7081;5.4780;3.3242;0.1893
20220727;4.6286;3.2134;3.5950;4.6953;1.1745;4.8036;5.5634;3.3932;0.1911
20220728;4.6916;3.2526;3.6458;4.7552;1.1700;4.8739;5.6522;3.4265;0.1934
20220729;4.6718;3.2560;3.6356;4.7363;1.1689;4.8755;5.6616;3.4678;0.1927
20220801;4.6180;3.1984;3.5944;4.6932;1.1572;4.8197;5.5791;3.4415;0.1907
20220802;4.5540;3.1976;3.5546;4.6703;1.1621;4.7945;5.5842;3.4512;0.1896
20220803;4.5655;3.1639;3.5480;4.6600;1.1773;4.7837;5.5749;3.4743;0.1891
20220804;4.5729;3.1723;3.5597;4.6506;1.1765;4.7584;5.5540;3.4236;0.1886
20220805;4.5870;3.1916;3.5668;4.6746;1.1825;4.7834;5.5524;3.4373;0.1905
20220808;4.5791;3.1575;3.5378;4.6597;1.1830;4.7609;5.5178;3.3953;0.1898
20220809;4.5664;3.1916;3.5541;4.6581;1.1839;4.7862;5.5355;3.3960;0.1900
20220810;4.5462;3.1705;3.5320;4.6551;1.1720;4.7767;5.5067;3.3668;0.1899
20220811;4.4915;3.1724;3.5033;4.6362;1.1711;4.7704;5.4911;3.3869;0.1902
20220812;4.4724;3.1888;3.5107;4.6330;1.1769;4.7706;5.4757;3.3855;0.1904
20220816;4.4956;3.1972;3.5183;4.6217;1.1768;4.7769;5.4572;3.3680;0.1896
20220817;4.5646;3.2053;3.5472;4.6449;1.1505;4.8086;5.5197;3.3934;0.1894
20220818;4.5747;3.1682;3.5400;4.6511;1.1523;4.7981;5.5199;3.3811;0.1894
20220819;4.6211;3.2085;3.5775;4.6784;1.1487;4.8463;5.5490;3.4229;0.1901
20220822;4.6767;3.2187;3.5987;4.7019;1.1609;4.8813;5.5310;3.4157;0.1908
20220823;4.7426;3.2644;3.6374;4.7283;1.1541;4.9379;5.5864;3.4528;0.1918
20220824;4.7331;3.2732;3.6466;4.7319;1.1470;4.9145;5.6052;3.4595;0.1920
20220825;4.7584;3.2776;3.6568;4.7199;1.1505;4.9158;5.5993;3.4711;0.1916
20220826;4.7190;3.2831;3.6477;4.7016;1.1460;4.8911;5.5713;3.4473;0.1908
20220829;4.6676;3.2621;3.6112;4.6970;1.1406;4.8646;5.5401;3.4142;0.1907
20220830;4.6795;3.2314;3.5946;4.6847;1.1449;4.8362;5.4843;3.3787;0.1905
20220831;4.6650;3.2174;3.5735;4.6780;1.1586;4.8022;5.4558;3.3715;0.1904
20220901;4.6768;3.2054;3.5621;4.6795;1.1603;4.7748;5.4300;3.3699;0.1909
20220902;4.6861;3.1929;3.5547;4.6751;1.1667;4.7827;5.4135;3.3576;0.1910
20220905;4.6510;3.1736;3.5458;4.6505;1.1669;4.7408;5.3627;3.3187;0.1897
20220906;4.7137;3.2021;3.5871;4.6788;1.1584;4.8060;5.4282;3.3524;0.1902
20220907;4.7269;3.1918;3.5973;4.6720;1.1589;4.8049;5.4446;3.3151;0.1902
20220908;4.7224;3.1692;3.5824;4.6762;1.1741;4.8017;5.3898;3.2600;0.1899
20220909;4.6790;3.1489;3.5605;4.6627;1.1764;4.8165;5.3767;3.2509;0.1899
20220912;4.6449;3.1768;3.5592;4.6681;1.1746;4.8317;5.3793;3.2584;0.1902
20220913;4.5998;3.1675;3.5468;4.6564;1.1744;4.8245;5.3763;3.2255;0.1899
20220914;4.6485;3.1626;3.5523;4.6637;1.1761;4.8437;5.3766;3.2253;0.1899
20220915;4.6738;3.1489;3.5488;4.6700;1.1528;4.8598;5.4070;3.2708;0.1905
20220916;4.6777;3.1555;3.5502;4.6773;1.1462;4.8861;5.3842;3.2649;0.1909
20220919;4.6814;3.1286;3.5195;4.6692;1.1522;4.8584;5.3317;3.2700;0.1905
20220920;4.6683;3.1190;3.5062;4.6623;1.1606;4.8276;5.3144;3.2528;0.1902
20220921;4.6874;3.1384;3.5147;4.6789;1.1733;4.8484;5.3418;3.2611;0.1901
20220922;4.7592;3.1697;3.5532;4.7131;1.1632;4.9339;5.3938;3.3035;0.1913
20220923;4.7908;3.1716;3.5486;4.7132;1.1620;4.8793;5.3890;3.3760;0.1911
20220926;4.8216;3.1660;3.5551;4.6938;1.1547;4.9385;5.3113;3.3696;0.1908
20220927;4.8623;3.1701;3.5662;4.7043;1.1531;4.9303;5.2839;3.3727;0.1910
20220928;4.8964;3.1677;3.5751;4.7118;1.1651;4.9544;5.2782;3.3847;0.1909
20220929;4.9649;3.2020;3.6253;4.7688;1.1544;5.0403;5.2999;3.4363;0.1933
20220930;4.9354;3.1959;3.5990;4.8081;1.1422;5.0276;5.4201;3.4135;0.1955
20221003;4.8972;3.1741;3.5768;4.7880;1.1392;5.0081;5.4546;3.3893;0.1950
20221004;4.8903;3.1653;3.5685;4.7768;1.1265;4.9351;5.4885;3.3748;0.1946
20221005;4.7928;3.1031;3.5149;4.7590;1.1388;4.8609;5.4483;3.3124;0.1939
20221006;4.8396;3.1212;3.5492;4.7796;1.1354;4.9123;5.4659;3.3464;0.1950
20221007;4.8995;3.1598;3.5771;4.8158;1.1359;4.9588;5.5024;3.3841;0.1964
20221010;4.9367;3.1552;3.6028;4.8128;1.1355;4.9680;5.4872;3.4001;0.1962
20221011;4.9662;3.1336;3.6159;4.8172;1.1270;4.9675;5.4876;3.4110;0.1964
20221012;4.9658;3.1148;3.5945;4.8178;1.1213;4.9738;5.4932;3.4070;0.1964
20221013;4.9518;3.0991;3.5890;4.7987;1.1111;4.9663;5.4668;3.3711;0.1952
20221014;4.9370;3.0697;3.5514;4.7858;1.1104;4.9173;5.5339;3.3529;0.1945
20221017;4.8992;3.0682;3.5462;4.7703;1.1423;4.8791;5.4818;3.3105;0.1939
20221018;4.8673;3.0535;3.5415;4.7617;1.1498;4.8775;5.5214;3.2719;0.1936
20221019;4.8143;3.0408;3.5079;4.7435;1.1517;4.8390;5.4460;3.2293;0.1930
20221020;4.8564;3.0484;3.5205;4.7462;1.1461;4.8357;5.4569;3.2424;0.1935
20221021;4.8258;3.0440;3.5192;4.7225;1.1533;4.8039;5.4282;3.2194;0.1924
20221024;4.8145;3.0421;3.5083;4.7177;1.1442;4.7893;5.3856;3.1818;0.1927
20221025;4.7939;3.0259;3.4971;4.7349;1.1487;4.8033;5.4299;3.2206;0.1934
20221026;4.7426;3.0325;3.4814;4.7274;1.1446;4.7668;5.4470;3.2094;0.1930
20221027;4.6934;3.0340;3.4554;4.7002;1.1505;4.7400;5.4282;3.1949;0.1917
20221028;4.6896;3.0342;3.4639;4.6924;1.1463;4.7343;5.4329;3.2078;0.1913
20221031;4.6857;3.0088;3.4441;4.6714;1.1335;4.7091;5.4165;3.1770;0.1909
20221102;4.7111;3.0053;3.4522;4.6593;1.1376;4.6985;5.4179;3.1669;0.1904
20221103;4.7148;3.0208;3.4568;4.6549;1.1409;4.7241;5.4080;3.2082;0.1900
20221104;4.7529;3.0024;3.4628;4.6504;1.1446;4.7029;5.3336;3.2139;0.1901
20221107;4.6769;3.0236;3.4685;4.6437;1.1542;4.7018;5.2908;3.1868;0.1903
20221108;4.6423;3.0027;3.4356;4.6372;1.1586;4.6871;5.3172;3.1701;0.1908
20221109;4.6375;3.0057;3.4372;4.6423;1.1572;4.6884;5.3186;3.1783;0.1908
20221110;4.6503;3.0034;3.4536;4.6587;1.1536;4.7232;5.2983;3.1760;0.1912
20221114;4.5647;2.9907;3.4149;4.6393;1.1606;4.7183;5.3215;3.2125;0.1911
20221115;4.5167;3.0228;3.3982;4.6580;1.1393;4.7669;5.3005;3.2127;0.1917
20221116;4.4785;3.0125;3.3638;4.6580;1.1455;4.7452;5.3400;3.2185;0.1915
20221117;4.4812;3.0266;3.3695;4.6554;1.1399;4.7545;5.3105;3.2142;0.1912
20221118;4.5070;2.9968;3.3722;4.6579;1.1319;4.7268;5.3127;3.2081;0.1910
20221121;4.5059;3.0075;3.3651;4.6569;1.1442;4.7232;5.3558;3.2198;0.1911
20221122;4.5355;3.0030;3.3728;4.6520;1.1349;4.7404;5.3607;3.2051;0.1912
20221123;4.5367;3.0055;3.3835;4.6569;1.1426;4.7658;5.3846;3.2089;0.1912
20221124;4.4906;3.0071;3.3545;4.6559;1.1387;4.7504;5.3972;3.2073;0.1911
20221125;4.4642;3.0241;3.3496;4.6530;1.1284;4.7383;5.4224;3.2323;0.1908
20221128;4.4713;3.0147;3.3441;4.6419;1.1269;4.7150;5.4019;3.2099;0.1906
20221129;4.4440;2.9741;3.3052;4.6347;1.1366;4.7065;5.3549;3.2083;0.1904
20221130;4.4749;3.0028;3.3005;4.6271;1.1305;4.6982;5.3566;3.2285;0.1900
20221201;4.4440;2.9848;3.2938;4.6156;1.1314;4.6771;5.3356;3.1906;0.1898
20221202;4.4079;3.0117;3.2829;4.6386;1.1275;4.7007;5.4184;3.2438;0.1904
20221205;4.4265;2.9968;3.2884;4.6348;1.1286;4.7018;5.4053;3.2673;0.1903
20221206;4.4119;2.9870;3.2759;4.6546;1.1300;4.7033;5.4029;3.2471;0.1913
20221207;4.4248;2.9731;3.2423;4.6465;1.1246;4.7031;5.3909;3.2409;0.1912
20221208;4.4226;2.9730;3.2407;4.6513;1.1336;4.7114;5.3985;3.2357;0.1914
20221209;4.3983;2.9760;3.2382;4.6354;1.1117;4.6924;5.3794;3.2215;0.1909
20221212;4.4129;2.9916;3.2325;4.6490;1.1148;4.7254;5.4124;3.2353;0.1914
20221213;4.4060;2.9763;3.2215;4.6503;1.1174;4.7175;5.4061;3.2116;0.1913
20221214;4.3652;3.0081;3.2237;4.6470;1.1352;4.7199;5.4217;3.2336;0.1913
20221215;4.3541;2.9902;3.2096;4.6341;1.1397;4.7020;5.3928;3.2270;0.1909
20221216;4.3420;2.9292;3.1904;4.6456;1.1404;4.6918;5.3410;3.1744;0.1914
20221219;4.3692;2.9298;3.1971;4.6503;1.1421;4.6999;5.3385;3.1946;0.1918
20221220;4.3730;2.9383;3.2019;4.6372;1.1515;4.6909;5.3242;3.2006;0.1914
20221221;4.3521;2.9029;3.1968;4.6284;1.1455;4.6968;5.2933;3.2895;0.1914
20221222;4.3457;2.9140;3.1904;4.6086;1.1471;4.6881;5.2568;3.2863;0.1905
20221223;4.3293;2.8988;3.1745;4.5925;1.1425;4.6632;5.1996;3.2715;0.1897
20221227;4.3284;2.8980;3.1764;4.5941;1.1460;4.6383;5.2117;3.2550;0.1898
20221228;4.3685;2.9433;3.2336;4.6419;1.1542;4.6967;5.2517;3.2732;0.1914
20221229;4.3654;2.9654;3.2264;4.6526;1.1531;4.7161;5.2852;3.2568;0.1922
20221230;4.3588;2.9443;3.2168;4.6394;1.1577;4.7194;5.2485;3.2756;0.1921
20230102;4.3355;2.9430;3.2014;4.6338;1.1548;4.6998;5.2347;3.2892;0.1919
20230103;4.3358;2.9540;3.1939;4.6276;1.1502;4.6850;5.2247;3.3164;0.1916
20230104;4.3737;2.9522;3.2127;4.6252;1.1510;4.6884;5.2621;3.3598;0.1920
20230105;4.3464;2.9888;3.2139;4.6181;1.1655;4.6829;5.2454;3.3179;0.1926
20230109;4.3959;2.9737;3.2455;4.6328;1.1665;4.6965;5.2345;3.2864;0.1926
20230110;4.3321;3.0051;3.2366;4.6473;1.1733;4.7130;5.2798;3.2847;0.1937
20230111;4.3198;2.9776;3.2226;4.6398;1.1648;4.6851;5.2511;3.2723;0.1934
20230112;4.3016;2.9674;3.2047;4.6329;1.1600;4.6322;5.2260;3.2459;0.1930
20230113;4.3162;2.9803;3.2162;4.6477;1.1657;4.6280;5.2297;3.3047;0.1932
20230116;4.2937;2.9805;3.1981;4.6432;1.1722;4.6222;5.2365;3.3608;0.1934
20230117;4.2910;2.9862;3.2033;4.6437;1.1647;4.6314;5.2359;3.3401;0.1934
20230118;4.2792;2.9821;3.1981;4.6486;1.1659;4.6554;5.2596;3.3356;0.1937
20230119;4.2813;3.0173;3.2005;4.6511;1.1859;4.7002;5.3140;3.3411;0.1943
20230120;4.3183;2.9852;3.2044;4.6684;1.1826;4.7125;5.3344;3.3646;0.1952
20230123;4.3090;2.9885;3.2011;4.6632;1.1807;4.6728;5.3266;3.3091;0.1949
20230124;4.2928;2.9965;3.2067;4.6627;1.1764;4.6518;5.3010;3.2860;0.1952
20230125;4.3033;3.0116;3.2090;4.6657;1.1924;4.6390;5.2785;3.2831;0.1954
20230126;4.2884;3.0338;3.2088;4.6718;1.2028;4.6613;5.2993;3.3065;0.1964
20230127;4.2902;3.0477;3.2127;4.6705;1.2028;4.6675;5.3071;3.2918;0.1961
20230130;4.2888;3.0494;3.2179;4.6599;1.1985;4.6485;5.3111;3.3018;0.1958
20230131;4.2811;3.0279;3.2066;4.6625;1.1932;4.6377;5.2977;3.2862;0.1953
20230201;4.2966;3.0188;3.2039;4.6609;1.1949;4.6561;5.2916;3.3092;0.1959
20230202;4.2722;3.0266;3.2127;4.6584;1.1935;4.6643;5.2727;3.3031;0.1959
20230203;4.2534;3.0156;3.1916;4.6388;1.2024;4.6631;5.2210;3.3058;0.1952
20230206;4.2852;2.9899;3.1979;4.6555;1.1998;4.6432;5.2002;3.2880;0.1962
20230207;4.3638;3.0017;3.2438;4.6887;1.1928;4.7045;5.2591;3.2912;0.1967
20230208;4.4199;3.0482;3.2854;4.7215;1.1982;4.7694;5.2937;3.3491;0.1982
20230209;4.3756;3.0385;3.2611;4.6928;1.2098;4.7544;5.2806;3.3303;0.1976
20230210;4.3590;3.0472;3.2518;4.6992;1.2182;4.7479;5.3078;3.3360;0.1982
20230213;4.4191;3.0648;3.3073;4.7275;1.2150;4.7838;5.3527;3.3732;0.1995
20230214;4.4286;3.0792;3.3179;4.7408;1.2393;4.8108;5.3647;3.3403;0.1996
20230215;4.3950;3.0630;3.2940;4.7255;1.2424;4.7826;5.3555;3.3108;0.1993
20230216;4.4249;3.0386;3.2937;4.7209;1.2424;4.7824;5.3062;3.2986;0.1997
20230217;4.4387;3.0477;3.2984;4.7330;1.2324;4.7912;5.3183;3.3039;0.1998
20230220;4.4393;3.0342;3.2850;4.7243;1.2223;4.7693;5.3147;3.2984;0.1991
20230221;4.3904;3.0375;3.2641;4.6929;1.2263;4.7569;5.2857;3.2775;0.1979
20230222;4.4133;3.0285;3.2638;4.6997;1.2286;4.7564;5.3285;3.2653;0.1980
20230223;4.4072;3.0086;3.2545;4.6939;1.2321;4.7555;5.3346;3.2756;0.1985
20230224;4.4152;3.0165;3.2649;4.6830;1.2308;4.7344;5.3228;3.2731;0.1978
20230227;4.4335;2.9823;3.2499;4.6765;1.2256;4.7230;5.2967;3.2550;0.1976
20230228;4.4053;2.9619;3.2444;4.6650;1.2346;4.6981;5.2960;3.2399;0.1972
20230301;4.3840;2.9552;3.2246;4.6620;1.2362;4.6862;5.3201;3.2065;0.1984
20230302;4.3333;2.9279;3.1832;4.6224;1.2358;4.6198;5.2060;3.1852;0.1978
20230303;4.3807;2.9481;3.2187;4.6433;1.2356;4.6510;5.2298;3.2064;0.1981
20230306;4.3911;2.9645;3.2235;4.6607;1.2301;4.6782;5.2639;3.2279;0.1985
20230307;4.3566;2.9355;3.1987;4.6482;1.2327;4.6665;5.2357;3.2056;0.1975
20230308;4.3577;2.8994;3.1889;4.6400;1.2254;4.6622;5.2194;3.1997;0.1972
20230309;4.3840;2.8993;3.1888;4.6278;1.2223;4.6576;5.1895;3.2041;0.1966
20230310;4.3825;2.9025;3.1838;4.6345;1.2229;4.6777;5.2234;3.2184;0.1963
20230313;4.3414;2.8744;3.1485;4.6310;1.2071;4.7200;5.2446;3.2198;0.1959
20230314;4.3248;2.8956;3.1580;4.6371;1.1856;4.7508;5.2577;3.2567;0.1955
20230315;4.3288;2.8880;3.1644;4.6395;1.1907;4.7244;5.2626;3.2183;0.1955
20230316;4.4062;2.9144;3.1943;4.6477;1.1684;4.7803;5.3174;3.3140;0.1931
20230317;4.3918;2.9256;3.1946;4.6551;1.1654;4.7214;5.3110;3.3113;0.1936
20230320;4.3750;2.9263;3.1819;4.6524;1.1682;4.7168;5.3164;3.3123;0.1943
20230321;4.3410;2.9170;3.1780;4.6566;1.1767;4.6925;5.3194;3.2948;0.1941
20230322;4.3118;2.8711;3.1439;4.6456;1.1864;4.6682;5.2689;3.2704;0.1951
20230323;4.3004;2.8746;3.1367;4.6425;1.1965;4.6642;5.2651;3.2450;0.1958
20230324;4.2549;2.8586;3.1202;4.6340;1.2065;4.6547;5.2397;3.2418;0.1960
20230327;4.3148;2.8665;3.1317;4.6384;1.2028;4.6970;5.2748;3.3073;0.1963
20230328;4.3009;2.8608;3.1390;4.6381;1.2018;4.6922;5.2801;3.2708;0.1955
20230329;4.2829;2.8605;3.1352;4.6359;1.2143;4.6510;5.2717;3.2711;0.1962
20230330;4.2782;2.8613;3.1518;4.6405;1.2211;4.6478;5.2736;3.2322;0.1967
20230331;4.2428;2.8456;3.1363;4.6319;1.2217;4.6438;5.2516;3.1980;0.1969
20230403;4.2480;2.8496;3.1399;4.6274;1.2170;4.6532;5.2634;3.1939;0.1971
20230404;4.2489;2.8750;3.1592;4.6249;1.2236;4.6511;5.2627;3.1980;0.1973
20230405;4.2443;2.8569;3.1603;4.6281;1.2300;4.6534;5.2965;3.1983;0.1975
20230406;4.2411;2.8460;3.1557;4.6403;1.2353;4.6875;5.2923;3.2371;0.1982
20230407;4.2556;2.8328;3.1525;4.6374;1.2331;4.6986;5.2865;3.2298;0.1982
20230411;4.2503;2.8384;3.1461;4.6393;1.2336;4.7011;5.2870;3.2248;0.1981
20230412;4.2298;2.8178;3.1359;4.6197;1.2306;4.6742;5.2581;3.1739;0.1964
20230413;4.2066;2.8173;3.1237;4.6164;1.2327;4.6902;5.2405;3.1589;0.1977
20230414;4.1493;2.8085;3.1027;4.5912;1.2312;4.6771;5.1984;3.1397;0.1972
20230417;4.1626;2.8162;3.1229;4.5913;1.2288;4.6695;5.1903;3.1282;0.1968
20230418;4.1919;2.8035;3.1282;4.5827;1.2307;4.6731;5.1908;3.1210;0.1958
20230419;4.1769;2.8097;3.1195;4.5769;1.2332;4.6525;5.1877;3.1135;0.1954
20230420;4.1677;2.8007;3.1007;4.5678;1.2112;4.6442;5.1883;3.0994;0.1953
20230421;4.1532;2.8041;3.0832;4.5574;1.2058;4.6520;5.1706;3.0932;0.1939
20230424;4.1629;2.7835;3.0720;4.5605;1.2093;4.6558;5.1540;3.0995;0.1939
20230425;4.1329;2.7621;3.0513;4.5563;1.2134;4.6485;5.1448;3.0705;0.1942
20230426;4.1280;2.7380;3.0309;4.5404;1.2098;4.6369;5.1224;3.0829;0.1934
20230427;4.0890;2.7051;3.0014;4.5328;1.2071;4.6133;5.1091;3.0703;0.1926
20230428;4.1233;2.7247;3.0288;4.5400;1.2183;4.6005;5.1372;3.0754;0.1934
20230502;4.1206;2.7139;3.0243;4.5332;1.2175;4.6074;5.1552;3.0272;0.1930
20230504;4.1337;2.7618;3.0374;4.5242;1.2162;4.5994;5.1418;3.0079;0.1919
20230505;4.1185;2.7482;3.0326;4.5402;1.2167;4.6436;5.1776;3.0668;0.1936
20230508;4.1218;2.7749;3.0637;4.5304;1.2175;4.6085;5.1919;3.0566;0.1936
20230509;4.0916;2.7827;3.0698;4.5188;1.2138;4.6042;5.1773;3.0324;0.1931
20230510;4.1206;2.7869;3.0775;4.5170;1.2159;4.6160;5.1955;3.0508;0.1930
20230511;4.0726;2.7605;3.0481;4.4741;1.2086;4.5848;5.1471;3.0295;0.1907
20230512;4.1175;2.7594;3.0552;4.4889;1.2081;4.5999;5.1508;3.0662;0.1908
20230515;4.1094;2.7469;3.0456;4.4751;1.2091;4.5878;5.1409;3.0486;0.1896
20230516;4.1010;2.7416;3.0350;4.4618;1.2070;4.5797;5.1335;3.0146;0.1891
20230517;4.0854;2.7275;3.0419;4.4427;1.2047;4.5620;5.1125;2.9975;0.1879
20230518;4.1268;2.7443;3.0596;4.4635;1.2032;4.5745;5.1393;3.0047;0.1885
20230519;4.1778;2.7617;3.0963;4.5028;1.1983;4.6204;5.1900;3.0190;0.1898
20230522;4.1639;2.7731;3.0854;4.4950;1.1942;4.6185;5.1798;3.0053;0.1890
20230523;4.1253;2.7389;3.0538;4.4603;1.1913;4.5933;5.1298;2.9763;0.1883
20230524;4.1193;2.7284;3.0481;4.4418;1.1844;4.5738;5.1152;2.9742;0.1878
20230525;4.1358;2.7082;3.0480;4.4543;1.1957;4.5711;5.1199;2.9790;0.1881
20230526;4.1658;2.7098;3.0561;4.4630;1.1955;4.5951;5.1355;2.9829;0.1888
20230529;4.1869;2.7266;3.0700;4.4896;1.2095;4.6254;5.1685;2.9828;0.1899
20230530;4.1778;2.7304;3.0709;4.4744;1.2039;4.6235;5.1584;2.9793;0.1889
20230531;4.1742;2.7217;3.0681;4.4790;1.2085;4.6201;5.1882;2.9828;0.1889
20230601;4.2007;2.7259;3.0857;4.4913;1.2106;4.6117;5.2073;3.0082;0.1890
20230602;4.1856;2.7366;3.0954;4.4932;1.2130;4.6068;5.2396;3.0151;0.1897
20230605;4.1440;2.7452;3.0857;4.4519;1.2013;4.5663;5.1887;2.9727;0.1883
20230606;4.1502;2.7433;3.0880;4.4328;1.2015;4.5575;5.1377;2.9641;0.1883
20230607;4.1607;2.7661;3.0954;4.4406;1.2056;4.5764;5.1581;2.9736;0.1885
20230609;4.1237;2.7677;3.0807;4.4277;1.2024;4.5592;5.1538;2.9656;0.1875
20230612;4.0864;2.7526;3.0664;4.4010;1.1945;4.5318;5.1384;2.9287;0.1857
20230613;4.0916;2.7609;3.0641;4.3997;1.1926;4.5039;5.1236;2.9294;0.1850
20230614;4.1093;2.7845;3.0832;4.4356;1.1979;4.5352;5.1715;2.9403;0.1863
20230615;4.0630;2.7696;3.0579;4.4063;1.1861;4.5256;5.1535;2.9121;0.1849
20230616;4.0634;2.7839;3.0620;4.4287;1.1835;4.5350;5.1682;2.8936;0.1862
20230619;4.0232;2.7638;3.0455;4.4068;1.1820;4.5083;5.1631;2.8478;0.1853
20230620;4.0328;2.7615;3.0573;4.4030;1.1779;4.4977;5.1606;2.8450;0.1852
20230621;4.0275;2.7248;3.0401;4.3965;1.1819;4.4846;5.1253;2.8447;0.1849
20230622;4.0198;2.7176;3.0428;4.3924;1.1868;4.4750;5.1129;2.8260;0.1849
20230623;3.9964;2.7057;3.0352;4.3885;1.1877;4.4646;5.0990;2.8082;0.1854
20230626;4.0336;2.6893;3.0536;4.3900;1.1861;4.4940;5.1260;2.8153;0.1856
20230627;4.0237;2.6866;3.0558;4.3910;1.1894;4.5020;5.1160;2.8048;0.1856
20230628;4.0045;2.6848;3.0394;4.3914;1.1896;4.4797;5.1081;2.7908;0.1862
20230629;4.0580;2.6851;3.0615;4.4375;1.1951;4.5255;5.1289;2.8103;0.1871
20230630;4.0507;2.6756;3.0507;4.4022;1.1850;4.5047;5.1026;2.7953;0.1857
20230703;4.0324;2.6828;3.0468;4.4013;1.1816;4.4983;5.1190;2.7908;0.1853
20230704;4.0243;2.6878;3.0390;4.3922;1.1723;4.4851;5.1108;2.7873;0.1851
20230705;4.0155;2.6879;3.0369;4.3770;1.1680;4.4849;5.1103;2.7826;0.1845
20230706;4.0471;2.6988;3.0507;4.4081;1.1650;4.5130;5.1518;2.8069;0.1854
20230707;4.0829;2.7076;3.0660;4.4434;1.1569;4.5522;5.2000;2.8306;0.1861
20230710;4.0491;2.6965;3.0436;4.4200;1.1475;4.5363;5.1789;2.8384;0.1852
20230711;4.0144;2.6722;3.0228;4.4025;1.1540;4.5143;5.1338;2.8327;0.1845
20230712;4.0064;2.6689;3.0186;4.4022;1.1599;4.5409;5.1700;2.8450;0.1844
20230713;3.9620;2.6842;3.0035;4.3966;1.1706;4.5558;5.1467;2.8539;0.1845
20230714;3.9168;2.6983;2.9839;4.3849;1.1718;4.5565;5.1345;2.8350;0.1844
20230717;3.9233;2.6937;2.9883;4.4098;1.1796;4.5567;5.1510;2.8295;0.1855
20230718;3.9262;2.6728;2.9764;4.4056;1.1778;4.5594;5.1330;2.8216;0.1852
20230719;3.9227;2.6698;2.9686;4.4038;1.1798;4.5686;5.1291;2.8283;0.1846
20230720;3.9188;2.6573;2.9770;4.3945;1.1709;4.5674;5.0558;2.8048;0.1834
20230721;3.9360;2.6834;2.9923;4.4024;1.1588;4.5681;5.0690;2.8145;0.1836
20230724;3.9737;2.6744;3.0056;4.4179;1.1639;4.5912;5.1038;2.8061;0.1838
20230725;3.9751;2.6741;3.0137;4.4065;1.1658;4.5947;5.0971;2.8162;0.1825
20230726;3.9758;2.6910;3.0131;4.3890;1.1599;4.5802;5.0999;2.8129;0.1824
20230727;3.9558;2.6693;2.9945;4.3771;1.1418;4.5807;5.1092;2.8163;0.1820
20230728;3.9772;2.6849;3.0138;4.3782;1.1528;4.5895;5.1129;2.8255;0.1822
20230731;3.9676;2.6406;2.9983;4.3713;1.1376;4.5685;5.1014;2.8232;0.1822
20230801;3.9536;2.6559;3.0010;4.3639;1.1256;4.5489;5.0826;2.7778;0.1828
20230802;3.9986;2.6456;3.0095;4.3871;1.1289;4.5649;5.1066;2.7903;0.1832
20230803;4.0255;2.6389;3.0204;4.4078;1.1363;4.5745;5.1129;2.8086;0.1838
20230804;4.0539;2.6464;3.0347;4.4260;1.1246;4.6215;5.1319;2.8382;0.1831
20230807;3.9897;2.6289;2.9879;4.3930;1.1271;4.5796;5.0910;2.8139;0.1809
20230808;3.9864;2.6151;2.9788;4.3822;1.1251;4.5556;5.0870;2.8055;0.1808
20230809;4.0372;2.6247;2.9934;4.4159;1.1310;4.6049;5.1252;2.8215;0.1819
20230810;4.0276;2.6338;2.9991;4.4223;1.1400;4.5958;5.1297;2.8082;0.1821
20230811;3.9899;2.6269;2.9819;4.4044;1.1469;4.5720;5.0947;2.7676;0.1821
20230814;4.0120;2.6094;2.9817;4.3979;1.1479;4.5733;5.0963;2.7701;0.1826
20230816;4.0444;2.6133;3.0017;4.4009;1.1430;4.5855;5.1073;2.7790;0.1829
20230817;4.0426;2.6098;2.9947;4.4101;1.1434;4.5936;5.1505;2.7723;0.1831
20230818;4.0629;2.6103;3.0056;4.4281;1.1497;4.6292;5.1851;2.7848;0.1838
20230821;4.0731;2.6086;3.0037;4.4276;1.1543;4.6282;5.1900;2.8024;0.1845
20230822;4.0706;2.6091;3.0091;4.4320;1.1552;4.6232;5.1861;2.7856;0.1845
20230823;4.0755;2.6129;3.0068;4.4196;1.1562;4.6285;5.1854;2.7903;0.1837
20230824;4.0882;2.6378;3.0116;4.4308;1.1574;4.6545;5.1828;2.8242;0.1837
20230825;4.0873;2.6342;3.0159;4.4318;1.1533;4.6394;5.1683;2.8051;0.1835
20230828;4.0852;2.6205;3.0039;4.4155;1.1562;4.6206;5.1514;2.7960;0.1832
20230829;4.0993;2.6332;3.0196;4.4302;1.1586;4.6333;5.1616;2.7971;0.1834
20230830;4.0953;2.6266;3.0050;4.4248;1.1598;4.6301;5.1502;2.7838;0.1835
20230831;4.0383;2.6321;2.9848;4.4200;1.1664;4.6154;5.1448;2.7731;0.1833
20230901;4.0777;2.6412;3.0143;4.4239;1.1633;4.6169;5.1687;2.7900;0.1839
20230904;4.0740;2.6396;3.0071;4.4215;1.1540;4.6166;5.1618;2.8025;0.1831
20230905;4.0972;2.6471;3.0147;4.4231;1.1551;4.6298;5.1732;2.7981;0.1835
20230906;4.1457;2.6410;3.0433;4.4484;1.1491;4.6656;5.2070;2.8101;0.1840
20230907;4.2054;2.6909;3.0872;4.5158;1.1602;4.7165;5.2696;2.8574;0.1859
20230908;4.2730;2.7243;3.1253;4.5688;1.1793;4.7823;5.3224;2.8988;0.1874
20230911;4.2538;2.7216;3.1224;4.5631;1.1832;4.7724;5.3168;2.8846;0.1870
20230912;4.2871;2.7586;3.1531;4.6026;1.2005;4.8091;5.3725;2.9277;0.1876
20230913;4.3166;2.7706;3.1844;4.6266;1.2004;4.8352;5.3828;2.9324;0.1884
20230914;4.2498;2.7290;3.1358;4.5636;1.1879;4.7594;5.3109;2.8824;0.1865
20230915;4.2955;2.7673;3.1770;4.5811;1.1929;4.7963;5.3362;2.9162;0.1869
20230918;4.3055;2.7722;3.1809;4.5905;1.1980;4.8003;5.3360;2.9115;0.1875
20230919;4.3101;2.7690;3.1903;4.5954;1.1961;4.8001;5.3341;2.9169;0.1879
20230920;4.3077;2.7849;3.2142;4.6058;1.2008;4.8024;5.3425;2.9164;0.1884
20230921;4.2696;2.7743;3.1837;4.5759;1.1925;4.7668;5.2913;2.8906;0.1876
20230922;4.2996;2.7506;3.1818;4.5752;1.1812;4.7453;5.2718;2.9075;0.1870
20230925;4.2628;2.7526;3.1696;4.5446;1.1714;4.7109;5.2318;2.8766;0.1865
20230926;4.2930;2.7597;3.1863;4.5515;1.1654;4.7080;5.2434;2.8852;0.1868
20230927;4.3043;2.7612;3.1891;4.5595;1.1731;4.7154;5.2438;2.8900;0.1868
20230928;4.3579;2.7798;3.2252;4.5845;1.1708;4.7451;5.2912;2.9171;0.1877
20230929;4.3476;2.7812;3.2199;4.5863;1.1646;4.7420;5.2999;2.9117;0.1882
20231002;4.3292;2.8030;3.2138;4.5811;1.1774;4.7377;5.2900;2.9009;0.1881
20231003;4.3400;2.7679;3.1776;4.5626;1.1754;4.7308;5.2637;2.8957;0.1868
20231004;4.3709;2.7605;3.1927;4.5812;1.1816;4.7437;5.2877;2.9159;0.1870
20231005;4.3385;2.7447;3.1590;4.5589;1.1752;4.7348;5.2716;2.9132;0.1870
20231006;4.3300;2.7505;3.1502;4.5573;1.1780;4.7385;5.2618;2.9138;0.1868
20231009;4.3226;2.7382;3.1520;4.5440;1.1739;4.7208;5.2531;2.8938;0.1854
20231010;4.2812;2.7310;3.1402;4.5179;1.1645;4.7186;5.2281;2.8756;0.1845
20231011;4.2458;2.7192;3.1216;4.4980;1.1614;4.6857;5.2012;2.8506;0.1831
20231012;4.2112;2.7058;3.1001;4.4761;1.1580;4.6740;5.1921;2.8270;0.1824
20231013;4.2543;2.7029;3.1189;4.4881;1.1593;4.6993;5.2041;2.8439;0.1822
20231016;4.2644;2.6940;3.1213;4.4886;1.1571;4.7097;5.1903;2.8498;0.1819
20231017;4.1993;2.6533;3.0829;4.4218;1.1441;4.6514;5.1069;2.8050;0.1794
20231018;4.1579;2.6378;3.0428;4.3862;1.1391;4.6090;5.0515;2.7762;0.1781
20231019;4.1680;2.6492;3.0488;4.3977;1.1447;4.6460;5.0711;2.7840;0.1780
20231020;4.1679;2.6353;3.0386;4.4080;1.1507;4.6500;5.0626;2.7826;0.1786
20231023;4.1640;2.6317;3.0450;4.4051;1.1519;4.6662;5.0569;2.7773;0.1787
20231024;4.1585;2.6276;3.0334;4.4105;1.1549;4.6537;5.0632;2.7735;0.1789
20231025;4.1647;2.6485;3.0342;4.4192;1.1576;4.6588;5.0754;2.7791;0.1796
20231026;4.1880;2.6523;3.0412;4.4313;1.1509;4.6781;5.0818;2.7938;0.1793
20231027;4.1770;2.6382;3.0214;4.4055;1.1526;4.6548;5.0627;2.7800;0.1789
20231030;4.1773;2.6551;3.0160;4.4196;1.1551;4.6331;5.0724;2.7905;0.1793
20231031;4.1603;2.6512;3.0047;4.4119;1.1536;4.6094;5.0509;2.7903;0.1796
20231102;4.1477;2.6275;2.9915;4.3970;1.1502;4.5709;5.0338;2.7418;0.1793
20231103;4.1409;2.6609;3.0024;4.4055;1.1535;4.5779;5.0446;2.7549;0.1799
20231106;4.1040;2.6665;2.9956;4.3996;1.1603;4.5646;5.0657;2.7456;0.1803
20231107;4.1080;2.6694;3.0048;4.4116;1.1614;4.5757;5.0908;2.7434;0.1803
20231108;4.1327;2.6502;3.0042;4.4120;1.1665;4.5866;5.0824;2.7440;0.1792
20231109;4.1098;2.6426;2.9818;4.3938;1.1600;4.5704;5.0474;2.7246;0.1785
20231110;4.0978;2.6334;2.9774;4.3945;1.1622;4.5551;5.0355;2.7164;0.1793
20231113;4.1023;2.6046;2.9650;4.3780;1.1601;4.5453;5.0057;2.7077;0.1786
20231114;4.1023;2.6107;2.9683;4.3800;1.1593;4.5404;5.0209;2.7009;0.1782
20231115;4.0236;2.6048;2.9286;4.3588;1.1596;4.5087;5.0127;2.6683;0.1782
20231116;4.0220;2.6100;2.9380;4.3582;1.1556;4.5245;4.9911;2.6607;0.1779
20231117;3.9745;2.5800;2.8925;4.3230;1.1486;4.4819;4.9409;2.6389;0.1768
20231120;3.9934;2.5927;2.9094;4.3408;1.1452;4.4985;4.9597;2.6692;0.1772
20231121;3.9458;2.5824;2.8719;4.3170;1.1385;4.4659;4.9298;2.6585;0.1760
20231122;3.9476;2.5997;2.8825;4.3242;1.1380;4.4706;4.9527;2.6757;0.1763
20231123;3.9826;2.6023;2.8963;4.3299;1.1358;4.4927;4.9700;2.6654;0.1771
20231124;3.9711;2.6046;2.8974;4.3269;1.1404;4.4943;4.9766;2.6548;0.1774
20231127;3.9500;2.5997;2.9029;4.3202;1.1371;4.4795;4.9765;2.6420;0.1770
20231128;3.9442;2.5991;2.8900;4.3104;1.1346;4.4767;4.9756;2.6491;0.1769
20231129;3.9152;2.5936;2.8806;4.2983;1.1379;4.4558;4.9540;2.6404;0.1768
20231130;3.9077;2.5877;2.8762;4.2895;1.1363;4.4671;4.9618;2.6509;0.1771
20231201;3.9542;2.6057;2.9102;4.3136;1.1328;4.5167;4.9927;2.6653;0.1774
20231204;3.9598;2.6202;2.9313;4.2944;1.1319;4.5193;4.9964;2.6738;0.1766
20231205;3.9567;2.6256;2.9239;4.2903;1.1302;4.5349;5.0003;2.6969;0.1758
20231206;3.9570;2.5928;2.9129;4.2776;1.1278;4.5201;4.9908;2.6887;0.1759
20231207;3.9735;2.6164;2.9282;4.2894;1.1280;4.5470;5.0040;2.6995;0.1764
20231208;3.9838;2.6172;2.9267;4.2905;1.1247;4.5371;4.9994;2.7543;0.1764
20231211;3.9901;2.6250;2.9362;4.2880;1.1262;4.5383;4.9970;2.7659;0.1758
20231212;3.9874;2.6155;2.9395;4.2877;1.1227;4.5293;5.0108;2.7260;0.1760
20231213;3.9858;2.6103;2.9284;4.2943;1.1202;4.5418;4.9923;2.7363;0.1758
20231214;3.9640;2.6049;2.9208;4.2771;1.1224;4.5229;4.9607;2.7287;0.1746
20231215;3.8871;2.6097;2.8955;4.2723;1.1254;4.4823;4.9541;2.7434;0.1755
20231218;3.9124;2.6184;2.9232;4.2723;1.1157;4.5089;4.9731;2.7586;0.1742
20231219;3.9296;2.6408;2.9381;4.2947;1.1166;4.5238;4.9776;2.7486;0.1749
20231220;3.9153;2.6488;2.9358;4.2986;1.1180;4.5457;4.9896;2.7179;0.1751
20231221;3.9126;2.6495;2.9354;4.2924;1.1169;4.5435;4.9612;2.7294;0.1749
20231222;3.9078;2.6515;2.9343;4.2959;1.1222;4.5583;4.9506;2.7471;0.1748
20231227;3.8894;2.6508;2.9399;4.2923;1.1251;4.5622;4.9517;2.7381;0.1745
20231228;3.8613;2.6418;2.9260;4.2880;1.1193;4.5426;4.9321;2.7078;0.1735
20231229;3.8614;2.6430;2.9275;4.2873;1.1201;4.6234;4.9316;2.7426;0.1733
20240102;3.8862;2.6487;2.9386;4.3016;1.1243;4.6377;4.9484;2.7464;0.1739
20240103;3.9369;2.6720;2.9568;4.3164;1.1315;4.6500;4.9726;2.7813;0.1751
20240104;3.9488;2.6538;2.9579;4.3115;1.1323;4.6283;4.9885;2.7577;0.1746
20240105;3.9353;2.6371;2.9464;4.3073;1.1361;4.6223;4.9893;2.7178;0.1745
20240108;3.9292;2.6339;2.9473;4.3020;1.1385;4.6229;4.9911;2.7079;0.1752
20240109;3.9204;2.6272;2.9280;4.2964;1.1380;4.6230;4.9897;2.7204;0.1754
20240110;3.9278;2.6283;2.9322;4.2990;1.1333;4.6154;4.9953;2.7291;0.1749
20240111;3.9269;2.6279;2.9344;4.2961;1.1359;4.6074;4.9960;2.6997;0.1747
20240112;3.9291;2.6214;2.9332;4.3039;1.1357;4.6039;4.9993;2.6928;0.1746
20240115;3.9319;2.6425;2.9449;4.3156;1.1383;4.6260;5.0205;2.7202;0.1746
20240116;3.9570;2.6328;2.9453;4.3302;1.1419;4.6284;5.0322;2.7125;0.1753
20240117;3.9991;2.6377;2.9650;4.3483;1.1450;4.6464;5.0588;2.7251;0.1759
20240118;4.0200;2.6242;2.9706;4.3612;1.1424;4.6374;5.0819;2.7098;0.1762
20240119;4.0133;2.6318;2.9733;4.3584;1.1400;4.6225;5.0856;2.7117;0.1759
20240122;3.9711;2.6152;2.9480;4.3208;1.1310;4.5700;5.0309;2.6772;0.1742
20240123;3.9640;2.6132;2.9514;4.3166;1.1273;4.5625;5.0431;2.6810;0.1742
20240124;4.0042;2.6332;2.9703;4.3457;1.1261;4.5965;5.0773;2.6992;0.1748
20240125;3.9687;2.6193;2.9452;4.3275;1.1197;4.5969;5.0581;2.6985;0.1741
20240126;3.9888;2.6328;2.9555;4.3318;1.1232;4.6090;5.0748;2.7075;0.1748
20240129;3.9830;2.6274;2.9620;4.3303;1.1169;4.6206;5.0753;2.6928;0.1748
20240130;4.0029;2.6369;2.9765;4.3259;1.1097;4.6318;5.0743;2.7058;0.1741
20240131;3.9749;2.6234;2.9637;4.3132;1.1155;4.6158;5.0406;2.7003;0.1738
20240201;3.9439;2.6092;2.9467;4.2910;1.1165;4.6078;5.0240;2.6894;0.1726
20240202;3.9558;2.5851;2.9476;4.2829;1.1171;4.5905;5.0105;2.7025;0.1722
20240205;3.9638;2.5891;2.9450;4.2848;1.1172;4.5913;5.0197;2.6807;0.1720
20240206;4.0026;2.5978;2.9623;4.3000;1.1136;4.6011;5.0253;2.6968;0.1720
20240207;4.0061;2.6046;2.9619;4.3026;1.1126;4.5922;5.0367;2.6992;0.1725
20240208;3.9944;2.6079;2.9648;4.3023;1.1082;4.5855;5.0458;2.7028;0.1723
20240209;3.9740;2.5780;2.9500;4.2780;1.1038;4.5411;5.0105;2.6624;0.1703
20240212;3.9717;2.5903;2.9548;4.2822;1.1037;4.5428;5.0173;2.6592;0.1700
20240213;3.9681;2.5903;2.9500;4.2744;1.1063;4.5278;5.0084;2.6574;0.1696
20240214;4.0089;2.5891;2.9558;4.2968;1.1089;4.5237;5.0467;2.6628;0.1693
20240215;4.0168;2.6017;2.9644;4.3044;1.1062;4.5274;5.0421;2.6657;0.1694
20240216;3.9921;2.6027;2.9585;4.3018;1.1063;4.5376;5.0226;2.6630;0.1695
20240219;3.9994;2.6024;2.9631;4.3000;1.1035;4.5322;5.0240;2.6577;0.1688
20240220;3.9800;2.6018;2.9512;4.2853;1.1015;4.5144;5.0127;2.6527;0.1681
20240221;3.9516;2.5954;2.9241;4.2792;1.1030;4.4923;4.9984;2.6375;0.1686
20240222;3.9589;2.5937;2.9301;4.2810;1.1042;4.4998;4.9976;2.6371;0.1690
20240223;3.9559;2.5946;2.9334;4.2796;1.1040;4.4937;4.9968;2.6297;0.1688
20240226;3.9448;2.5916;2.9270;4.2704;1.0985;4.4816;5.0063;2.6236;0.1684
20240227;3.9320;2.5712;2.9101;4.2648;1.0947;4.4651;4.9860;2.6089;0.1681
20240228;3.9406;2.5789;2.9161;4.2719;1.0951;4.4794;4.9938;2.6203;0.1686
20240229;3.9460;2.5620;2.9089;4.2735;1.0857;4.4826;4.9916;2.6167;0.1683
20240301;3.9393;2.5704;2.9080;4.2737;1.0872;4.4828;4.9909;2.6352;0.1688
20240304;3.9611;2.5717;2.9137;4.2780;1.0874;4.4563;4.9915;2.6287;0.1689
20240305;3.9384;2.5682;2.9034;4.2771;1.0811;4.4532;4.9989;2.6198;0.1687
20240306;3.9413;2.5593;2.9019;4.2743;1.0827;4.4510;5.0044;2.6250;0.1686
20240307;3.9081;2.5602;2.8868;4.2548;1.0825;4.4259;4.9726;2.6160;0.1677
20240308;3.9055;2.5819;2.8962;4.2631;1.0779;4.4392;4.9867;2.6367;0.1681
20240311;3.8842;2.5814;2.8875;4.2566;1.0817;4.4379;5.0025;2.6444;0.1682
20240312;3.8800;2.5635;2.8759;4.2389;1.0747;4.4171;4.9726;2.6396;0.1676
20240313;3.8936;2.5685;2.8849;4.2507;1.0649;4.4294;4.9733;2.6326;0.1680
20240314;3.8758;2.5656;2.8785;4.2409;1.0688;4.4197;4.9618;2.6216;0.1678
20240315;3.9019;2.5700;2.8888;4.2522;1.0752;4.4227;4.9769;2.6344;0.1685
20240318;3.9057;2.5641;2.8898;4.2527;1.0809;4.4228;4.9771;2.6218;0.1692
20240319;3.9326;2.5799;2.9035;4.2811;1.0839;4.4394;5.0047;2.6342;0.1699
20240320;3.9385;2.5728;2.8986;4.2780;1.0837;4.4361;5.0076;2.6135;0.1691
20240321;3.9410;2.5719;2.9018;4.2756;1.0813;4.4231;5.0065;2.5982;0.1698
20240322;3.9198;2.5760;2.8987;4.2641;1.0799;4.3629;4.9785;2.5871;0.1687
20240325;3.9465;2.5744;2.9051;4.2682;1.0765;4.3931;4.9754;2.6102;0.1685
20240326;3.9346;2.5744;2.8976;4.2646;1.0754;4.3836;4.9756;2.5994;0.1687
20240327;3.9359;2.5729;2.9004;4.2670;1.0780;4.3583;4.9726;2.5998;0.1687
20240328;3.9517;2.5794;2.9082;4.2733;1.0818;4.3648;4.9875;2.6141;0.1688
20240329;3.9507;2.5752;2.9152;4.2667;1.0825;4.3804;4.9915;2.6133;0.1687
20240402;3.9487;2.5717;2.9145;4.2579;1.0813;4.3807;4.9797;2.6102;0.1683
20240403;3.9485;2.5680;2.9084;4.2498;1.0770;4.3563;4.9586;2.6044;0.1678
20240404;3.9416;2.5682;2.9086;4.2521;1.0827;4.3396;4.9553;2.5940;0.1677
20240405;3.9059;2.5820;2.8962;4.2458;1.0860;4.3182;4.9497;2.5767;0.1679
20240408;3.9263;2.5763;2.8791;4.2409;1.0900;4.3383;4.9453;2.5896;0.1676
20240409;3.8948;2.5740;2.8671;4.2266;1.0852;4.3056;4.9255;2.5669;0.1668
20240410;3.8778;2.5739;2.8586;4.2187;1.0818;4.2971;4.9238;2.5551;0.1660
20240411;3.9281;2.5635;2.8773;4.2235;1.0787;4.3078;4.9363;2.5730;0.1662
20240412;3.9293;2.5674;2.8697;4.2181;1.0831;4.3136;4.9311;2.5660;0.1663
20240415;3.9797;2.5760;2.8952;4.2360;1.0817;4.3623;4.9567;2.6028;0.1668
20240416;3.9985;2.5849;2.9103;4.2532;1.0787;4.3728;4.9862;2.5902;0.1678
20240417;4.0609;2.5987;2.9337;4.3167;1.0923;4.4468;5.0564;2.6272;0.1709
20240418;4.0323;2.5936;2.9248;4.2919;1.0931;4.4221;5.0245;2.6073;0.1702
20240419;4.0243;2.5881;2.9237;4.2863;1.0883;4.4168;5.0100;2.6044;0.1697
20240422;4.0052;2.5713;2.9129;4.2719;1.0830;4.4093;4.9894;2.5910;0.1690
20240423;4.0211;2.5866;2.9283;4.2758;1.0838;4.4105;4.9503;2.5987;0.1690
20240424;3.9877;2.5849;2.9182;4.2675;1.0841;4.3848;4.9599;2.5788;0.1689
20240425;4.0048;2.6017;2.9220;4.2823;1.0883;4.3852;4.9827;2.5838;0.1696
20240426;4.0044;2.6002;2.9180;4.2850;1.0892;4.3754;4.9950;2.5726;0.1703
20240429;3.9968;2.6159;2.9254;4.2794;1.0887;4.3754;4.9969;2.5467;0.1702
20240430;4.0037;2.6229;2.9291;4.2839;1.0930;4.3859;5.0134;2.5554;0.1702
20240502;3.9983;2.5960;2.9081;4.2806;1.0954;4.3691;5.0068;2.5413;0.1702
20240506;4.0102;2.6175;2.9240;4.2861;1.1007;4.3926;5.0098;2.5973;0.1716
20240507;3.9582;2.6245;2.8991;4.2696;1.0977;4.3743;4.9808;2.5738;0.1708
20240508;3.9577;2.6184;2.8915;4.2668;1.0972;4.3648;4.9701;2.5633;0.1707
20240509;3.9643;2.6032;2.8854;4.2619;1.0956;4.3643;4.9462;2.5471;0.1704
20240510;3.9460;2.6050;2.8808;4.2473;1.0936;4.3493;4.9319;2.5352;0.1703
20240513;3.9378;2.6063;2.8876;4.2479;1.0972;4.3454;4.9377;2.5298;0.1705
20240514;3.9286;2.6013;2.8752;4.2444;1.0969;4.3379;4.9359;2.5208;0.1712
20240515;3.9084;2.5896;2.8664;4.2285;1.0948;4.3141;4.9180;2.4996;0.1706
20240516;3.9003;2.5882;2.8568;4.2260;1.0950;4.3068;4.9220;2.5043;0.1709
20240517;3.8901;2.5909;2.8520;4.2231;1.0921;4.2955;4.9204;2.5021;0.1709
20240520;3.8863;2.5939;2.8526;4.2186;1.0898;4.2770;4.9259;2.4953;0.1706
20240521;3.8734;2.5864;2.8460;4.2084;1.0920;4.2625;4.9210;2.4815;0.1701
20240522;3.8818;2.5897;2.8413;4.2118;1.0929;4.2631;4.9342;2.4876;0.1706
20240523;3.8990;2.5940;2.8525;4.2249;1.0908;4.2691;4.9678;2.4924;0.1709
20240524;3.8963;2.5827;2.8473;4.2213;1.0904;4.2607;4.9534;2.4802;0.1707
20240527;3.8888;2.5719;2.8395;4.2166;1.0961;4.2496;4.9473;2.4759;0.1707
20240528;3.8850;2.5860;2.8489;4.2169;1.0959;4.2512;4.9608;2.4772;0.1706
20240529;3.8727;2.5804;2.8392;4.2077;1.0947;4.2525;4.9508;2.4699;0.1707
20240531;3.8984;2.5840;2.8478;4.2255;1.0908;4.2731;4.9645;2.4778;0.1710
20240603;3.8837;2.5886;2.8489;4.2208;1.0844;4.3040;4.9546;2.4782;0.1707
20240604;3.9083;2.6046;2.8664;4.2416;1.0832;4.3406;4.9798;2.4948;0.1717
20240605;3.9154;2.5995;2.8622;4.2553;1.0857;4.3921;4.9998;2.5283;0.1721
20240606;3.9065;2.5977;2.8506;4.2530;1.0889;4.3803;4.9974;2.5076;0.1730
20240607;3.9040;2.5958;2.8527;4.2495;1.0888;4.3789;4.9912;2.5002;0.1727
20240610;3.9378;2.5971;2.8684;4.2604;1.0923;4.3923;5.0110;2.5087;0.1732
20240611;3.9920;2.6328;2.8979;4.2874;1.0871;4.4514;5.0736;2.5442;0.1738
20240612;4.0095;2.6433;2.9087;4.2998;1.0899;4.4661;5.0975;2.5515;0.1738
20240613;3.9559;2.6480;2.8905;4.2871;1.0862;4.4396;5.0783;2.5393;0.1738
20240614;3.9868;2.6502;2.9010;4.3008;1.0872;4.4514;5.0933;2.5364;0.1739
20240617;4.0598;2.6790;2.9475;4.3318;1.0876;4.5524;5.1420;2.5815;0.1750
20240618;4.0298;2.6592;2.9320;4.3184;1.0897;4.5150;5.1078;2.5523;0.1748
20240619;3.9963;2.6555;2.9135;4.2957;1.0879;4.5254;5.0816;2.5328;0.1732
20240620;3.9889;2.6610;2.9109;4.2855;1.0804;4.5132;5.0737;2.5263;0.1720
20240621;3.9921;2.6617;2.9151;4.2815;1.0794;4.4736;5.0608;2.5154;0.1720
20240624;4.0094;2.6645;2.9261;4.2830;1.0795;4.4860;5.0641;2.5193;0.1717
20240625;3.9580;2.6355;2.8968;4.2519;1.0781;4.4334;5.0214;2.4822;0.1709
20240626;3.9804;2.6434;2.9140;4.2598;1.0753;4.4518;5.0486;2.4933;0.1716
20240627;4.0004;2.6605;2.9218;4.2705;1.0773;4.4602;5.0556;2.4922;0.1715
20240628;3.9852;2.6544;2.9125;4.2725;1.0767;4.4434;5.0464;2.4826;0.1714
20240701;3.9904;2.6611;2.9128;4.2689;1.0803;4.4385;5.0412;2.4865;0.1704
20240702;3.9615;2.6445;2.8920;4.2610;1.0805;4.3948;5.0253;2.4559;0.1699
20240703;3.9792;2.6528;2.9053;4.2744;1.0821;4.4018;5.0444;2.4656;0.1699
20240704;3.9454;2.6419;2.8905;4.2567;1.0784;4.3746;5.0268;2.4402;0.1693
20240705;3.9269;2.6411;2.8848;4.2411;1.0797;4.3625;5.0086;2.4364;0.1687
20240708;3.9232;2.6404;2.8758;4.2446;1.0805;4.3667;5.0212;2.4328;0.1686
20240709;3.8936;2.6270;2.8568;4.2211;1.0724;4.3462;4.9995;2.4234;0.1678
20240710;3.8956;2.6261;2.8562;4.2157;1.0694;4.3410;4.9926;2.4193;0.1670
20240711;3.8870;2.6209;2.8530;4.2067;1.0731;4.3218;4.9863;2.4053;0.1655
20240712;3.8699;2.6251;2.8464;4.2131;1.0724;4.3370;5.0029;2.4399;0.1660
20240715;3.8674;2.6209;2.8365;4.2143;1.0748;4.3213;5.0192;2.4429;0.1663
20240716;3.8558;2.6133;2.8251;4.2090;1.0758;4.3120;5.0101;2.4414;0.1655
20240717;3.8945;2.6187;2.8459;4.2388;1.0797;4.3468;5.0449;2.4550;0.1672
20240718;3.8874;2.6202;2.8450;4.2524;1.0880;4.3964;5.0660;2.4875;0.1681
20240719;3.8934;2.6212;2.8449;4.2481;1.0885;4.4033;5.0519;2.4863;0.1682
20240722;3.8986;2.6089;2.8407;4.2424;1.0858;4.3829;5.0373;2.4752;0.1681
20240723;3.8957;2.5855;2.8297;4.2390;1.0882;4.3818;5.0327;2.4835;0.1678
20240724;3.9089;2.5857;2.8393;4.2408;1.0832;4.3848;5.0470;2.5044;0.1670
20240725;3.9163;2.5837;2.8386;4.2508;1.0805;4.4291;5.0611;2.5521;0.1673
20240726;3.9184;2.5640;2.8368;4.2472;1.0816;4.4495;5.0453;2.5501;0.1673
20240729;3.8903;2.5528;2.8159;4.2268;1.0833;4.4078;5.0057;2.5285;0.1667
20240730;3.9310;2.5691;2.8393;4.2500;1.0836;4.4370;5.0475;2.5495;0.1675
20240731;3.9263;2.5664;2.8345;4.2443;1.0756;4.4350;5.0429;2.5431;0.1670
20240801;3.9162;2.5581;2.8357;4.2466;1.0725;4.4619;5.0294;2.6139;0.1668
20240802;3.9289;2.5739;2.8466;4.2448;1.0737;4.4879;5.0365;2.6094;0.1675
20240805;3.8888;2.5418;2.8075;4.2410;1.0696;4.5071;4.9897;2.6438;0.1679
20240806;3.8840;2.5227;2.8094;4.2644;1.0711;4.5792;4.9630;2.7202;0.1688
20240807;3.9071;2.5405;2.8289;4.2660;1.0726;4.5854;4.9614;2.7058;0.1688
20240808;3.9154;2.5697;2.8494;4.2750;1.0735;4.5298;4.9788;2.6595;0.1692
20240809;3.9309;2.5765;2.8589;4.2819;1.0801;4.5478;4.9936;2.6716;0.1695
20240812;3.9197;2.5763;2.8532;4.2812;1.0834;4.5339;4.9958;2.6733;0.1696
20240813;3.8987;2.5708;2.8380;4.2596;1.0831;4.4888;4.9770;2.6383;0.1694
20240814;3.8755;2.5628;2.8230;4.2473;1.0804;4.4767;4.9679;2.6350;0.1686
20240816;3.8462;2.5445;2.8064;4.2453;1.0793;4.4502;4.9431;2.6170;0.1689
20240819;3.8395;2.5472;2.7999;4.2244;1.0695;4.4260;4.9548;2.5983;0.1675
20240820;3.8248;2.5628;2.7995;4.2242;1.0728;4.4226;4.9577;2.6125;0.1677
20240821;3.8051;2.5647;2.7913;4.2242;1.0736;4.4342;4.9565;2.6041;0.1679
20240822;3.8187;2.5741;2.8081;4.2441;1.0826;4.4729;4.9829;2.6200;0.1694
20240823;3.8143;2.5621;2.8047;4.2413;1.0768;4.4760;4.9985;2.6076;0.1691
20240826;3.8114;2.5658;2.8079;4.2364;1.0758;4.4676;5.0020;2.6062;0.1690
20240827;3.7979;2.5741;2.8166;4.2383;1.0740;4.4781;5.0083;2.6299;0.1693
20240828;3.7982;2.5732;2.8212;4.2421;1.0790;4.5030;5.0252;2.6316;0.1697
20240829;3.8326;2.5972;2.8448;4.2582;1.0813;4.5375;5.0566;2.6458;0.1699
20240830;3.8331;2.6043;2.8428;4.2482;1.0822;4.5273;5.0444;2.6370;0.1696
20240902;3.8257;2.5939;2.8369;4.2359;1.0790;4.5015;5.0281;2.6275;0.1692
20240903;3.8236;2.5919;2.8320;4.2318;1.0780;4.4864;5.0243;2.6015;0.1690
20240904;3.8271;2.5772;2.8264;4.2335;1.0756;4.5109;5.0241;2.6316;0.1688
20240905;3.8286;2.5778;2.8310;4.2333;1.0769;4.5006;5.0286;2.6438;0.1689
20240906;3.8134;2.5697;2.8237;4.2349;1.0785;4.5102;5.0237;2.6633;0.1691
20240909;3.8236;2.5689;2.8293;4.2379;1.0734;4.5231;5.0352;2.6640;0.1692
20240910;3.8323;2.5528;2.8240;4.2337;1.0694;4.5187;5.0183;2.6839;0.1691
20240911;3.8487;2.5592;2.8314;4.2411;1.0695;4.5386;5.0246;2.6912;0.1691
20240912;3.8541;2.5584;2.8320;4.2447;1.0713;4.5393;5.0237;2.7178;0.1691
20240913;3.8466;2.5681;2.8286;4.2448;1.0732;4.5069;5.0214;2.7079;0.1690
20240916;3.8212;2.5674;2.8158;4.2395;1.0729;4.5185;5.0245;2.7212;0.1685
20240917;3.7994;2.5620;2.7961;4.2286;1.0735;4.4996;5.0170;2.7050;0.1681
20240918;3.8024;2.5673;2.7954;4.2258;1.0707;4.4884;5.0152;2.6857;0.1682
20240919;3.8001;2.5761;2.7964;4.2317;1.0726;4.5020;5.0302;2.6806;0.1688
20240920;3.8044;2.5858;2.8004;4.2314;1.0731;4.4789;5.0346;2.6541;0.1686
20240923;3.7964;2.5784;2.7972;4.2346;1.0758;4.4688;5.0428;2.6348;0.1690
20240924;3.8015;2.6000;2.8120;4.2305;1.0716;4.4717;5.0686;2.6386;0.1685
20240925;3.7882;2.6025;2.8072;4.2196;1.0678;4.4678;5.0679;2.6286;0.1679
20240926;3.7716;2.5914;2.8062;4.2223;1.0698;4.4484;5.0522;2.6182;0.1680
20240927;3.7947;2.6085;2.8158;4.2275;1.0672;4.4686;5.0717;2.6245;0.1680
20240930;3.7821;2.6185;2.8046;4.2303;1.0660;4.4950;5.0698;2.6526;0.1682
20241001;3.7914;2.6285;2.8075;4.2344;1.0666;4.4901;5.0745;2.6488;0.1680
20241002;3.8350;2.6428;2.8389;4.2461;1.0670;4.5379;5.1026;2.6716;0.1679
20241003;3.8503;2.6509;2.8561;4.2551;1.0621;4.5327;5.1073;2.6418;0.1677
20241004;3.8628;2.6456;2.8523;4.2635;1.0637;4.5384;5.0663;2.6345;0.1683
20241007;3.8938;2.6464;2.8664;4.2728;1.0644;4.5352;5.1004;2.6238;0.1686
20241008;3.8973;2.6427;2.8653;4.2791;1.0642;4.5656;5.0944;2.6346;0.1689
20241009;3.8853;2.6150;2.8457;4.2652;1.0678;4.5346;5.0913;2.6205;0.1684
20241010;3.8826;2.6099;2.8388;4.2524;1.0668;4.5224;5.0757;2.6033;0.1677
20241011;3.8954;2.6184;2.8315;4.2606;1.0638;4.5409;5.0869;2.6220;0.1682
20241014;3.8857;2.6196;2.8252;4.2505;1.0587;4.5299;5.0794;2.6055;0.1681
20241015;3.8903;2.6193;2.8225;4.2484;1.0599;4.5086;5.0772;2.5976;0.1683
20241016;3.8955;2.6179;2.8200;4.2502;1.0619;4.5231;5.0995;2.6113;0.1684
20241017;3.9080;2.6085;2.8378;4.2560;1.0605;4.5313;5.0900;2.6174;0.1682
20241018;3.9446;2.6392;2.8635;4.2733;1.0682;4.5628;5.1270;2.6335;0.1692
20241021;3.9262;2.6345;2.8453;4.2625;1.0657;4.5358;5.1235;2.6217;0.1690
20241022;3.9417;2.6373;2.8513;4.2757;1.0642;4.5612;5.1332;2.6255;0.1691
20241023;3.9564;2.6447;2.8623;4.2759;1.0677;4.5699;5.1279;2.6216;0.1694
20241024;3.9914;2.6495;2.8837;4.3008;1.0680;4.6002;5.1701;2.6076;0.1703
20241025;3.9828;2.6467;2.8804;4.3015;1.0668;4.5974;5.1683;2.6169;0.1705
20241028;3.9722;2.6362;2.8662;4.3036;1.0655;4.5857;5.1596;2.6130;0.1703
20241029;3.9770;2.6265;2.8628;4.3049;1.0642;4.5981;5.1683;2.6002;0.1697
20241030;3.9808;2.6117;2.8640;4.2995;1.0617;4.5859;5.1735;2.5953;0.1696
20241031;3.9694;2.6116;2.8508;4.3066;1.0565;4.5812;5.1585;2.5899;0.1698
20241104;3.9625;2.5941;2.8488;4.3054;1.0553;4.5834;5.1082;2.5967;0.1701
20241105;3.9463;2.6058;2.8415;4.3014;1.0547;4.5747;5.1219;2.5992;0.1699
20241106;3.9564;2.6248;2.8541;4.3147;1.0553;4.5838;5.1464;2.6058;0.1704
20241107;4.0225;2.6358;2.8851;4.3105;1.0503;4.5946;5.1722;2.6072;0.1700
20241108;3.9513;2.6380;2.8510;4.2712;1.0571;4.5284;5.1330;2.5787;0.1691
20241112;3.9835;2.6324;2.8657;4.2826;1.0539;4.5577;5.1532;2.6082;0.1699
20241113;4.0568;2.6533;2.9102;4.3073;1.0505;4.6015;5.1886;2.6272;0.1696
20241114;4.0629;2.6406;2.9051;4.3008;1.0514;4.5976;5.1639;2.6239;0.1699
20241115;4.0629;2.6294;2.8966;4.2873;1.0548;4.5753;5.1558;2.6076;0.1696
20241118;4.0624;2.6191;2.8842;4.2785;1.0481;4.5688;5.1331;2.6114;0.1693
20241119;4.0455;2.6181;2.8743;4.2755;1.0499;4.5667;5.1100;2.6133;0.1691
20241120;4.0571;2.6396;2.8980;4.2894;1.0518;4.5988;5.1274;2.6335;0.1696
20241121;4.0845;2.6495;2.9165;4.2992;1.0488;4.6143;5.1641;2.6250;0.1698
20241122;4.0777;2.6619;2.9237;4.2961;1.0473;4.6158;5.1533;2.6463;0.1696
20241125;4.1288;2.6831;2.9530;4.2958;1.0433;4.6134;5.1691;2.6657;0.1694
20241126;4.0733;2.6524;2.9149;4.2804;1.0439;4.5979;5.1268;2.6493;0.1691
20241127;4.0653;2.6295;2.8863;4.2698;1.0384;4.5835;5.1114;2.6479;0.1688
20241128;4.0412;2.6243;2.8777;4.2655;1.0326;4.5789;5.1124;2.6689;0.1686
20241129;4.0405;2.6267;2.8842;4.2625;1.0332;4.5753;5.1221;2.6667;0.1688
20241202;4.0289;2.6247;2.8731;4.2517;1.0289;4.5689;5.1120;2.6865;0.1684
20241203;4.0527;2.6151;2.8808;4.2454;1.0235;4.5670;5.1221;2.7021;0.1681
20241204;4.0433;2.6211;2.8797;4.2535;1.0257;4.5727;5.1208;2.7167;0.1688
20241205;4.0412;2.5913;2.8722;4.2413;1.0242;4.5581;5.1217;2.6789;0.1684
20241206;3.9915;2.5725;2.8459;4.2212;1.0242;4.5328;5.0931;2.6522;0.1680
20241209;3.9926;2.5606;2.8257;4.2237;1.0200;4.5551;5.0946;2.6676;0.1682
20241210;3.9848;2.5742;2.8248;4.2154;1.0232;4.5364;5.0917;2.6401;0.1681
20241211;4.0125;2.5615;2.8295;4.2210;1.0270;4.5534;5.1133;2.6428;0.1682
20241212;4.0227;2.5597;2.8478;4.2240;1.0300;4.5535;5.1313;2.6441;0.1683
20241213;4.0148;2.5687;2.8348;4.2234;1.0326;4.5250;5.1122;2.6375;0.1685
20241216;4.0278;2.5639;2.8301;4.2254;1.0327;4.5076;5.0900;2.6223;0.1687
20241217;4.0250;2.5571;2.8251;4.2195;1.0314;4.5005;5.0914;2.6086;0.1686
20241218;4.0181;2.5488;2.8106;4.2211;1.0303;4.4877;5.1001;2.6167;0.1683
20241219;4.0228;2.5445;2.8111;4.2225;1.0242;4.5040;5.1090;2.6160;0.1681
20241220;4.0491;2.5355;2.8210;4.2097;1.0149;4.5098;5.0936;2.5764;0.1674
20241223;4.0644;2.5348;2.8276;4.2243;1.0211;4.5435;5.1000;2.5951;0.1682
20241224;4.0665;2.5326;2.8201;4.2261;1.0235;4.5255;5.0933;2.5872;0.1679
20241227;4.0716;2.5391;2.8285;4.2312;1.0260;4.5197;5.1034;2.5930;0.1682
20241230;4.0588;2.5208;2.8172;4.2320;1.0291;4.5037;5.1022;2.5709;0.1678
20241231;4.0643;2.5285;2.8204;4.2292;1.0273;4.4939;5.1028;2.5869;0.1679
20250102;4.0602;2.5249;2.8258;4.2303;1.0317;4.4917;5.0973;2.5917;0.1682
20250103;4.1055;2.5505;2.8454;4.2304;1.0227;4.5143;5.0895;2.6138;0.1680
20250107;4.1028;2.5512;2.8459;4.2262;1.0164;4.5159;5.0922;2.6111;0.1681
20250108;4.0564;2.5423;2.8311;4.2160;1.0145;4.4706;5.0823;2.5708;0.1677
20250109;4.1129;2.5493;2.8554;4.2327;1.0206;4.5147;5.0704;2.5974;0.1683
20250110;4.0967;2.5396;2.8451;4.2226;1.0211;4.4946;5.0446;2.5957;0.1683
20250113;4.1204;2.5398;2.8626;4.2244;1.0216;4.4970;5.0440;2.6079;0.1684
20250114;4.1422;2.5502;2.8759;4.2285;1.0232;4.5120;5.0331;2.6325;0.1678
20250115;4.1167;2.5436;2.8609;4.2270;1.0253;4.4964;5.0044;2.6086;0.1672
20250116;4.0841;2.5473;2.8502;4.2177;1.0254;4.4852;5.0097;2.6131;0.1670
20250117;4.1124;2.5523;2.8587;4.2273;1.0233;4.5038;5.0163;2.6340;0.1673
20250120;4.0914;2.5393;2.8385;4.2139;1.0211;4.4817;4.9896;2.6221;0.1670
20250121;4.0422;2.5368;2.8277;4.2099;1.0233;4.4539;4.9745;2.5987;0.1671
20250122;4.0502;2.5295;2.8094;4.2067;1.0221;4.4591;4.9737;2.6031;0.1672
20250123;4.0156;2.5198;2.7933;4.1863;1.0195;4.4284;4.9543;2.5717;0.1664
20250124;4.0073;2.5152;2.7870;4.1715;1.0168;4.4135;4.9407;2.5649;0.1660
20250127;3.9771;2.5095;2.7741;4.1726;1.0212;4.3907;4.9473;2.5442;0.1663
20250128;3.9742;2.4981;2.7637;4.1762;1.0210;4.4120;4.9678;2.5743;0.1664
20250129;3.9894;2.4914;2.7737;4.1616;1.0202;4.4104;4.9584;2.5690;0.1658
20250130;4.0121;2.4955;2.7782;4.1729;1.0225;4.4231;4.9779;2.5851;0.1660
20250131;3.9887;2.4846;2.7671;4.1598;1.0237;4.3982;4.9714;2.5892;0.1656
20250203;4.0217;2.5006;2.7703;4.1703;1.0227;4.4198;4.9850;2.6011;0.1656
20250204;4.0850;2.5125;2.7833;4.1874;1.0239;4.4639;5.0472;2.6432;0.1658
20250205;4.0290;2.5101;2.8036;4.1740;1.0253;4.4407;5.0150;2.5987;0.1659
20250206;3.9945;2.5091;2.7953;4.1636;1.0256;4.4290;4.9999;2.6140;0.1656
20250207;4.0123;2.5124;2.7968;4.1575;1.0252;4.4300;4.9722;2.6376;0.1656
20250210;3.9948;2.5142;2.7953;4.1489;1.0246;4.4013;4.9780;2.6361;0.1653
20250211;4.0159;2.5224;2.8014;4.1411;1.0246;4.4119;4.9716;2.6483;0.1650
20250212;3.9987;2.5134;2.7927;4.1321;1.0249;4.3770;4.9617;2.6255;0.1645
20250213;3.9918;2.4979;2.7878;4.1317;1.0249;4.3650;4.9511;2.5850;0.1649
20250214;3.9723;2.4907;2.7844;4.1310;1.0278;4.3770;4.9582;2.5875;0.1649
20250217;3.9198;2.4951;2.7694;4.1191;1.0254;4.3658;4.9490;2.5745;0.1645
20250218;3.9286;2.5013;2.7696;4.1166;1.0253;4.3606;4.9484;2.5936;0.1642
20250219;3.9387;2.5004;2.7746;4.1169;1.0265;4.3688;4.9647;2.5946;0.1641
20250220;3.9627;2.5157;2.7895;4.1348;1.0282;4.3890;4.9905;2.6185;0.1646
20250221;3.9480;2.5201;2.7808;4.1247;1.0252;4.3797;4.9804;2.6354;0.1645
20250224;3.9311;2.5104;2.7720;4.1202;1.0217;4.3760;4.9746;2.6241;0.1644
20250225;3.9219;2.4894;2.7534;4.1027;1.0216;4.3678;4.9489;2.6266;0.1638
20250226;3.9026;2.4731;2.7356;4.0985;1.0231;4.3671;4.9415;2.6158;0.1644
20250227;3.9065;2.4635;2.7249;4.0980;1.0255;4.3673;4.9484;2.6102;0.1644
20250228;3.9406;2.4644;2.7316;4.1061;1.0260;4.3812;4.9762;2.6317;0.1643
20250303;3.9457;2.4502;2.7318;4.1075;1.0277;4.3722;4.9728;2.6185;0.1640
20250304;3.9322;2.4551;2.7291;4.1221;1.0303;4.3766;4.9916;2.6108;0.1643
20250305;3.9175;2.4310;2.7045;4.1219;1.0322;4.4023;4.9790;2.6392;0.1642
20250306;3.8219;2.4145;2.6603;4.1160;1.0334;4.3064;4.9176;2.5751;0.1648
20250307;3.8125;2.4167;2.6581;4.1318;1.0338;4.3181;4.9190;2.5836;0.1651
20250310;3.8064;2.4002;2.6526;4.1314;1.0363;4.3292;4.9177;2.5802;0.1655
20250311;3.8308;2.4167;2.6573;4.1547;1.0386;4.3640;4.9490;2.6101;0.1663
20250312;3.8068;2.3867;2.6226;4.1569;1.0359;4.3297;4.9226;2.5835;0.1663
20250313;3.8085;2.3973;2.6440;4.1564;1.0405;4.3148;4.9311;2.5679;0.1659
20250314;3.8135;2.4006;2.6509;4.1433;1.0383;4.3137;4.9411;2.5788;0.1654
20250317;3.7993;2.4017;2.6404;4.1328;1.0353;4.2905;4.9112;2.5591;0.1652
20250318;3.7963;2.4152;2.6520;4.1438;1.0407;4.3093;4.9281;2.5545;0.1654
20250319;3.7903;2.4065;2.6489;4.1375;1.0415;4.3132;4.9156;2.5322;0.1652
20250320;3.8065;2.4096;2.6574;4.1431;1.0391;4.3228;4.9357;2.5393;0.1657
20250321;3.8388;2.4147;2.6745;4.1572;1.0411;4.3442;4.9769;2.5814;0.1662
20250324;3.8385;2.4092;2.6764;4.1544;1.0416;4.3513;4.9647;2.5780;0.1663
20250325;3.8265;2.4062;2.6746;4.1325;1.0370;4.3312;4.9466;2.5430;0.1656
20250326;3.8104;2.4056;2.6644;4.1198;1.0324;4.3241;4.9333;2.5447;0.1655
20250327;3.8391;2.4231;2.6937;4.1426;1.0343;4.3453;4.9511;2.5498;0.1665
20250328;3.8446;2.4239;2.6866;4.1481;1.0302;4.3540;4.9773;2.5459;0.1661
20250331;3.8220;2.4053;2.6684;4.1365;1.0269;4.3373;4.9486;2.5463;0.1658
20250401;3.8317;2.3870;2.6650;4.1413;1.0295;4.3423;4.9543;2.5600;0.1658
20250402;3.8398;2.4006;2.6667;4.1422;1.0288;4.3464;4.9473;2.5684;0.1660
20250403;3.8170;2.4056;2.6643;4.1328;1.0334;4.3241;4.9390;2.5532;0.1655
20250404;3.7713;2.4021;2.6833;4.1786;1.0385;4.3985;4.9571;2.5883;0.1669
20250407;3.8263;2.3281;2.6901;4.2110;1.0383;4.4867;4.9657;2.6257;0.1673
20250408;3.8780;2.3492;2.7257;4.2431;1.0390;4.5191;4.9645;2.6371;0.1685
20250409;3.8744;2.3522;2.7355;4.2368;1.0412;4.5301;4.9548;2.6293;0.1682
20250410;3.8407;2.3253;2.7156;4.2419;1.0374;4.5774;4.9072;2.6501;0.1685
20250411;3.7957;2.3482;2.7040;4.2234;1.0361;4.5348;4.9053;2.6210;0.1680
20250414;3.7420;2.3341;2.6975;4.2511;1.0379;4.5918;4.8984;2.6155;0.1694
20250415;3.7393;2.3529;2.6922;4.2357;1.0340;4.5363;4.9198;2.6033;0.1689
20250416;3.7490;2.3910;2.7017;4.2431;1.0394;4.5825;4.9590;2.6209;0.1693
20250417;3.7322;2.3793;2.6880;4.2429;1.0409;4.5855;4.9506;2.6218;0.1696
20250418;3.7300;2.3828;2.6926;4.2381;1.0389;4.5625;4.9450;2.6247;0.1693
20250422;3.7284;2.3746;2.6897;4.2395;1.0375;4.5522;4.9483;2.6187;0.1692
20250423;3.6992;2.3624;2.6736;4.2445;1.0387;4.5479;4.9470;2.6278;0.1692
20250424;3.7439;2.4007;2.7035;4.2433;1.0385;4.5258;4.9741;2.6239;0.1698
20250425;3.7175;2.3741;2.6826;4.2291;1.0386;4.4993;4.9492;2.6087;0.1694
20250428;3.7206;2.3760;2.6858;4.2244;1.0399;4.4824;4.9510;2.5880;0.1694
20250429;3.7275;2.3888;2.6918;4.2363;1.0470;4.4991;4.9825;2.6051;0.1697
20250430;3.7092;2.3713;2.6800;4.2293;1.0460;4.5072;4.9730;2.6086;0.1697
20250502;3.7270;2.3701;2.6934;4.2374;1.0482;4.5320;4.9653;2.6134;0.1698
20250505;3.7216;2.4030;2.6982;4.2324;1.0469;4.5173;4.9569;2.5865;0.1698
20250506;3.7192;2.4105;2.6934;4.2230;1.0466;4.5236;4.9543;2.5886;0.1694
20250507;3.7293;2.4147;2.7057;4.2341;1.0459;4.5321;4.9919;2.6178;0.1698
20250508;3.7210;2.4090;2.7005;4.2295;1.0471;4.5317;4.9730;2.5982;0.1699
20250509;3.7266;2.3947;2.6869;4.2134;1.0398;4.5148;4.9701;2.5783;0.1692
20250512;3.7275;2.3944;2.6770;4.1966;1.0370;4.4917;4.9527;2.5680;0.1681
20250513;3.7813;2.4153;2.7033;4.2042;1.0385;4.4891;4.9911;2.5533;0.1682
20250514;3.7728;2.4229;2.6926;4.2012;1.0380;4.4805;4.9898;2.5512;0.1683
20250515;3.7372;2.4140;2.6780;4.1931;1.0384;4.4594;4.9767;2.5596;0.1682
20250516;3.7527;2.4037;2.6822;4.2033;1.0429;4.4912;4.9894;2.5739;0.1685
20250519;3.7684;2.4183;2.7009;4.2211;1.0475;4.5041;5.0105;2.5896;0.1694
20250520;3.7472;2.4151;2.6871;4.2162;1.0492;4.4949;5.0089;2.5845;0.1693
20250521;3.7374;2.3921;2.6845;4.2029;1.0441;4.4824;4.9922;2.5800;0.1688
20250522;3.7024;2.3868;2.6697;4.1974;1.0432;4.4868;4.9739;2.5761;0.1687
20250523;3.7292;2.3914;2.6860;4.2077;1.0424;4.5019;5.0026;2.5918;0.1688
20250526;3.7255;2.4033;2.7029;4.2154;1.0441;4.5235;5.0223;2.6087;0.1695
20250527;3.6886;2.3993;2.6860;4.1984;1.0401;4.4929;5.0046;2.5824;0.1688
20250528;3.6999;2.3851;2.6884;4.2027;1.0417;4.4824;5.0110;2.5667;0.1688
20250529;3.7148;2.3826;2.6863;4.2014;1.0420;4.4879;5.0034;2.5640;0.1685
20250530;3.6959;2.3788;2.6748;4.1955;1.0374;4.4848;4.9866;2.5600;0.1682
20250602;3.7187;2.3840;2.6956;4.2089;1.0425;4.5140;5.0026;2.5824;0.1687
20250603;3.6919;2.3916;2.6942;4.2162;1.0454;4.5132;4.9955;2.5836;0.1693
20250604;3.7178;2.3996;2.7081;4.2340;1.0482;4.5161;5.0241;2.5899;0.1701
20250605;3.7162;2.4115;2.7120;4.2376;1.0500;4.5244;5.0316;2.5868;0.1707
20250606;3.6916;2.4092;2.7058;4.2384;1.0502;4.5157;5.0218;2.5811;0.1708
20250609;3.7274;2.4190;2.7236;4.2455;1.0527;4.5232;5.0395;2.5721;0.1714
20250610;3.7053;2.4116;2.7038;4.2245;1.0513;4.5100;5.0151;2.5610;0.1704
20250611;3.6816;2.4047;2.6930;4.2128;1.0508;4.4856;4.9824;2.5473;0.1701
20250612;3.6719;2.3933;2.6871;4.2114;1.0523;4.4752;4.9639;2.5310;0.1701
20250613;3.6468;2.3772;2.6775;4.2248;1.0538;4.4881;4.9581;2.5419;0.1705
20250616;3.6685;2.3786;2.6939;4.2276;1.0487;4.5130;4.9678;2.5458;0.1703
20250617;3.6434;2.3837;2.6887;4.2267;1.0541;4.4994;4.9592;2.5333;0.1705
20250618;3.6585;2.3908;2.6940;4.2289;1.0489;4.4926;4.9553;2.5251;0.1704
20250620;3.6840;2.3944;2.6962;4.2325;1.0485;4.5066;4.9518;2.5431;0.1706
20250623;3.6661;2.3733;2.6701;4.2229;1.0494;4.4858;4.9451;2.5155;0.1702
20250624;3.6859;2.3603;2.6781;4.2349;1.0475;4.5095;4.9485;2.5020;0.1704
20250625;3.6344;2.3588;2.6494;4.2127;1.0496;4.4963;4.9422;2.5054;0.1700
20250626;3.6260;2.3518;2.6396;4.2065;1.0489;4.4939;4.9344;2.4858;0.1700
20250627;3.5847;2.3482;2.6283;4.2004;1.0516;4.4847;4.9256;2.4854;0.1697
20250630;3.5799;2.3368;2.6234;4.1988;1.0525;4.4811;4.9123;2.4736;0.1697
20250701;3.5815;2.3437;2.6198;4.1979;1.0511;4.4919;4.9018;2.4808;0.1697
20250702;3.5602;2.3405;2.6114;4.2028;1.0522;4.5093;4.8896;2.4877;0.1702
20250703;3.5901;2.3514;2.6308;4.2221;1.0534;4.5267;4.8779;2.4932;0.1712
20250704;3.5691;2.3446;2.6283;4.2020;1.0523;4.4912;4.8750;2.4653;0.1706
20250707;3.5668;2.3369;2.6221;4.2017;1.0539;4.4971;4.8684;2.4691;0.1706
20250708;3.5865;2.3362;2.6294;4.2089;1.0533;4.4995;4.8878;2.4609;0.1709
20250709;3.5897;2.3420;2.6254;4.2015;1.0522;4.4957;4.8645;2.4456;0.1704
20250710;3.5894;2.3472;2.6231;4.2009;1.0501;4.5134;4.8765;2.4508;0.1704
20250711;3.6007;2.3570;2.6292;4.2104;1.0552;4.5159;4.8799;2.4565;0.1709
20250714;3.6063;2.3710;2.6328;4.2154;1.0537;4.5291;4.8671;2.4486;0.1708
20250715;3.6091;2.3684;2.6363;4.2165;1.0541;4.5331;4.8661;2.4494;0.1710
20250716;3.6208;2.3691;2.6433;4.2157;1.0530;4.5303;4.8535;2.4369;0.1709
20250717;3.6444;2.3692;2.6515;4.2177;1.0557;4.5267;4.8754;2.4491;0.1713
20250718;3.6365;2.3542;2.6449;4.2132;1.0557;4.5178;4.8725;2.4472;0.1710
20250721;3.6065;2.3576;2.6319;4.2075;1.0540;4.5120;4.8568;2.4321;0.1708
20250722;3.6018;2.3473;2.6263;4.2014;1.0533;4.5055;4.8509;2.4413;0.1707
20250723;3.5971;2.3491;2.6319;4.2102;1.0552;4.5166;4.8510;2.4541;0.1711
20250724;3.5920;2.3657;2.6383;4.2122;1.0555;4.5238;4.8658;2.4512;0.1713
20250725;3.5806;2.3657;2.6289;4.2149;1.0601;4.5075;4.8526;2.4433;0.1716
20250728;3.5907;2.3554;2.6207;4.2094;1.0614;4.5064;4.8251;2.4318;0.1715
20250729;3.6265;2.3633;2.6435;4.2187;1.0599;4.5193;4.8650;2.4453;0.1714
20250730;3.6708;2.3891;2.6676;4.2381;1.0602;4.5566;4.8919;2.4706;0.1721
20250731;3.6926;2.3834;2.6753;4.2350;1.0606;4.5475;4.9045;2.4773;0.1721
20250801;3.7103;2.3873;2.6789;4.2340;1.0587;4.5574;4.8937;2.4643;0.1723
20250804;3.6586;2.3657;2.6551;4.2303;1.0612;4.5463;4.8554;2.4691;0.1723
20250805;3.6534;2.3682;2.6550;4.2292;1.0618;4.5246;4.8597;2.4839;0.1721
20250806;3.6688;2.3718;2.6614;4.2323;1.0629;4.5304;4.8701;2.4830;0.1721
20250807;3.6392;2.3655;2.6468;4.2342;1.0640;4.5141;4.8494;2.4714;0.1724
20250808;3.6202;2.3593;2.6333;4.2148;1.0619;4.4834;4.8594;2.4579;0.1723
20250811;3.6127;2.3575;2.6272;4.2084;1.0644;4.4737;4.8512;2.4428;0.1723
20250812;3.6250;2.3604;2.6306;4.2121;1.0646;4.4662;4.8650;2.4512;0.1723
20250813;3.6173;2.3524;2.6241;4.2150;1.0657;4.4696;4.8790;2.4407;0.1723
20250814;3.6002;2.3578;2.6161;4.2138;1.0653;4.4745;4.8867;2.4456;0.1723
20250818;3.6210;2.3506;2.6219;4.2185;1.0666;4.4822;4.9010;2.4563;0.1723
20250819;3.6034;2.3425;2.6096;4.2081;1.0639;4.4643;4.8798;2.4377;0.1719
20250820;3.5995;2.3319;2.6006;4.2030;1.0668;4.4695;4.8635;2.4379;0.1719
20250821;3.6056;2.3178;2.5998;4.2037;1.0656;4.4776;4.8595;2.4502;0.1718
20250822;3.6236;2.3265;2.6074;4.2112;1.0633;4.4874;4.8653;2.4517;0.1716
20250825;3.6396;2.3391;2.6145;4.2220;1.0655;4.5003;4.8854;2.4490;0.1718
20250826;3.6057;2.3429;2.6087;4.2197;1.0622;4.4940;4.8706;2.4476;0.1720
20250827;3.6181;2.3472;2.6128;4.2156;1.0641;4.4979;4.8775;2.4521;0.1718
20250828;3.6470;2.3615;2.6327;4.2296;1.0645;4.5308;4.9042;2.4627;0.1722
20250829;3.6182;2.3603;2.6290;4.2232;1.0637;4.5137;4.8868;2.4601;0.1720
20250901;3.6192;2.3654;2.6297;4.2231;1.0639;4.5175;4.8747;2.4601;0.1727
20250902;3.6011;2.3598;2.6193;4.2162;1.0674;4.4980;4.8748;2.4455;0.1726
20250903;3.6204;2.3566;2.6256;4.2178;1.0660;4.5038;4.8483;2.4391;0.1723
20250904;3.6154;2.3631;2.6193;4.2118;1.0706;4.4935;4.8511;2.4324;0.1722
20250905;3.6105;2.3549;2.6141;4.2064;1.0700;4.4837;4.8534;2.4323;0.1721
20250908;3.5809;2.3593;2.5951;4.2072;1.0722;4.4887;4.8515;2.4351;0.1726
20250909;3.5785;2.3584;2.5906;4.2052;1.0688;4.5094;4.8472;2.4232;0.1726
20250910;3.5843;2.3664;2.5944;4.2087;1.0713;4.5121;4.8582;2.4404;0.1730
20250911;3.5978;2.3842;2.5997;4.2164;1.0731;4.5148;4.8767;2.4416;0.1729
20250912;3.5911;2.3830;2.5936;4.2161;1.0762;4.5104;4.8673;2.4370;0.1731
20250915;3.5963;2.3879;2.5978;4.2125;1.0754;4.5095;4.8714;2.4344;0.1731
20250916;3.5785;2.3822;2.5866;4.2079;1.0794;4.5014;4.8652;2.4286;0.1730
20250917;3.5600;2.3737;2.5900;4.2094;1.0803;4.5119;4.8624;2.4257;0.1732
20250918;3.5540;2.3740;2.5832;4.2115;1.0799;4.5168;4.8559;2.4286;0.1732
20250919;3.5849;2.3734;2.5984;4.2183;1.0834;4.5217;4.8578;2.4211;0.1734
20250922;3.5902;2.3673;2.6002;4.2214;1.0805;4.5165;4.8430;2.4283;0.1738
20250923;3.5780;2.3572;2.5914;4.2137;1.0837;4.5074;4.8328;2.4204;0.1737
20250924;3.5718;2.3593;2.5840;4.2146;1.0820;4.5086;4.8283;2.4187;0.1738
20250925;3.5999;2.3734;2.5944;4.2260;1.0806;4.5312;4.8374;2.4208;0.1740
20250926;3.6134;2.3656;2.5967;4.2226;1.0776;4.5222;4.8314;2.4181;0.1735
20250929;3.6195;2.3679;2.5965;4.2291;1.0798;4.5337;4.8446;2.4173;0.1738
20250930;3.6004;2.3640;2.5841;4.2271;1.0811;4.5142;4.8381;2.4230;0.1738
20251001;3.6013;2.3838;2.5884;4.2245;1.0828;4.5173;4.8413;2.4347;0.1736
20251002;3.5846;2.3718;2.5731;4.2135;1.0836;4.5002;4.8449;2.4431;0.1737
20251003;3.5943;2.3699;2.5760;4.2134;1.0827;4.5047;4.8275;2.4410;0.1736
20251006;3.5876;2.3682;2.5704;4.2113;1.0840;4.5035;4.8303;2.4345;0.1735
20251007;3.6005;2.3822;2.5786;4.2124;1.0840;4.5198;4.8469;2.4014;0.1733
20251008;3.6103;2.3801;2.5885;4.2097;1.0729;4.5226;4.8443;2.3919;0.1729
20251009;3.6234;2.3849;2.5982;4.2149;1.0761;4.5232;4.8643;2.3747;0.1731
20251010;3.6317;2.3915;2.5999;4.2137;1.0772;4.5193;4.8554;2.3757;0.1732
20251013;3.6468;2.3875;2.6065;4.2190;1.0805;4.5281;4.8416;2.3887;0.1734
20251014;3.6435;2.3750;2.5996;4.2174;1.0761;4.5292;4.8579;2.3940;0.1732
20251015;3.6461;2.3553;2.5963;4.2200;1.0749;4.5398;4.8428;2.3988;0.1734
20251016;3.6219;2.3580;2.5789;4.2116;1.0785;4.5319;4.8354;2.3923;0.1735
20251017;3.6097;2.3413;2.5697;4.2080;1.0790;4.5295;4.8440;2.3889;0.1732
20251020;3.6005;2.3320;2.5636;4.2020;1.0778;4.5497;4.8260;2.3946;0.1730
20251021;3.6049;2.3430;2.5680;4.1994;1.0789;4.5485;4.8324;2.3909;0.1729
20251022;3.6150;2.3411;2.5750;4.1979;1.0779;4.5508;4.8358;2.3845;0.1727
20251023;3.6094;2.3435;2.5772;4.1851;1.0764;4.5292;4.8155;2.3750;0.1722
20251024;3.6080;2.3484;2.5800;4.1876;1.0741;4.5284;4.8083;2.3629;0.1721
20251027;3.6115;2.3522;2.5752;4.1991;1.0784;4.5425;4.8174;2.3630;0.1727
20251028;3.6031;2.3597;2.5731;4.1942;1.0784;4.5260;4.8033;2.3549;0.1725
20251029;3.5921;2.3625;2.5736;4.1888;1.0794;4.5265;4.7694;2.3635;0.1722
20251030;3.6033;2.3800;2.5915;4.1980;1.0801;4.5207;4.7662;2.3700;0.1724
20251031;3.6325;2.3788;2.5975;4.2039;1.0817;4.5298;4.7793;2.3541;0.1727
20251103;3.6546;2.3945;2.6089;4.2152;1.0854;4.5474;4.7965;2.3737;0.1732
20251104;3.6601;2.3902;2.6027;4.2129;1.0871;4.5295;4.7994;2.3750;0.1732
20251105;3.6717;2.3841;2.6068;4.2155;1.0853;4.5343;4.7909;2.3922;0.1729
20251106;3.6655;2.3809;2.5956;4.2104;1.0888;4.5217;4.7767;2.3807;0.1729
20251107;3.6556;2.3692;2.5882;4.2114;1.0903;4.5205;4.7827;2.3828;0.1731
20251110;3.6326;2.3553;2.5815;4.2045;1.0912;4.5157;4.7778;2.3694;0.1728
20251112;3.6253;2.3663;2.5857;4.1925;1.0938;4.5029;4.7728;2.3527;0.1727
20251113;3.6207;2.3654;2.5835;4.1912;1.0879;4.5354;4.7428;2.3380;0.1729
20251114;3.6015;2.3581;2.5711;4.1878;1.0895;4.5307;4.7470;2.3324;0.1731
20251117;3.6009;2.3532;2.5677;4.1855;1.0868;4.5485;4.7385;2.3330;0.1730
20251118;3.6098;2.3508;2.5725;4.1824;1.0890;4.5377;4.7527;2.3284;0.1732
20251119;3.6219;2.3536;2.5844;4.2017;1.0931;4.5465;4.7657;2.3333;0.1737
20251120;3.6185;2.3490;2.5832;4.1814;1.0955;4.5026;4.7432;2.3104;0.1732
20251121;3.6319;2.3595;2.5849;4.1892;1.0972;4.5035;4.7615;2.3038;0.1732
20251124;3.6510;2.3497;2.5889;4.2038;1.0946;4.5239;4.7795;2.3300;0.1734
20251125;3.6349;2.3456;2.5772;4.1899;1.0958;4.4996;4.7585;2.3145;0.1733
20251126;3.6228;2.3381;2.5677;4.1904;1.0961;4.4863;4.7743;2.3215;0.1735
20251127;3.6211;2.3524;2.5711;4.1929;1.0972;4.4864;4.7794;2.3122;0.1735
20251128;3.6144;2.3591;2.5749;4.1907;1.0984;4.4856;4.7831;2.3119;0.1733
20251201;3.6180;2.3652;2.5880;4.1914;1.0987;4.4955;4.7871;2.3155;0.1733
20251202;3.6009;2.3620;2.5787;4.1882;1.0999;4.4873;4.7693;2.3227;0.1732
20251203;3.6109;2.3698;2.5822;4.1952;1.1016;4.4896;4.7705;2.3154;0.1736
20251204;3.5900;2.3638;2.5722;4.1870;1.0982;4.4853;4.7797;2.3105;0.1736
20251205;3.5885;2.3724;2.5720;4.1875;1.0964;4.4819;4.7975;2.3186;0.1732
20251208;3.5958;2.3891;2.5920;4.1893;1.0964;4.4741;4.7990;2.3165;0.1730
20251209;3.5986;2.3853;2.6039;4.1890;1.0924;4.4625;4.7960;2.3095;0.1725
20251210;3.5998;2.3925;2.6018;4.1893;1.0917;4.4645;4.7935;2.3014;0.1725
20251211;3.5919;2.3845;2.5913;4.1823;1.0911;4.4727;4.7882;2.2952;0.1725
20251212;3.5641;2.3734;2.5876;4.1833;1.0912;4.4879;4.7821;2.2996;0.1729
20251215;3.5604;2.3735;2.5885;4.1809;1.0874;4.4799;4.7613;2.2837;0.1725
20251216;3.5533;2.3622;2.5829;4.1800;1.0861;4.4741;4.7602;2.2937;0.1720
20251217;3.5392;2.3555;2.5765;4.1760;1.0843;4.4603;4.7573;2.2892;0.1718
20251218;3.5499;2.3519;2.5776;4.1678;1.0743;4.4623;4.7437;2.2829;0.1709
20251219;3.5501;2.3513;2.5774;4.1661;1.0720;4.4687;4.7626;2.2832;0.1709
20251222;3.5532;2.3531;2.5822;4.1666;1.0769;4.4690;4.7510;2.2571;0.1713
20251223;3.5519;2.3624;2.5843;4.1771;1.0751;4.4828;4.7773;2.2621;0.1718
20251229;3.5538;2.3737;2.5910;4.1827;1.0704;4.4953;4.7922;2.2727;0.1722
20251230;3.5540;2.3792;2.5986;4.1879;1.0830;4.5073;4.7988;2.2755;0.1723
20251231;3.5529;2.3806;2.5935;4.1795;1.0832;4.4936;4.7880;2.2731;0.1724
20260102;3.5656;2.3830;2.6025;4.1844;1.0858;4.4936;4.7915;2.2764;0.1729
20260105;3.5541;2.3788;2.5864;4.1686;1.0870;4.4870;4.7858;2.2660;0.1724
20260107;3.5665;2.3859;2.5872;4.1681;1.0855;4.4862;4.8053;2.2756;0.1724
20260108;3.5639;2.4026;2.5818;4.1687;1.0830;4.4810;4.8121;2.2785;0.1718
20260109;3.5762;2.3925;2.5804;4.1715;1.0840;4.4811;4.8050;2.2781;0.1719
20260112;3.5831;2.3940;2.5813;4.1697;1.0806;4.4744;4.8063;2.2687;0.1718
20260113;3.5717;2.3964;2.5727;4.1705;1.0777;4.4798;4.8122;2.2614;0.1717
20260114;3.5736;2.3936;2.5751;4.1681;1.0786;4.4746;4.8097;2.2487;0.1721
20260115;3.5753;2.3898;2.5768;4.1674;1.0781;4.4705;4.8111;2.2599;0.1721
20260116;3.5963;2.4039;2.5857;4.1721;1.0814;4.4743;4.8087;2.2655;0.1718
20260119;3.5998;2.4070;2.5889;4.1825;1.0849;4.4917;4.8235;2.2796;0.1722
20260120;3.5932;2.4107;2.5910;4.1825;1.0849;4.5096;4.8224;2.2755;0.1722
20260121;3.5709;2.4046;2.5808;4.1849;1.0860;4.5103;4.8056;2.2595;0.1721
20260122;3.5646;2.4142;2.5834;4.1793;1.0861;4.5008;4.7944;2.2543;0.1717
20260123;3.5506;2.4190;2.5711;4.1612;1.0881;4.4830;4.7742;2.2384;0.1713
20260126;3.5454;2.4334;2.5781;4.1645;1.0902;4.4865;4.7989;2.2402;0.1716
20260127;3.5022;2.4304;2.5586;4.1603;1.0911;4.5157;4.7949;2.2779;0.1716
20260128;3.4809;2.4229;2.5521;4.1578;1.0942;4.5280;4.7926;2.2719;0.1714
20260129;3.4801;2.4358;2.5678;4.1633;1.0921;4.5305;4.7981;2.2771;0.1713
20260130;3.4796;2.4567;2.5770;4.1652;1.0928;4.5432;4.8114;2.2732;0.1712
20260202;3.4979;2.4530;2.5864;4.1649;1.0937;4.5496;4.8058;2.2646;0.1712
20260203;3.5341;2.4600;2.5882;4.1782;1.0964;4.5371;4.8306;2.2756;0.1719
20260204;3.5429;2.4771;2.5917;4.1774;1.0971;4.5589;4.8425;2.2729;0.1718
20260205;3.5317;2.4771;2.5847;4.1728;1.0977;4.5502;4.8344;2.2574;0.1712
20260206;3.5397;2.4672;2.5918;4.1764;1.1033;4.5580;4.7919;2.2564;0.1722
20260209;3.5318;2.4756;2.5913;4.1749;1.1051;4.5533;4.8063;2.2515;0.1723
20260210;3.4976;2.4765;2.5755;4.1686;1.1061;4.5566;4.7720;2.2475;0.1721
